age,dependents,work_experience,monthly_income,annual_income,existing_loans,existing_emi,savings,assets,cibil_score,loan_amount,interest_rate,loan_tenure,dti_ratio,loan_to_income_ratio,gender,marital_status,education,occupation,loan_type,default,gender_enc,marital_enc,education_enc,occupation_enc,loan_type_enc
59,3,5.688577100994948,15356.91,184282.92,3,939.18,115722.32,401826.82,482,322236.09,7.26,24,0.0612,1.7486,Female,Single,PhD,Business,Gold Loan,1,0,2,2,0,3
49,3,29.56219216583495,19256.43,231077.16,3,2824.18,345234.72,699533.26,605,546248.79,10.74,240,0.1467,2.3639,Female,Single,High School,Salaried,Vehicle Loan,0,0,2,1,2,6
35,1,16.21813320774207,28021.46,336257.47,4,3623.53,567185.86,624146.38,371,542403.18,10.7,240,0.1293,1.6131,Female,Single,PhD,Self-employed,Gold Loan,1,0,2,2,3,3
63,2,5.715621121729683,92852.9,1114234.85,3,38948.64,1621635.18,3067656.94,518,211269.92,12.91,48,0.4195,0.1896,Female,Married,High School,Salaried,Education Loan,1,0,1,1,2,2
28,2,4.974144901345125,31318.04,375816.49,4,3030.29,492311.84,1822091.82,472,149303.21,13.64,48,0.0968,0.3973,Female,Divorced,Post Graduate,Self-employed,Agricultural Loan,1,0,0,3,3,0
41,4,25.849949079780178,27415.36,328984.3,2,11081.94,171134.03,805202.61,571,991211.63,10.77,84,0.4042,3.0129,Female,Divorced,High School,Government,Vehicle Loan,1,0,0,1,1,6
59,0,17.995379014124143,13305.19,159662.23,2,5281.89,274279.63,626348.99,767,520845.4,13.51,240,0.397,3.2622,Male,Divorced,Post Graduate,Salaried,Home Loan,0,1,0,3,2,4
39,0,3.4511476284529783,24489.24,293870.88,1,6108.63,446738.25,2011580.71,568,887238.43,12.08,180,0.2494,3.0191,Male,Married,High School,Business,Agricultural Loan,1,1,1,1,0,0
43,0,26.607242656687802,17330.76,207969.11,0,2026.34,223520.15,576591.01,319,258765.36,8.85,36,0.1169,1.2442,Female,Single,High School,Government,Business Loan,1,0,2,1,1,1
31,3,13.317150170418625,19892.38,238708.58,1,2256.75,253956.46,567106.36,877,228764.7,13.5,84,0.1134,0.9583,Male,Divorced,Post Graduate,Business,Gold Loan,0,1,0,3,0,3
31,4,29.680718163911745,39025.49,468305.93,2,9071.96,549907.44,1669176.39,802,196915.59,11.67,120,0.2325,0.4205,Male,Single,Graduate,Business,Personal Loan,0,1,2,0,0,5
44,3,8.45280983057663,28546.84,342562.06,3,125.73,572374.31,1584958.24,446,382848.24,9.9,84,0.0044,1.1176,Male,Divorced,PhD,Self-employed,Gold Loan,1,1,0,2,3,3
56,1,15.86451694344618,100679.42,1208153.02,0,26748.04,1819475.39,8470020.88,728,532829.64,11.76,36,0.2657,0.441,Female,Married,Graduate,Business,Vehicle Loan,0,0,1,0,0,6
60,4,5.193008421978922,69341.72,832100.64,0,33033.69,1434932.23,4122600.18,464,286341.41,9.81,240,0.4764,0.3441,Male,Divorced,High School,Student,Gold Loan,1,1,0,1,4,3
44,4,13.191179360699662,25201.77,302421.28,1,1949.44,319243.56,673393.7,609,1547048.79,7.8,48,0.0774,5.1155,Male,Divorced,PhD,Business,Vehicle Loan,0,1,0,2,0,6
23,4,5.296126470280065,20950.32,251403.86,0,6005.89,321942.1,1406971.41,817,264681.31,12.03,24,0.2867,1.0528,Female,Single,PhD,Salaried,Education Loan,0,0,2,2,2,2
42,1,9.216932595567949,83248.48,998981.77,2,40033.31,1719509.99,8588949.05,313,539844.77,12.77,240,0.4809,0.5404,Male,Single,PhD,Self-employed,Education Loan,1,1,2,2,3,2
22,4,8.09597213459906,98324.2,1179890.44,3,42305.08,623705.95,2240779.45,431,218286.9,12.1,36,0.4303,0.185,Female,Divorced,PhD,Self-employed,Business Loan,1,0,0,2,3,1
44,1,8.49281796771576,10000.0,120000.0,1,4251.9,112124.76,224456.44,738,258203.68,8.6,84,0.4252,2.1517,Male,Married,Post Graduate,Student,Home Loan,0,1,1,3,4,4
64,0,29.094789341739936,38396.23,460754.77,3,15777.97,586502.48,1146765.02,562,412887.29,13.7,60,0.4109,0.8961,Male,Married,Graduate,Self-employed,Personal Loan,1,1,1,0,3,5
50,4,1.1533945736454931,31221.84,374662.04,1,4824.14,688390.41,847289.36,524,227269.35,7.18,24,0.1545,0.6066,Male,Single,Graduate,Self-employed,Business Loan,0,1,2,0,3,1
58,3,14.90584576120229,53608.99,643307.9,4,23872.54,73134.9,95746.18,557,475219.63,9.33,12,0.4453,0.7387,Male,Divorced,Post Graduate,Government,Education Loan,1,1,0,3,1,2
22,2,18.877374127929844,116494.68,1397936.14,0,54830.57,686058.44,3196985.94,533,629197.66,8.82,240,0.4707,0.4501,Male,Divorced,Graduate,Government,Home Loan,1,1,0,0,1,4
41,1,19.82284123332015,27161.77,325941.25,4,6733.3,173627.86,240639.27,635,1060975.73,7.34,36,0.2479,3.2551,Female,Divorced,High School,Government,Personal Loan,0,0,0,1,1,5
53,0,22.63637064398955,10546.83,126561.99,0,1869.8,89775.61,263704.66,708,186479.7,9.84,120,0.1773,1.4734,Male,Married,PhD,Student,Home Loan,0,1,1,2,4,4
32,0,22.82896224679138,51400.57,616806.89,4,10645.8,384532.44,1458334.32,323,505990.84,11.36,240,0.2071,0.8203,Female,Married,High School,Self-employed,Education Loan,1,0,1,1,3,2
42,2,28.665089473078808,83615.02,1003380.23,3,13972.34,1218537.74,5363295.31,570,421022.48,13.18,240,0.1671,0.4196,Female,Divorced,High School,Self-employed,Business Loan,1,0,0,1,3,1
64,4,22.67003863811129,30264.91,363178.88,2,3214.41,646738.85,1089809.16,394,100856.6,13.93,84,0.1062,0.2777,Female,Divorced,Graduate,Self-employed,Personal Loan,0,0,0,0,3,5
45,3,24.710677475194846,23788.97,285467.7,1,7356.13,372309.12,1024265.1,441,179327.73,12.66,180,0.3092,0.6282,Female,Married,Post Graduate,Business,Education Loan,1,0,1,3,0,2
47,2,15.969462457578615,27935.24,335222.91,0,7858.14,183118.61,367321.43,380,646907.0,10.28,240,0.2813,1.9298,Male,Single,Post Graduate,Self-employed,Vehicle Loan,0,1,2,3,3,6
62,4,19.730200314699715,60483.34,725800.07,1,13989.34,1262064.44,2553525.34,573,149922.62,12.07,36,0.2313,0.2066,Female,Divorced,High School,Self-employed,Business Loan,0,0,0,1,3,1
48,4,14.343729504815828,27648.41,331780.9,2,1324.99,429574.79,951661.61,575,417176.06,12.91,84,0.0479,1.2574,Female,Married,PhD,Salaried,Personal Loan,0,0,1,2,2,5
36,1,8.292511404133007,44234.32,530811.81,4,17625.01,267004.04,894053.65,764,80987.17,10.26,60,0.3984,0.1526,Male,Single,High School,Salaried,Home Loan,0,1,2,1,2,4
35,3,9.401492408882,36926.39,443116.68,3,3229.83,344092.3,366909.02,507,407435.58,12.5,120,0.0875,0.9195,Male,Married,PhD,Self-employed,Vehicle Loan,1,1,1,2,3,6
64,3,10.81598230035561,34709.62,416515.47,1,1988.2,665355.37,1753254.74,595,85578.8,10.38,120,0.0573,0.2055,Female,Divorced,PhD,Business,Home Loan,1,0,0,2,0,4
23,1,10.219300436566298,55313.67,663764.07,4,17232.18,995392.61,1739269.95,338,272757.16,9.71,240,0.3115,0.4109,Female,Married,High School,Business,Education Loan,1,0,1,1,0,2
57,4,15.99483187760727,27251.18,327014.15,0,5431.76,388639.81,1892082.83,587,311703.91,10.68,12,0.1993,0.9532,Male,Divorced,High School,Student,Agricultural Loan,0,1,0,1,4,0
27,4,7.428951759198065,28047.31,336567.74,1,838.73,121435.11,404490.24,423,488170.72,11.73,84,0.0299,1.4504,Female,Married,Graduate,Student,Education Loan,0,0,1,0,4,2
41,3,15.499263405952625,58604.2,703250.45,1,10418.9,1141355.19,5104576.25,582,361478.96,12.09,60,0.1778,0.514,Female,Married,PhD,Self-employed,Vehicle Loan,0,0,1,2,3,6
29,3,27.487239334824675,20087.34,241048.02,0,7751.51,162174.66,289118.49,479,164600.99,9.5,48,0.3859,0.6829,Female,Divorced,High School,Government,Vehicle Loan,1,0,0,1,1,6
59,3,12.178914865861167,21415.45,256985.4,2,6587.92,401470.14,1702258.59,396,167080.0,11.0,12,0.3076,0.6502,Female,Divorced,Graduate,Business,Personal Loan,1,0,0,0,0,5
38,3,6.67938193384588,17048.4,204580.76,4,3092.46,270967.66,720538.2,490,121626.86,13.37,48,0.1814,0.5945,Male,Divorced,PhD,Government,Home Loan,1,1,0,2,1,4
24,4,10.405676869097098,60440.01,725280.1,1,5796.34,427668.45,731646.1,373,521877.62,13.83,120,0.0959,0.7196,Male,Married,High School,Student,Gold Loan,1,1,1,1,4,3
45,3,26.30661883513169,34093.36,409120.28,4,10770.02,200622.09,811512.51,746,503773.76,8.59,48,0.3159,1.2314,Male,Divorced,PhD,Business,Education Loan,0,1,0,2,0,2
34,4,28.250937702615147,16511.81,198141.67,3,7327.57,66227.67,268092.54,796,755795.84,8.35,12,0.4438,3.8144,Female,Married,PhD,Government,Gold Loan,1,0,1,2,1,3
29,1,26.60060679505184,60614.24,727370.89,4,19586.67,397918.15,1983045.65,860,296524.96,11.74,12,0.3231,0.4077,Male,Single,Post Graduate,Self-employed,Gold Loan,0,1,2,3,3,3
46,0,8.620428340638702,26021.4,312256.85,4,10576.45,120480.86,496832.82,783,110472.87,9.9,12,0.4065,0.3538,Male,Married,Graduate,Government,Vehicle Loan,0,1,1,0,1,6
22,1,11.635365410137213,21525.49,258305.9,0,5613.07,327019.11,517039.77,415,343588.69,7.17,60,0.2608,1.3302,Female,Divorced,Post Graduate,Student,Agricultural Loan,1,0,0,3,4,0
40,1,29.248014736013253,32292.58,387511.0,4,11592.57,477026.42,1092475.87,834,446340.59,9.43,120,0.359,1.1518,Female,Single,Post Graduate,Business,Home Loan,0,0,2,3,0,4
48,2,9.715569320030301,88188.7,1058264.45,2,39518.54,1277145.06,3584828.26,397,174242.07,12.65,240,0.4481,0.1646,Female,Single,Post Graduate,Business,Gold Loan,1,0,2,3,0,3
27,1,4.1357965378422055,28653.27,343839.18,4,11077.05,451674.76,680498.26,627,187987.03,12.58,180,0.3866,0.5467,Female,Single,High School,Business,Home Loan,0,0,2,1,0,4
64,2,8.46282612933205,51287.55,615450.6,3,23332.09,1012418.51,4203719.51,706,634592.58,10.46,24,0.4549,1.0311,Male,Divorced,Post Graduate,Self-employed,Vehicle Loan,0,1,0,3,3,6
28,2,28.919325763198092,56176.17,674114.1,4,12109.89,1236533.8,3841655.99,612,479499.07,10.31,240,0.2156,0.7113,Female,Single,Post Graduate,Business,Agricultural Loan,0,0,2,3,0,0
55,2,12.47626351451942,47380.4,568564.83,0,21421.16,298431.98,1425847.78,447,1095033.53,11.06,48,0.4521,1.926,Female,Divorced,PhD,Government,Business Loan,1,0,0,2,1,1
34,1,28.016458197900146,77858.08,934296.99,3,24197.02,1130406.96,3795039.06,641,1754475.74,8.54,60,0.3108,1.8779,Male,Single,Post Graduate,Salaried,Business Loan,0,1,2,3,2,1
37,0,3.122466432946469,23759.33,285111.91,0,10335.89,66567.29,205799.19,794,132953.28,10.68,60,0.435,0.4663,Male,Single,PhD,Salaried,Business Loan,0,1,2,2,2,1
56,2,22.98166716641303,19418.84,233026.1,2,382.32,73078.46,93957.02,322,316445.36,7.08,48,0.0197,1.358,Male,Single,Graduate,Self-employed,Business Loan,1,1,2,0,3,1
60,3,2.800301918434538,19191.45,230297.37,2,6312.57,308018.97,492024.46,404,488408.57,10.33,84,0.3289,2.1208,Male,Single,PhD,Government,Gold Loan,1,1,2,2,1,3
24,3,5.9248717408885625,33300.21,399602.51,0,14118.87,405974.6,1785518.64,878,591761.36,9.35,12,0.424,1.4809,Female,Single,High School,Self-employed,Gold Loan,0,0,2,1,3,3
22,4,18.48306724035348,20573.77,246885.18,2,1792.0,379413.93,1882918.99,857,997198.32,11.72,24,0.0871,4.0391,Male,Married,Post Graduate,Salaried,Education Loan,0,1,1,3,2,2
26,3,13.034344856980152,39676.9,476122.85,0,13128.83,428136.89,1139150.92,892,792462.11,11.47,48,0.3309,1.6644,Male,Single,High School,Business,Agricultural Loan,0,1,2,1,0,0
62,3,20.000227585314992,38032.38,456388.5,1,15687.49,149648.4,634560.73,521,1099915.69,9.67,48,0.4125,2.41,Male,Married,Graduate,Salaried,Agricultural Loan,1,1,1,0,2,0
24,2,29.202188761400084,66912.69,802952.33,4,9633.73,1408996.27,4946060.28,314,464672.51,7.05,180,0.144,0.5787,Male,Divorced,High School,Salaried,Gold Loan,1,1,0,1,2,3
49,1,1.5814118017047785,43247.15,518965.78,1,8762.87,125695.02,607890.92,377,267586.19,8.77,240,0.2026,0.5156,Male,Divorced,PhD,Salaried,Personal Loan,0,1,0,2,2,5
38,3,5.748800158634437,28291.28,339495.35,2,8056.19,151250.46,295323.93,621,2105293.02,11.43,48,0.2848,6.2012,Male,Single,Post Graduate,Self-employed,Vehicle Loan,0,1,2,3,3,6
46,1,19.20671767616917,46467.55,557610.61,0,12062.23,342487.59,1088885.53,540,500148.41,7.51,84,0.2596,0.8969,Female,Divorced,PhD,Student,Personal Loan,1,0,0,2,4,5
64,0,26.89579350571194,19572.55,234870.66,0,383.52,467616.79,1232255.94,317,364587.56,7.75,48,0.0196,1.5523,Female,Single,High School,Self-employed,Business Loan,1,0,2,1,3,1
54,3,23.929437301315463,35493.88,425926.57,0,1751.13,375801.25,1190111.43,753,187629.5,11.53,48,0.0493,0.4405,Male,Married,PhD,Student,Gold Loan,0,1,1,2,4,3
30,0,13.967474566502009,43986.62,527839.42,0,2209.59,551561.24,1144728.03,742,502612.48,12.29,240,0.0502,0.9522,Male,Divorced,High School,Self-employed,Gold Loan,0,1,0,1,3,3
56,0,22.364240252533126,39245.44,470945.29,4,5146.41,734008.47,2195408.07,576,988152.21,9.25,48,0.1311,2.0982,Male,Single,High School,Salaried,Personal Loan,1,1,2,1,2,5
34,4,6.2429268309942945,46585.24,559022.89,3,5726.82,728479.43,2549107.31,723,296448.17,10.43,84,0.1229,0.5303,Female,Single,High School,Business,Agricultural Loan,0,0,2,1,0,0
51,1,0.41191774722875385,24675.65,296107.85,1,9157.41,502215.6,665367.14,775,397637.62,13.62,240,0.3711,1.3429,Male,Divorced,High School,Government,Education Loan,0,1,0,1,1,2
35,1,17.100499509762443,72491.08,869893.0,2,20759.43,883519.11,3509292.88,326,540000.4,13.62,36,0.2864,0.6208,Male,Divorced,Graduate,Student,Education Loan,1,1,0,0,4,2
28,4,24.397340129781682,108369.44,1300433.23,0,41395.83,2531519.43,9685825.85,813,645473.75,9.15,120,0.382,0.4964,Male,Divorced,Post Graduate,Self-employed,Personal Loan,0,1,0,3,3,5
34,2,13.003306181409776,13882.64,166591.66,1,485.17,268305.37,1213231.39,763,359378.67,12.67,120,0.0349,2.1572,Male,Single,PhD,Business,Personal Loan,0,1,2,2,0,5
43,4,17.077463113462613,17511.99,210143.91,3,4248.53,179172.27,484379.0,662,322904.74,11.16,12,0.2426,1.5366,Male,Single,PhD,Government,Vehicle Loan,0,1,2,2,1,6
60,4,12.66543583921379,37266.49,447197.88,1,6032.99,364065.73,453872.2,682,294016.27,13.83,24,0.1619,0.6575,Female,Single,PhD,Business,Education Loan,0,0,2,2,0,2
41,4,15.421136996161028,31134.43,373613.1,2,13231.19,696735.43,1982800.71,824,182539.69,10.34,60,0.425,0.4886,Male,Married,High School,Student,Business Loan,0,1,1,1,4,1
36,0,26.530387913547504,113306.0,1359672.06,0,40098.38,1896919.23,2941053.17,681,238913.67,12.42,180,0.3539,0.1757,Female,Single,High School,Student,Agricultural Loan,0,0,2,1,4,0
38,1,14.3442032790817,41434.56,497214.72,2,18008.67,633657.63,2274696.09,483,233829.29,12.38,84,0.4346,0.4703,Male,Single,Post Graduate,Government,Home Loan,1,1,2,3,1,4
44,2,0.2242675940570915,83744.62,1004935.38,0,1944.01,1543422.02,1834397.35,493,128831.2,10.48,120,0.0232,0.1282,Male,Single,Post Graduate,Government,Business Loan,1,1,2,3,1,1
46,3,23.995459270114523,10620.33,127444.0,3,3827.69,147613.9,368442.18,761,979067.37,12.57,36,0.3604,7.6823,Female,Divorced,Post Graduate,Student,Gold Loan,0,0,0,3,4,3
45,3,18.53152024207518,59189.63,710275.6,2,15981.45,275873.16,367289.69,355,589868.08,8.83,84,0.27,0.8305,Female,Single,PhD,Student,Gold Loan,1,0,2,2,4,3
61,3,21.91180010806787,23639.87,283678.42,1,9751.45,197202.73,199858.21,529,495727.52,7.86,240,0.4125,1.7475,Male,Married,Post Graduate,Salaried,Personal Loan,1,1,1,3,2,5
49,2,27.032616190219308,23413.65,280963.8,3,5937.24,323874.74,1568275.63,788,1256245.9,9.98,36,0.2536,4.4712,Male,Married,High School,Government,Business Loan,0,1,1,1,1,1
35,3,8.58642708691412,31287.85,375454.22,2,8450.99,44361.79,221121.76,327,785658.82,13.61,84,0.2701,2.0926,Female,Divorced,Post Graduate,Government,Home Loan,0,0,0,3,1,4
21,2,15.092097638008967,15448.23,185378.78,0,399.86,170843.02,550458.22,882,235227.28,10.51,120,0.0259,1.2689,Female,Married,Graduate,Student,Education Loan,0,0,1,0,4,2
45,3,18.07450648037636,47366.54,568398.46,3,15832.81,870761.16,1703055.05,483,1131113.21,11.45,60,0.3343,1.99,Female,Married,High School,Self-employed,Agricultural Loan,1,0,1,1,3,0
27,3,10.361734934870466,40718.14,488617.68,0,5560.87,194526.11,903456.34,724,963000.5,11.37,180,0.1366,1.9709,Female,Single,Graduate,Salaried,Education Loan,0,0,2,0,2,2
29,2,25.382014570614626,42604.51,511254.1,4,419.52,105866.06,496739.06,674,180893.31,7.93,180,0.0098,0.3538,Male,Single,Post Graduate,Self-employed,Education Loan,0,1,2,3,3,2
44,1,20.926985396995747,61834.62,742015.39,1,2054.06,1250832.05,5526220.49,340,910933.21,9.73,84,0.0332,1.2276,Male,Single,Graduate,Student,Business Loan,0,1,2,0,4,1
21,2,22.00222751439154,90117.46,1081409.54,0,43134.07,1369542.01,4351692.25,783,304431.18,11.95,120,0.4786,0.2815,Female,Single,High School,Salaried,Personal Loan,0,0,2,1,2,5
64,2,24.240218051297784,29195.6,350347.23,2,5051.97,147768.18,191922.59,559,982365.38,13.8,36,0.173,2.804,Male,Single,PhD,Salaried,Personal Loan,0,1,2,2,2,5
28,4,7.7425254393474985,48359.13,580309.6,4,20989.69,945179.97,1279542.77,740,337608.62,8.18,120,0.434,0.5818,Female,Married,High School,Student,Gold Loan,0,0,1,1,4,3
44,0,22.369253689949325,43295.02,519540.26,3,20774.62,698650.8,3204347.32,383,288754.99,9.87,120,0.4798,0.5558,Male,Single,High School,Business,Business Loan,1,1,2,1,0,1
31,0,23.214205786509016,45550.13,546601.53,2,21482.97,395591.16,1781468.6,345,313570.88,7.67,48,0.4716,0.5737,Female,Married,High School,Business,Gold Loan,1,0,1,1,0,3
37,1,25.27177639953101,45961.46,551537.58,3,20262.69,443643.69,1214514.09,739,203264.92,8.7,48,0.4409,0.3685,Male,Divorced,Graduate,Government,Education Loan,0,1,0,0,1,2
28,1,14.656134915050732,94306.18,1131674.17,4,42194.66,432434.18,1000055.27,818,135362.95,9.64,36,0.4474,0.1196,Female,Married,High School,Student,Agricultural Loan,0,0,1,1,4,0
55,1,15.125688464812455,27562.02,330744.19,2,3982.82,557052.57,1992296.09,737,59922.18,10.78,120,0.1445,0.1812,Female,Single,High School,Student,Gold Loan,0,0,2,1,4,3
55,0,2.945346603035115,14538.54,174462.5,0,1101.08,184743.48,781086.51,435,190281.84,8.61,60,0.0757,1.0907,Female,Single,High School,Self-employed,Gold Loan,1,0,2,1,3,3
53,1,25.5636287645469,23891.45,286697.34,2,7636.45,329975.23,1295726.88,482,3629112.28,8.59,36,0.3196,12.6583,Female,Single,Post Graduate,Student,Education Loan,1,0,2,3,4,2
25,1,16.004645661379953,57202.92,686435.0,1,13960.53,1219584.14,4222702.46,471,648624.15,12.44,84,0.2441,0.9449,Male,Divorced,Graduate,Business,Personal Loan,0,1,0,0,0,5
62,2,17.833041649326553,36827.41,441928.93,0,1818.29,50236.42,96757.57,889,1965737.57,13.74,84,0.0494,4.4481,Female,Divorced,Post Graduate,Student,Gold Loan,0,0,0,3,4,3
59,2,3.643219694583677,27431.31,329175.74,1,9292.92,69654.42,142792.92,838,342984.15,9.27,84,0.3388,1.0419,Male,Married,High School,Self-employed,Personal Loan,0,1,1,1,3,5
61,0,18.054675957190046,19036.27,228435.3,2,5357.38,89781.1,349811.39,419,304170.23,11.82,24,0.2814,1.3315,Male,Married,Post Graduate,Government,Home Loan,1,1,1,3,1,4
48,2,1.259650502853178,41471.91,497662.95,2,17896.53,70123.6,295253.98,580,1746688.95,8.81,120,0.4315,3.5098,Female,Single,PhD,Salaried,Personal Loan,1,0,2,2,2,5
27,1,27.696262999219517,53460.79,641529.48,3,16283.72,862728.39,1263500.89,607,597559.98,13.5,120,0.3046,0.9315,Female,Single,High School,Government,Vehicle Loan,0,0,2,1,1,6
29,2,25.906124160077912,43631.0,523572.02,2,12520.92,679737.32,1188988.49,576,206030.52,11.71,48,0.287,0.3935,Male,Single,Post Graduate,Self-employed,Vehicle Loan,1,1,2,3,3,6
28,4,5.8295227089367385,31194.65,374335.77,0,6874.55,182440.14,679020.5,829,734051.15,12.62,84,0.2204,1.9609,Male,Married,High School,Student,Education Loan,0,1,1,1,4,2
32,2,17.814019981698955,39655.49,475865.92,1,9176.02,175925.58,449656.34,594,1203455.66,7.35,48,0.2314,2.529,Male,Single,PhD,Business,Vehicle Loan,0,1,2,2,0,6
54,0,18.0809736150859,39517.77,474213.27,4,18857.51,171931.87,559323.87,352,141167.45,11.19,48,0.4772,0.2977,Male,Married,High School,Student,Home Loan,1,1,1,1,4,4
53,1,24.102972441059183,40693.28,488319.32,1,2816.91,932875.15,3227057.52,731,641604.06,10.69,84,0.0692,1.3139,Female,Married,High School,Salaried,Agricultural Loan,0,0,1,1,2,0
43,1,22.70761088256914,17843.9,214126.81,3,3981.14,302464.9,1241562.1,351,148838.96,9.05,240,0.2231,0.6951,Male,Single,Post Graduate,Business,Agricultural Loan,1,1,2,3,0,0
44,0,29.797296467304577,40879.98,490559.8,4,13405.1,591323.36,2497080.36,371,1152454.14,8.84,120,0.3279,2.3493,Female,Single,High School,Government,Personal Loan,1,0,2,1,1,5
57,2,10.525220314037014,27879.37,334552.39,4,6036.03,234666.14,497582.57,327,532085.11,11.06,24,0.2165,1.5904,Male,Married,PhD,Self-employed,Agricultural Loan,1,1,1,2,3,0
55,1,3.738973554531806,67803.64,813643.68,2,9601.53,743127.46,2352137.31,768,732141.39,11.95,84,0.1416,0.8998,Male,Married,PhD,Government,Personal Loan,0,1,1,2,1,5
64,1,17.204151598551906,39330.33,471963.93,3,5650.93,120206.67,179600.27,846,371775.28,7.23,60,0.1437,0.7877,Male,Married,Post Graduate,Salaried,Business Loan,0,1,1,3,2,1
60,4,22.919750222001454,59951.28,719415.38,3,7003.99,1436282.43,6273768.79,700,106374.17,10.97,84,0.1168,0.1479,Female,Married,High School,Salaried,Gold Loan,0,0,1,1,2,3
42,0,8.573800569169212,30300.85,363610.25,2,5210.28,556534.74,2438619.34,500,310784.27,8.19,180,0.172,0.8547,Female,Divorced,Graduate,Student,Gold Loan,0,0,0,0,4,3
47,2,7.086191005739667,30963.73,371564.72,0,13495.15,473541.36,1040854.74,765,930866.94,7.98,180,0.4358,2.5053,Male,Single,High School,Student,Gold Loan,0,1,2,1,4,3
55,2,24.07363785839052,89014.16,1068169.93,2,22486.07,1292365.05,2122684.81,894,2180147.35,11.36,36,0.2526,2.041,Male,Married,Graduate,Student,Personal Loan,0,1,1,0,4,5
21,1,22.61166875175668,47183.57,566202.89,3,5667.66,594476.73,761148.46,859,554505.54,9.18,240,0.1201,0.9793,Male,Divorced,High School,Salaried,Personal Loan,0,1,0,1,2,5
55,3,6.101759032115598,23654.09,283849.07,4,4547.81,163705.95,540214.21,678,255484.73,10.09,84,0.1923,0.9001,Female,Divorced,PhD,Business,Business Loan,0,0,0,2,0,1
57,4,26.07811811985996,62204.63,746455.52,0,3291.57,386102.83,527305.42,476,679126.18,9.52,120,0.0529,0.9098,Male,Married,PhD,Government,Gold Loan,0,1,1,2,1,3
34,4,4.0418825177747735,26370.92,316451.04,3,11920.13,359679.48,1338863.47,351,866238.7,11.54,240,0.452,2.7374,Female,Divorced,High School,Government,Business Loan,1,0,0,1,1,1
23,4,3.277194758153783,41581.84,498982.12,3,8486.81,108720.67,403626.08,378,491984.75,10.29,120,0.2041,0.986,Female,Divorced,High School,Self-employed,Agricultural Loan,1,0,0,1,3,0
21,1,10.533217093754958,109316.74,1311800.83,2,53586.58,296557.54,1024887.93,684,468350.1,13.74,240,0.4902,0.357,Male,Divorced,PhD,Self-employed,Personal Loan,0,1,0,2,3,5
25,0,26.595977788759004,15386.27,184635.19,1,2673.66,213849.29,963656.66,875,524859.88,9.47,12,0.1738,2.8427,Male,Single,High School,Business,Agricultural Loan,0,1,2,1,0,0
46,0,20.863205059776305,32680.4,392164.82,3,13666.23,724056.43,1819642.71,307,458098.86,12.18,12,0.4182,1.1681,Female,Married,High School,Student,Home Loan,1,0,1,1,4,4
34,4,11.841557476537044,46395.74,556748.91,1,5947.59,1022017.14,4710557.06,513,561420.11,8.8,36,0.1282,1.0084,Female,Single,Post Graduate,Student,Gold Loan,0,0,2,3,4,3
59,3,4.717527703556166,57458.54,689502.53,0,2187.82,71768.65,82368.98,324,1908924.59,10.56,240,0.0381,2.7686,Male,Divorced,Post Graduate,Business,Vehicle Loan,1,1,0,3,0,6
47,3,21.404295381679333,17244.69,206936.3,4,273.62,59840.24,86829.85,749,86973.4,10.87,12,0.0159,0.4203,Female,Divorced,Post Graduate,Government,Gold Loan,0,0,0,3,1,3
29,2,17.97441658464938,14451.1,173413.2,1,4379.9,208251.73,551621.81,756,365578.18,9.3,12,0.3031,2.1081,Male,Divorced,Graduate,Student,Vehicle Loan,0,1,0,0,4,6
35,3,29.630487332073926,69874.05,838488.6,1,10885.46,1433462.05,4839327.85,760,209843.38,10.3,60,0.1558,0.2503,Male,Single,PhD,Government,Education Loan,0,1,2,2,1,2
35,4,22.966783854436347,23570.5,282845.97,1,5226.99,540997.8,611058.4,497,1137840.18,8.95,180,0.2218,4.0228,Female,Married,High School,Salaried,Agricultural Loan,1,0,1,1,2,0
46,2,3.0637186922541417,22985.77,275829.21,1,9408.62,477952.05,1562777.94,393,395258.11,7.04,24,0.4093,1.433,Male,Divorced,PhD,Self-employed,Agricultural Loan,1,1,0,2,3,0
62,4,21.846451782318933,92055.76,1104669.17,1,11419.89,1526754.25,3404040.99,736,692292.49,8.51,48,0.1241,0.6267,Female,Single,High School,Student,Vehicle Loan,0,0,2,1,4,6
33,0,7.723411365493508,37866.47,454397.68,0,5843.79,212509.56,966618.25,826,1385879.37,11.9,84,0.1543,3.0499,Female,Single,High School,Self-employed,Business Loan,0,0,2,1,3,1
52,4,28.85687096926253,38015.26,456183.12,3,16067.84,101511.92,318050.88,677,186314.67,12.4,12,0.4227,0.4084,Male,Single,PhD,Business,Home Loan,0,1,2,2,0,4
59,2,0.5782085242263224,32601.72,391220.64,4,8032.45,68230.93,228681.14,886,290101.43,8.96,48,0.2464,0.7415,Male,Single,Graduate,Salaried,Personal Loan,0,1,2,0,2,5
52,4,7.150517709538934,17424.12,209089.45,3,7210.67,262716.81,1256439.8,403,1276032.1,9.86,48,0.4138,6.1028,Female,Married,Graduate,Student,Agricultural Loan,1,0,1,0,4,0
24,1,14.969951295354747,54470.7,653648.37,0,10198.98,99808.72,404892.46,338,180439.31,7.26,240,0.1872,0.276,Female,Divorced,Graduate,Student,Business Loan,1,0,0,0,4,1
50,2,2.372052013615783,46428.57,557142.86,0,9247.87,835831.24,2301121.19,757,298037.83,8.66,240,0.1992,0.5349,Male,Divorced,Graduate,Government,Business Loan,0,1,0,0,1,1
57,3,10.321885030325955,40183.62,482203.47,1,3358.11,698665.69,2031383.4,663,122972.45,12.45,84,0.0836,0.255,Female,Married,Post Graduate,Self-employed,Home Loan,0,0,1,3,3,4
43,0,14.917049196357704,33867.33,406407.99,0,15517.09,95880.08,344372.03,434,1316767.83,11.24,180,0.4582,3.24,Female,Divorced,PhD,Salaried,Education Loan,1,0,0,2,2,2
59,3,13.407997581201027,30473.36,365680.35,0,13664.01,665913.49,1199174.93,673,277896.15,8.44,48,0.4484,0.7599,Male,Single,Graduate,Government,Business Loan,0,1,2,0,1,1
35,4,13.817556752022021,62786.17,753433.99,1,30897.61,816494.76,1106026.54,531,585914.04,8.8,180,0.4921,0.7777,Female,Divorced,Graduate,Salaried,Home Loan,1,0,0,0,2,4
63,3,26.370691558180617,33363.71,400364.56,0,6713.57,727398.58,1632970.59,338,759780.05,12.72,36,0.2012,1.8977,Male,Single,Graduate,Salaried,Agricultural Loan,0,1,2,0,2,0
49,2,15.158726206959539,34946.14,419353.71,0,14303.72,759625.4,3124742.77,346,232677.93,8.46,24,0.4093,0.5548,Male,Married,Graduate,Business,Home Loan,1,1,1,0,0,4
56,1,28.23140552477691,49907.97,598895.58,0,10354.75,276080.06,560247.93,335,96451.92,9.34,84,0.2075,0.161,Female,Divorced,Post Graduate,Business,Agricultural Loan,0,0,0,3,0,0
33,3,4.431950422922362,41141.66,493699.94,2,9345.3,401266.37,611143.45,394,371174.92,11.65,60,0.2271,0.7518,Male,Divorced,High School,Government,Education Loan,0,1,0,1,1,2
52,4,8.407682625181032,97281.65,1167379.77,3,40371.85,398505.09,747631.58,660,366347.56,10.93,180,0.415,0.3138,Male,Married,Graduate,Government,Home Loan,0,1,1,0,1,4
27,3,19.695473255818012,12621.79,151461.48,2,1119.34,237598.81,882891.42,824,421509.34,10.23,12,0.0887,2.7829,Female,Single,Post Graduate,Government,Education Loan,0,0,2,3,1,2
42,3,8.493677457068443,43475.14,521701.63,3,4789.02,547563.82,1892266.78,445,423375.01,13.3,36,0.1102,0.8115,Male,Divorced,Post Graduate,Salaried,Personal Loan,1,1,0,3,2,5
48,2,10.418282082421547,23780.86,285370.38,1,3742.25,531801.35,1995988.74,667,296849.85,8.54,120,0.1574,1.0402,Female,Single,Post Graduate,Student,Agricultural Loan,0,0,2,3,4,0
22,4,27.03084594022773,20635.09,247621.02,1,8132.07,119455.48,273294.12,364,287785.35,12.19,48,0.3941,1.1622,Female,Divorced,High School,Business,Gold Loan,1,0,0,1,0,3
62,4,16.156775244150992,27605.26,331263.07,3,5143.57,464664.27,2139046.87,527,561385.34,8.11,60,0.1863,1.6947,Male,Married,PhD,Student,Personal Loan,1,1,1,2,4,5
26,1,10.039822678779514,37526.69,450320.26,3,6720.43,891350.67,2502093.93,819,228871.06,11.31,180,0.1791,0.5082,Female,Divorced,Graduate,Self-employed,Agricultural Loan,0,0,0,0,3,0
48,2,23.30135333672738,38539.6,462475.15,4,19246.99,628340.66,1919487.81,854,409929.82,13.09,12,0.4994,0.8864,Female,Single,High School,Business,Personal Loan,0,0,2,1,0,5
48,2,2.119942621506097,14612.26,175347.14,3,2804.14,37725.94,180904.64,480,281991.73,10.21,12,0.1919,1.6082,Female,Divorced,Post Graduate,Self-employed,Personal Loan,1,0,0,3,3,5
64,0,16.90987830618638,26248.12,314977.46,3,3251.76,381483.9,1875797.94,800,560443.77,12.07,120,0.1239,1.7793,Male,Married,High School,Self-employed,Home Loan,0,1,1,1,3,4
64,1,2.99009166439717,42990.44,515885.22,1,13396.11,220815.35,805130.51,896,1073957.55,12.74,240,0.3116,2.0818,Male,Single,PhD,Government,Agricultural Loan,0,1,2,2,1,0
40,1,5.3055240614809795,21457.76,257493.15,1,8603.27,36511.75,174498.9,454,1109591.2,7.95,48,0.4009,4.3092,Male,Married,Post Graduate,Salaried,Agricultural Loan,1,1,1,3,2,0
50,4,1.8733636286850996,18603.96,223247.5,0,647.49,161930.64,512677.19,834,1241005.75,11.94,180,0.0348,5.5589,Female,Single,PhD,Student,Personal Loan,0,0,2,2,4,5
31,4,27.050490863484015,10000.0,120000.0,0,3094.46,71203.94,158722.96,734,338651.14,13.44,120,0.3094,2.8221,Female,Single,PhD,Self-employed,Education Loan,0,0,2,2,3,2
48,1,1.4461337630350957,24393.79,292725.5,1,435.86,466939.39,1055456.45,398,362203.83,11.03,24,0.0179,1.2373,Female,Divorced,Post Graduate,Government,Education Loan,1,0,0,3,1,2
45,2,15.492493438205612,18219.04,218628.48,0,4794.64,174805.36,565628.59,671,160305.74,8.3,60,0.2632,0.7332,Male,Married,Graduate,Salaried,Business Loan,0,1,1,0,2,1
59,0,6.749322059522966,20123.43,241481.2,2,2585.78,359365.32,1229081.33,862,336367.9,7.89,240,0.1285,1.3929,Male,Married,PhD,Business,Business Loan,0,1,1,2,0,1
53,4,11.507659010916829,30850.49,370205.85,2,4730.02,42373.05,116884.7,661,346116.17,8.82,240,0.1533,0.9349,Female,Divorced,Post Graduate,Self-employed,Education Loan,0,0,0,3,3,2
21,0,14.809685540394916,25339.07,304068.82,0,5917.89,33971.56,154063.94,411,270028.26,7.72,36,0.2335,0.888,Female,Single,High School,Government,Business Loan,1,0,2,1,1,1
47,1,13.501804238513257,18038.38,216460.62,0,8361.76,30200.04,81744.99,752,269026.59,10.59,36,0.4636,1.2428,Female,Divorced,High School,Government,Education Loan,0,0,0,1,1,2
33,2,22.442615696153155,10203.59,122443.1,3,3625.68,61683.2,129145.79,468,113759.45,7.49,24,0.3553,0.9291,Male,Married,PhD,Government,Business Loan,1,1,1,2,1,1
61,0,27.356499787683777,43537.89,522454.63,3,20394.14,418038.55,431385.48,883,151216.81,8.56,120,0.4684,0.2894,Male,Single,Post Graduate,Business,Personal Loan,0,1,2,3,0,5
23,3,9.008166422540965,57050.74,684608.88,2,18825.92,854645.96,4172618.4,438,458463.0,10.08,84,0.33,0.6697,Male,Married,PhD,Salaried,Vehicle Loan,1,1,1,2,2,6
59,1,0.7362149146817665,28622.63,343471.58,2,101.72,677669.99,2912119.49,530,472436.51,10.32,60,0.0036,1.3755,Female,Single,Graduate,Student,Business Loan,0,0,2,0,4,1
26,2,26.818363072194977,30962.58,371550.93,3,4111.6,283351.55,981030.61,538,651117.04,10.96,120,0.1328,1.7524,Male,Single,High School,Student,Gold Loan,1,1,2,1,4,3
28,1,29.363521970981825,36376.79,436521.52,3,16474.55,82944.72,358501.11,552,359649.21,11.94,48,0.4529,0.8239,Female,Divorced,Graduate,Self-employed,Vehicle Loan,1,0,0,0,3,6
47,1,13.000535231185935,93645.36,1123744.3,3,30127.84,513429.76,2177536.16,735,446557.47,7.33,60,0.3217,0.3974,Male,Married,PhD,Salaried,Home Loan,0,1,1,2,2,4
29,0,13.673666320476837,14176.99,170123.85,0,6958.4,306940.17,1451029.93,860,1203094.61,7.56,240,0.4908,7.0719,Male,Divorced,Graduate,Self-employed,Agricultural Loan,1,1,0,0,3,0
57,0,4.324683314588249,28319.51,339834.09,1,2208.41,483859.22,1231068.85,721,424080.82,7.43,240,0.078,1.2479,Male,Divorced,Graduate,Student,Agricultural Loan,0,1,0,0,4,0
53,3,14.265703502879552,12923.68,155084.11,2,1917.54,247806.55,797790.64,602,266824.04,9.96,48,0.1484,1.7205,Male,Divorced,PhD,Business,Personal Loan,0,1,0,2,0,5
62,4,9.100477079429215,45134.0,541607.97,4,8177.55,174030.77,242688.02,371,170628.11,7.29,84,0.1812,0.315,Female,Married,PhD,Salaried,Vehicle Loan,1,0,1,2,2,6
64,3,29.831402026084085,33310.4,399724.81,3,5438.89,136729.23,664676.55,562,837338.67,12.22,24,0.1633,2.0948,Female,Married,PhD,Salaried,Personal Loan,1,0,1,2,2,5
44,2,5.545438926199315,41019.19,492230.27,0,5168.24,146916.71,725843.24,521,113246.95,8.56,36,0.126,0.2301,Female,Single,Graduate,Self-employed,Education Loan,1,0,2,0,3,2
35,2,11.357601960373739,39810.0,477720.06,2,8827.19,824659.9,3427564.46,376,226220.42,13.57,240,0.2217,0.4735,Male,Single,Post Graduate,Self-employed,Home Loan,0,1,2,3,3,4
52,1,18.495059459958114,65803.28,789639.35,3,21132.66,383584.09,1080358.44,361,618383.11,10.4,84,0.3211,0.7831,Female,Single,Post Graduate,Business,Vehicle Loan,1,0,2,3,0,6
52,0,10.353706554671955,50155.32,601863.79,0,7805.59,792077.32,2365354.38,770,96255.12,10.12,180,0.1556,0.1599,Male,Single,Post Graduate,Salaried,Gold Loan,0,1,2,3,2,3
44,1,14.232706171560817,59772.73,717272.73,2,2381.94,769384.17,2109241.89,456,270632.25,12.46,60,0.0398,0.3773,Female,Divorced,Graduate,Student,Education Loan,0,0,0,0,4,2
61,4,29.20450899722629,19161.9,229942.79,2,6788.41,259087.43,563059.83,424,490575.27,11.99,24,0.3543,2.1335,Female,Single,High School,Student,Business Loan,1,0,2,1,4,1
32,1,15.242141281523946,74302.7,891632.36,4,17053.08,408294.3,1270271.19,460,325569.06,11.25,120,0.2295,0.3651,Male,Married,High School,Government,Agricultural Loan,1,1,1,1,1,0
59,2,27.309613154214528,23542.97,282515.59,4,6550.62,367521.24,446090.03,840,201561.31,13.55,84,0.2782,0.7135,Female,Single,PhD,Student,Education Loan,0,0,2,2,4,2
22,2,1.2924860623583834,24369.27,292431.26,2,5548.89,48526.83,241059.37,890,275197.57,9.96,24,0.2277,0.9411,Male,Married,Post Graduate,Government,Business Loan,0,1,1,3,1,1
23,3,3.5945503170550728,42723.55,512682.59,0,19019.62,1018950.76,2747295.6,834,850506.61,12.66,84,0.4452,1.6589,Female,Divorced,High School,Government,Business Loan,0,0,0,1,1,1
57,1,28.335347842593517,43527.62,522331.44,3,12160.42,70316.9,331155.1,405,1914758.21,9.66,180,0.2794,3.6658,Male,Divorced,Post Graduate,Self-employed,Home Loan,1,1,0,3,3,4
37,0,3.861933350642844,19089.35,229072.21,3,8812.38,41110.83,160212.45,430,494642.69,12.87,12,0.4616,2.1593,Male,Married,Graduate,Student,Business Loan,1,1,1,0,4,1
22,4,22.096535861731134,32729.51,392754.13,2,8355.44,277117.19,598509.86,656,90162.78,8.82,48,0.2553,0.2296,Female,Divorced,PhD,Government,Education Loan,0,0,0,2,1,2
22,4,13.380108124564483,88693.44,1064321.26,3,12975.33,1785166.82,3370770.69,301,696958.97,9.02,12,0.1463,0.6548,Female,Married,PhD,Student,Agricultural Loan,1,0,1,2,4,0
48,0,12.202449875998658,15047.97,180575.58,4,2674.34,104061.97,518509.78,532,322188.86,11.75,24,0.1777,1.7842,Male,Married,PhD,Student,Education Loan,1,1,1,2,4,2
43,4,19.77660792828236,88533.08,1062396.96,3,23112.86,1049515.87,4290951.31,668,184178.69,8.49,12,0.2611,0.1734,Male,Married,PhD,Student,Business Loan,0,1,1,2,4,1
57,0,21.828024757764837,31413.12,376957.44,1,8324.31,44401.77,88743.42,550,233230.28,8.6,84,0.265,0.6187,Male,Divorced,PhD,Business,Vehicle Loan,1,1,0,2,0,6
52,0,27.959078408571184,10000.0,120000.0,4,3436.69,28142.24,35734.46,407,241293.21,9.14,84,0.3437,2.0108,Female,Single,PhD,Government,Education Loan,1,0,2,2,1,2
53,3,7.706564666255834,15993.87,191926.47,4,1795.27,239639.7,907675.17,575,143103.28,11.75,12,0.1122,0.7456,Female,Divorced,PhD,Student,Agricultural Loan,1,0,0,2,4,0
21,1,20.942411329842496,20371.93,244463.22,2,6710.95,111439.47,246511.44,479,420645.19,13.23,48,0.3294,1.7207,Female,Divorced,Post Graduate,Self-employed,Home Loan,1,0,0,3,3,4
39,2,10.268574530179732,24975.3,299703.54,2,9722.73,423777.18,798956.98,592,1909815.96,11.72,48,0.3893,6.3724,Male,Divorced,High School,Business,Business Loan,1,1,0,1,0,1
22,2,21.528292346489323,34104.07,409248.85,3,11537.27,650159.91,2561467.29,883,183624.3,12.79,180,0.3383,0.4487,Male,Divorced,Post Graduate,Government,Personal Loan,0,1,0,3,1,5
64,1,4.263483777611315,10000.0,120000.0,3,2409.14,205576.87,764138.52,474,1863333.45,10.8,84,0.2409,15.5278,Male,Divorced,Post Graduate,Salaried,Home Loan,1,1,0,3,2,4
46,4,13.726276491915883,40622.71,487472.56,2,20142.38,165634.43,484588.5,422,522559.09,7.48,24,0.4958,1.072,Female,Single,High School,Government,Agricultural Loan,1,0,2,1,1,0
52,0,5.508891830289704,19282.35,231388.26,0,3902.88,221297.74,1055728.23,526,410726.23,7.7,60,0.2024,1.7751,Female,Single,Post Graduate,Business,Home Loan,1,0,2,3,0,4
26,2,10.093386893180318,83643.04,1003716.52,3,4457.78,1905628.87,7086182.84,743,341954.19,10.88,48,0.0533,0.3407,Male,Married,PhD,Self-employed,Personal Loan,0,1,1,2,3,5
52,3,21.46888222387416,30880.93,370571.1,0,12684.41,579261.97,2649357.88,727,232137.39,9.29,48,0.4108,0.6264,Male,Single,Post Graduate,Business,Vehicle Loan,0,1,2,3,0,6
24,4,7.000495484278964,63940.47,767285.59,4,6784.12,235945.99,415786.81,382,558763.78,8.54,180,0.1061,0.7282,Male,Divorced,PhD,Student,Gold Loan,1,1,0,2,4,3
31,3,20.546517114509633,70700.6,848407.24,1,25214.86,887823.23,1941299.74,364,671710.85,10.26,60,0.3566,0.7917,Female,Married,High School,Business,Agricultural Loan,1,0,1,1,0,0
37,2,14.878205821424608,69561.32,834735.84,0,6224.91,1545287.57,2191342.22,580,63569.28,11.67,36,0.0895,0.0762,Female,Divorced,Post Graduate,Salaried,Business Loan,0,0,0,3,2,1
58,1,2.761096711698392,25852.33,310227.94,3,218.16,287500.97,637769.14,690,3383531.93,9.69,48,0.0084,10.9066,Female,Married,Graduate,Salaried,Business Loan,0,0,1,0,2,1
44,1,11.600840556484021,25654.64,307855.73,2,2049.79,519778.62,2540217.01,727,103902.78,12.62,12,0.0799,0.3375,Female,Divorced,Post Graduate,Student,Gold Loan,0,0,0,3,4,3
25,3,26.07618608880755,31729.94,380759.29,2,5980.91,393591.06,1909477.48,406,291308.16,12.17,84,0.1885,0.7651,Female,Married,High School,Student,Home Loan,0,0,1,1,4,4
54,4,29.678726938690414,53196.21,638354.52,1,2835.84,183881.67,743166.11,847,57146.29,12.14,48,0.0533,0.0895,Male,Married,Graduate,Salaried,Vehicle Loan,0,1,1,0,2,6
26,2,11.06763291953275,26731.1,320773.16,1,2642.09,117634.56,362807.68,561,357064.82,13.9,84,0.0988,1.1131,Male,Single,PhD,Self-employed,Agricultural Loan,0,1,2,2,3,0
42,0,1.6462419365609338,33807.65,405691.85,4,12925.11,70101.6,289037.26,458,305843.53,9.07,24,0.3823,0.7539,Male,Married,Graduate,Business,Agricultural Loan,1,1,1,0,0,0
31,1,3.9056332291832385,42794.13,513529.59,0,16473.25,235035.61,755392.17,564,293797.29,11.51,60,0.3849,0.5721,Female,Single,PhD,Salaried,Vehicle Loan,0,0,2,2,2,6
36,3,23.644452418333177,21100.77,253209.25,1,8624.82,454787.53,461170.03,767,564370.9,12.99,240,0.4087,2.2289,Female,Single,High School,Student,Vehicle Loan,0,0,2,1,4,6
53,2,19.673612195690353,20315.41,243784.93,4,8544.21,324123.34,974375.79,501,364015.1,11.06,180,0.4206,1.4932,Female,Single,PhD,Student,Vehicle Loan,1,0,2,2,4,6
29,4,8.550359976655239,33025.71,396308.54,4,6942.6,594255.06,2017908.2,454,680603.4,12.53,36,0.2102,1.7174,Female,Married,High School,Self-employed,Home Loan,1,0,1,1,3,4
26,0,11.73895688122241,35757.21,429086.56,4,15510.58,547021.48,1128501.72,312,164412.76,9.9,12,0.4338,0.3832,Male,Single,Post Graduate,Government,Business Loan,1,1,2,3,1,1
36,0,24.334506937367156,47114.27,565371.29,3,12389.57,465979.19,844901.47,596,470667.24,11.13,36,0.263,0.8325,Female,Single,Graduate,Student,Education Loan,1,0,2,0,4,2
49,1,12.393298408736046,54346.31,652155.69,1,12787.61,325415.15,681821.65,797,266906.91,7.39,180,0.2353,0.4093,Male,Married,Graduate,Self-employed,Business Loan,0,1,1,0,3,1
23,0,22.673196355082823,18780.27,225363.28,2,6747.15,418596.06,1462788.52,896,328972.17,13.9,36,0.3593,1.4597,Female,Married,Graduate,Salaried,Gold Loan,0,0,1,0,2,3
40,2,8.856171041506975,22309.08,267708.96,4,2385.05,286472.79,453846.37,544,549233.48,12.6,60,0.1069,2.0516,Male,Divorced,PhD,Government,Gold Loan,1,1,0,2,1,3
56,1,21.74435395784931,20283.21,243398.5,2,8006.77,244722.93,949846.35,599,295538.8,13.08,24,0.3947,1.2142,Female,Divorced,High School,Salaried,Business Loan,1,0,0,1,2,1
39,1,13.99192329316303,84750.63,1017007.54,3,18198.75,2026420.92,5452489.32,661,406714.77,11.86,12,0.2147,0.3999,Male,Married,Post Graduate,Self-employed,Personal Loan,0,1,1,3,3,5
46,1,16.360628449812147,33787.21,405446.54,0,2150.48,332141.46,801587.34,653,175712.37,8.3,60,0.0636,0.4334,Female,Single,High School,Salaried,Agricultural Loan,0,0,2,1,2,0
23,2,17.961993370511095,36668.65,440023.86,3,2187.5,757020.06,3201381.19,820,1062791.81,7.22,60,0.0597,2.4153,Male,Married,Graduate,Business,Home Loan,0,1,1,0,0,4
39,3,13.51724083499117,37596.44,451157.27,3,3099.95,783280.95,2368839.77,685,792347.41,13.05,84,0.0825,1.7563,Male,Married,PhD,Self-employed,Gold Loan,0,1,1,2,3,3
40,0,13.98406859091584,23637.7,283652.35,1,10525.54,150132.81,377374.17,611,479254.4,9.77,24,0.4453,1.6896,Male,Divorced,Post Graduate,Government,Agricultural Loan,0,1,0,3,1,0
52,0,7.971258620778721,92833.39,1114000.74,4,45996.06,295332.08,1332721.11,713,364350.64,8.85,240,0.4955,0.3271,Female,Divorced,Post Graduate,Student,Home Loan,0,0,0,3,4,4
27,3,29.572931343317013,46472.5,557669.99,3,8294.73,1089281.11,2693799.29,577,406973.24,10.93,24,0.1785,0.7298,Male,Married,PhD,Salaried,Business Loan,1,1,1,2,2,1
61,1,27.17445168146366,37188.48,446261.76,4,5432.19,401472.99,1780934.65,892,1044677.41,9.95,24,0.1461,2.341,Male,Single,High School,Self-employed,Home Loan,0,1,2,1,3,4
53,4,15.821484828563563,18710.61,224527.35,2,2046.67,19666.11,59328.63,655,748693.12,11.56,60,0.1094,3.3345,Male,Married,PhD,Salaried,Business Loan,0,1,1,2,2,1
60,2,1.0388823766946864,18085.04,217020.51,0,7449.38,225654.5,413405.44,824,1058830.4,10.39,240,0.4119,4.8789,Female,Married,Graduate,Self-employed,Vehicle Loan,0,0,1,0,3,6
59,1,5.052839125649652,30171.57,362058.88,0,3156.06,459932.7,1587353.19,315,336545.0,11.88,48,0.1046,0.9295,Female,Divorced,Graduate,Self-employed,Personal Loan,0,0,0,0,3,5
38,1,25.618056343083307,23861.1,286333.24,2,11024.9,449782.5,963116.62,344,651295.95,12.97,84,0.462,2.2746,Female,Single,Graduate,Government,Home Loan,1,0,2,0,1,4
60,1,27.924362192392913,19139.96,229679.48,1,6386.53,434240.99,689844.16,620,1145027.47,8.37,24,0.3337,4.9853,Female,Divorced,Post Graduate,Salaried,Business Loan,0,0,0,3,2,1
21,0,4.8387631372332995,29068.93,348827.16,2,13039.27,640938.64,862778.72,625,210888.19,9.31,48,0.4486,0.6046,Female,Single,Graduate,Salaried,Gold Loan,0,0,2,0,2,3
31,0,22.035559690703884,31893.04,382716.52,2,8834.53,721520.27,1419078.37,447,200539.34,10.06,240,0.277,0.524,Female,Married,High School,Self-employed,Gold Loan,1,0,1,1,3,3
48,4,18.690699287280893,39540.12,474481.5,1,13654.78,68755.47,271324.11,654,551371.23,13.73,24,0.3453,1.1621,Male,Married,Post Graduate,Business,Agricultural Loan,0,1,1,3,0,0
45,2,9.101549098533676,26839.99,322079.91,1,8313.13,466232.28,2029041.43,535,164727.27,9.56,12,0.3097,0.5114,Female,Single,High School,Student,Personal Loan,0,0,2,1,4,5
43,1,13.082742108801785,19839.69,238076.24,3,8245.33,122901.56,546528.92,404,103501.36,9.67,48,0.4156,0.4347,Female,Single,Post Graduate,Student,Home Loan,1,0,2,3,4,4
51,0,20.318082821265687,20256.83,243082.0,4,8465.95,107638.97,223952.91,773,1132249.12,11.57,48,0.4179,4.6579,Female,Married,High School,Business,Vehicle Loan,1,0,1,1,0,6
50,3,3.0388774140837373,75190.76,902289.13,0,22173.49,1459251.68,5317355.14,695,1301618.2,9.93,12,0.2949,1.4426,Female,Single,Graduate,Government,Personal Loan,0,0,2,0,1,5
62,0,5.6712795577799335,17136.15,205633.77,1,5419.37,181540.05,348814.0,745,172126.4,13.66,48,0.3163,0.8371,Female,Married,Post Graduate,Business,Home Loan,0,0,1,3,0,4
55,1,0.9994491680727524,45157.4,541888.77,1,20814.76,997156.69,3481122.32,519,140703.57,13.26,36,0.4609,0.2597,Male,Single,High School,Business,Personal Loan,1,1,2,1,0,5
27,1,27.0660517623993,49599.09,595189.1,3,23060.27,98008.16,445823.81,741,262353.53,10.59,24,0.4649,0.4408,Female,Divorced,Post Graduate,Government,Vehicle Loan,0,0,0,3,1,6
36,0,17.21688568606264,33766.85,405202.15,3,11214.81,656770.53,764201.59,327,1205309.19,11.51,48,0.3321,2.9746,Male,Single,Post Graduate,Self-employed,Education Loan,1,1,2,3,3,2
46,3,15.702823074261689,104893.14,1258717.73,4,406.69,435011.95,2149351.71,774,318510.03,7.41,180,0.0039,0.253,Female,Divorced,Graduate,Salaried,Agricultural Loan,0,0,0,0,2,0
22,3,21.187219218495194,49071.39,588856.64,1,2561.8,248363.82,1070038.62,604,477231.04,11.87,120,0.0522,0.8104,Male,Divorced,Post Graduate,Student,Education Loan,0,1,0,3,4,2
21,1,29.65050671056402,109726.02,1316712.26,1,47069.31,1314417.83,5318986.91,704,573743.32,11.95,240,0.429,0.4357,Female,Divorced,PhD,Student,Education Loan,0,0,0,2,4,2
32,0,5.167118653115813,24571.97,294863.63,3,1040.8,248141.72,934365.61,812,508427.67,9.51,180,0.0424,1.7243,Female,Divorced,High School,Student,Vehicle Loan,0,0,0,1,4,6
25,2,3.993180525920236,24825.65,297907.82,2,2650.38,302425.18,1234226.04,801,1461913.74,8.54,12,0.1068,4.9073,Female,Divorced,PhD,Business,Vehicle Loan,0,0,0,2,0,6
57,2,8.843725947298942,49837.47,598049.58,4,5744.93,1127353.87,5612397.55,647,248721.03,13.41,24,0.1153,0.4159,Female,Divorced,Post Graduate,Self-employed,Agricultural Loan,0,0,0,3,3,0
52,1,27.118324793101184,31042.75,372513.02,1,9316.47,500407.46,2042045.36,539,407678.68,9.99,24,0.3001,1.0944,Male,Divorced,High School,Self-employed,Personal Loan,0,1,0,1,3,5
29,3,12.34381834322584,99847.5,1198169.94,0,28787.67,766540.78,1844606.15,869,532820.87,11.58,180,0.2883,0.4447,Male,Single,PhD,Business,Business Loan,0,1,2,2,0,1
61,2,23.804902744116287,44579.09,534949.1,0,6450.99,221865.7,766698.5,636,425407.77,7.23,48,0.1447,0.7952,Male,Single,PhD,Government,Gold Loan,0,1,2,2,1,3
55,0,6.087844796025717,19404.41,232852.88,3,2014.29,206871.63,485670.88,325,166828.07,9.9,240,0.1038,0.7165,Female,Divorced,Graduate,Government,Vehicle Loan,1,0,0,0,1,6
39,4,14.808163270803687,12809.09,153709.05,0,4896.48,145866.6,711867.21,708,136212.52,12.72,24,0.3823,0.8862,Female,Divorced,PhD,Self-employed,Vehicle Loan,0,0,0,2,3,6
36,4,3.824116174393807,34650.13,415801.6,3,16206.84,513853.55,2364013.55,376,133949.5,9.71,48,0.4677,0.3221,Female,Divorced,Post Graduate,Business,Education Loan,1,0,0,3,0,2
23,3,12.386952000921873,34424.58,413094.96,2,908.91,245036.3,801386.54,516,790960.89,11.22,12,0.0264,1.9147,Male,Single,High School,Student,Education Loan,1,1,2,1,4,2
40,4,7.868459005852323,43838.14,526057.71,3,2919.19,817700.28,3373091.35,627,229504.43,8.47,36,0.0666,0.4363,Female,Single,Post Graduate,Salaried,Business Loan,0,0,2,3,2,1
44,0,16.482947875386117,75087.87,901054.47,1,24109.36,245130.79,1137099.91,322,643978.05,9.92,84,0.3211,0.7147,Male,Married,PhD,Self-employed,Education Loan,0,1,1,2,3,2
53,1,23.41218639225579,69387.91,832654.97,0,27909.26,963827.78,1902982.59,609,474204.73,13.49,240,0.4022,0.5695,Female,Married,Post Graduate,Student,Gold Loan,0,0,1,3,4,3
44,1,28.151111140440843,25659.25,307910.99,1,10150.65,393644.39,1306083.53,898,202828.14,10.97,12,0.3956,0.6587,Female,Married,PhD,Self-employed,Education Loan,0,0,1,2,3,2
31,0,8.515283437946671,16709.09,200509.12,0,6012.63,96196.36,281553.79,566,206918.6,13.31,60,0.3598,1.032,Female,Single,Graduate,Salaried,Education Loan,1,0,2,0,2,2
28,1,22.293950871280227,17318.44,207821.32,0,7684.44,346338.76,1415266.72,714,492480.69,13.31,24,0.4437,2.3697,Male,Single,Post Graduate,Government,Business Loan,0,1,2,3,1,1
56,0,26.56777011846097,23339.88,280078.62,3,2536.45,353714.53,890062.51,566,470780.75,13.61,120,0.1087,1.6809,Female,Single,Post Graduate,Self-employed,Agricultural Loan,1,0,2,3,3,0
58,0,3.745556311509899,29142.74,349712.87,4,1563.38,461959.36,1772038.49,632,655809.6,13.27,48,0.0536,1.8753,Male,Single,Graduate,Business,Gold Loan,0,1,2,0,0,3
60,4,17.577966843156467,43609.8,523317.66,0,13417.93,542859.24,1417933.32,749,306813.81,7.02,60,0.3077,0.5863,Male,Divorced,Post Graduate,Government,Education Loan,0,1,0,3,1,2
40,4,18.355389257954105,22458.39,269500.65,0,9233.5,492302.84,711032.72,864,224725.24,13.54,180,0.4111,0.8339,Female,Married,PhD,Government,Personal Loan,0,0,1,2,1,5
55,3,8.171553069079144,42969.04,515628.5,4,12504.93,728769.32,1041036.57,546,483060.13,7.96,24,0.291,0.9368,Female,Married,Graduate,Student,Agricultural Loan,1,0,1,0,4,0
45,4,0.6754367882757606,45126.46,541517.54,1,21728.33,441436.89,651660.3,335,1377712.81,7.28,36,0.4815,2.5442,Male,Married,Post Graduate,Business,Personal Loan,1,1,1,3,0,5
55,1,7.701088394511276,39577.12,474925.38,0,15743.07,256773.77,290174.77,700,98583.26,7.39,60,0.3978,0.2076,Male,Divorced,PhD,Self-employed,Agricultural Loan,0,1,0,2,3,0
45,4,17.542038217237756,18450.12,221401.45,3,6464.85,48605.34,152226.71,327,233458.09,9.44,48,0.3504,1.0545,Female,Divorced,PhD,Self-employed,Home Loan,1,0,0,2,3,4
49,0,5.8932813724040365,48083.58,577002.97,4,1448.69,230959.83,851689.93,519,709525.78,11.35,60,0.0301,1.2297,Female,Married,High School,Business,Personal Loan,1,0,1,1,0,5
38,4,8.620355388244004,126596.71,1519160.48,4,6819.91,3017015.74,4546382.08,705,526069.44,9.82,36,0.0539,0.3463,Male,Divorced,High School,Government,Agricultural Loan,0,1,0,1,1,0
38,1,21.237673802738435,42088.85,505066.18,0,16516.46,435856.9,1502587.03,570,717849.66,7.18,240,0.3924,1.4213,Male,Single,High School,Self-employed,Gold Loan,1,1,2,1,3,3
22,3,11.9494677471227,10000.0,120000.0,1,991.19,216698.06,734814.53,810,313726.22,10.34,180,0.0991,2.6144,Male,Divorced,Graduate,Self-employed,Education Loan,0,1,0,0,3,2
55,2,1.9627616075181553,76460.36,917524.35,1,1102.37,376421.64,597899.18,585,121840.39,10.09,84,0.0144,0.1328,Female,Married,PhD,Self-employed,Home Loan,1,0,1,2,3,4
36,0,11.974976526605149,23821.68,285860.15,2,10847.92,256876.31,672073.31,753,1684861.92,12.3,12,0.4554,5.894,Female,Married,Graduate,Salaried,Vehicle Loan,1,0,1,0,2,6
61,1,29.99306894617082,141411.25,1696935.04,2,62984.95,3265458.02,13128913.86,616,1052910.42,8.96,48,0.4454,0.6205,Female,Divorced,Graduate,Business,Business Loan,0,0,0,0,0,1
56,1,7.831546165002251,38941.59,467299.06,3,4254.05,120564.78,128645.53,889,433938.23,8.52,120,0.1092,0.9286,Female,Single,Graduate,Salaried,Business Loan,0,0,2,0,2,1
53,2,7.957695853505493,13215.95,158591.38,0,5155.58,193767.46,307662.33,596,225634.45,8.79,60,0.3901,1.4227,Male,Single,Graduate,Salaried,Vehicle Loan,1,1,2,0,2,6
24,3,5.096592439782067,10521.56,126258.69,1,252.41,232957.31,1160899.32,637,298804.84,9.13,48,0.024,2.3666,Male,Married,Graduate,Student,Personal Loan,0,1,1,0,4,5
53,0,8.149121481036042,91477.15,1097725.76,2,13038.15,2089586.63,8220809.06,606,531398.14,11.19,240,0.1425,0.4841,Female,Married,Post Graduate,Self-employed,Home Loan,0,0,1,3,3,4
34,3,17.242599102435396,70512.34,846148.07,0,21988.11,1442553.55,4120684.69,727,361744.77,10.3,180,0.3118,0.4275,Male,Divorced,High School,Salaried,Vehicle Loan,0,1,0,1,2,6
41,2,28.938063960537775,138083.15,1656997.82,0,52691.08,2856456.01,10052456.11,650,437311.34,9.36,36,0.3816,0.2639,Male,Single,Graduate,Business,Vehicle Loan,0,1,2,0,0,6
40,0,18.230858168176447,36554.32,438651.86,1,190.07,584876.74,2564616.61,810,1604158.32,9.62,84,0.0052,3.657,Male,Divorced,Post Graduate,Student,Vehicle Loan,0,1,0,3,4,6
28,4,12.295427768333054,35104.41,421252.93,0,5725.68,213074.35,930968.35,824,926287.71,9.6,48,0.1631,2.1989,Male,Married,Post Graduate,Student,Personal Loan,0,1,1,3,4,5
27,3,11.689008872213316,28864.53,346374.34,4,3093.49,513950.43,1181472.21,791,173403.62,13.81,120,0.1072,0.5006,Female,Divorced,PhD,Government,Personal Loan,0,0,0,2,1,5
23,4,0.7267765383416291,24465.66,293587.94,2,12217.91,575012.6,1705007.64,893,470492.46,8.63,12,0.4994,1.6026,Female,Married,Graduate,Government,Home Loan,1,0,1,0,1,4
37,0,0.07626906599700778,28696.84,344362.07,3,9627.53,375827.32,1335021.46,308,291766.53,12.73,12,0.3355,0.8473,Female,Married,High School,Student,Personal Loan,1,0,1,1,4,5
53,2,23.915806409385926,41376.9,496522.78,2,8392.71,289474.41,372723.68,796,561492.95,11.96,84,0.2028,1.1309,Male,Divorced,PhD,Business,Personal Loan,0,1,0,2,0,5
32,4,14.70481987544258,21887.25,262646.99,0,827.91,310576.45,1485545.04,859,420556.82,7.04,120,0.0378,1.6012,Male,Divorced,Graduate,Salaried,Gold Loan,0,1,0,0,2,3
42,4,0.9962823909948948,13338.72,160064.64,4,3992.75,225211.46,615045.15,860,4752393.88,13.95,240,0.2993,29.6905,Male,Married,PhD,Government,Personal Loan,1,1,1,2,1,5
42,1,8.580811343710913,39971.66,479659.92,2,12824.94,231453.78,574803.74,739,623690.37,12.3,120,0.3209,1.3003,Female,Single,High School,Salaried,Home Loan,0,0,2,1,2,4
50,0,10.700456516285954,21596.42,259156.99,1,8815.72,378830.39,1753379.15,851,397381.79,11.78,240,0.4082,1.5334,Male,Single,High School,Business,Personal Loan,0,1,2,1,0,5
58,2,23.49866669951643,10000.0,120000.0,4,1442.88,145109.56,213767.65,407,1932654.19,9.84,240,0.1443,16.1055,Male,Married,Graduate,Salaried,Business Loan,1,1,1,0,2,1
58,1,13.031601095982015,50591.58,607098.96,2,24826.0,763125.81,882969.53,544,521486.97,10.89,180,0.4907,0.859,Male,Divorced,High School,Student,Business Loan,1,1,0,1,4,1
28,3,23.679005244785845,18679.18,224150.11,0,4104.43,150138.03,561517.67,554,131271.18,8.77,120,0.2197,0.5856,Male,Married,High School,Government,Personal Loan,1,1,1,1,1,5
47,2,19.012021526063847,54018.06,648216.69,1,7993.15,246923.92,627189.7,332,400489.34,7.25,36,0.148,0.6178,Male,Single,High School,Business,Gold Loan,0,1,2,1,0,3
47,1,0.994086192482988,53247.65,638971.74,0,9277.05,816784.14,3314431.01,322,722854.04,12.85,36,0.1742,1.1313,Male,Married,Graduate,Student,Business Loan,0,1,1,0,4,1
54,3,29.060661122089545,43051.57,516618.85,0,11184.5,623531.35,794490.21,865,651885.09,13.28,60,0.2598,1.2618,Female,Married,PhD,Business,Home Loan,0,0,1,2,0,4
41,2,5.442991100259828,162444.34,1949332.09,1,76080.93,1425332.18,3613257.81,348,988693.61,8.14,120,0.4684,0.5072,Female,Married,PhD,Government,Business Loan,1,0,1,2,1,1
50,1,8.268586851242754,33428.66,401143.92,4,12287.69,260929.22,506542.12,761,500304.99,12.51,120,0.3676,1.2472,Male,Single,PhD,Salaried,Vehicle Loan,0,1,2,2,2,6
53,2,24.27882085563975,30595.75,367148.95,2,8828.55,274952.42,1088378.86,889,472828.86,12.19,12,0.2886,1.2878,Male,Single,PhD,Business,Gold Loan,0,1,2,2,0,3
48,4,5.695195922623797,54731.98,656783.75,4,4455.47,671414.53,1281515.78,635,144064.98,8.25,180,0.0814,0.2193,Male,Divorced,PhD,Government,Personal Loan,0,1,0,2,1,5
53,1,12.032633511218421,35127.22,421526.63,1,2623.18,822709.47,2329733.32,657,1502645.54,9.95,12,0.0747,3.5648,Male,Divorced,PhD,Student,Education Loan,0,1,0,2,4,2
25,4,25.949736544598945,72860.08,874320.92,2,18295.05,1352427.74,5782318.62,421,346458.09,9.96,48,0.2511,0.3963,Male,Single,PhD,Government,Gold Loan,1,1,2,2,1,3
39,1,19.118168286050203,16961.76,203541.07,1,6180.09,349242.8,1628017.01,743,202070.55,12.32,24,0.3644,0.9928,Female,Single,High School,Salaried,Gold Loan,0,0,2,1,2,3
24,4,9.062417984590338,17131.86,205582.35,3,6433.12,216374.4,841787.98,658,3621237.26,12.86,60,0.3755,17.6145,Male,Married,PhD,Government,Home Loan,1,1,1,2,1,4
55,0,19.32149164577335,57496.86,689962.37,3,6494.68,753257.4,2046535.31,645,1696484.2,7.66,84,0.113,2.4588,Male,Divorced,High School,Student,Vehicle Loan,0,1,0,1,4,6
37,4,24.378734266125015,18053.84,216646.03,4,903.59,102897.24,338320.32,492,309217.71,10.94,48,0.05,1.4273,Male,Divorced,Post Graduate,Student,Vehicle Loan,1,1,0,3,4,6
64,0,12.116678477935626,52337.02,628044.19,1,10060.77,920296.93,3459175.09,715,98268.9,12.33,48,0.1922,0.1565,Female,Married,Graduate,Business,Vehicle Loan,0,0,1,0,0,6
48,2,17.1502405342844,45342.57,544110.9,2,20816.15,485003.77,2182386.27,676,249003.66,12.5,120,0.4591,0.4576,Male,Divorced,High School,Student,Gold Loan,0,1,0,1,4,3
50,3,29.63783054556182,23940.03,287280.3,4,6528.05,432746.54,1970855.83,762,1564862.43,8.04,48,0.2727,5.4472,Male,Single,Graduate,Self-employed,Education Loan,1,1,2,0,3,2
49,3,28.936885291619905,45265.58,543186.9,3,7244.75,471136.5,2225591.33,445,509594.53,10.68,24,0.16,0.9382,Male,Single,Graduate,Student,Home Loan,1,1,2,0,4,4
26,3,15.271119358118332,17313.55,207762.56,3,2801.66,60526.35,256803.87,777,150309.37,13.0,48,0.1618,0.7235,Male,Single,Post Graduate,Salaried,Education Loan,0,1,2,3,2,2
55,0,2.8842376953239923,19931.57,239178.81,3,1316.35,99263.88,157550.82,707,828345.18,9.23,120,0.066,3.4633,Male,Single,PhD,Student,Vehicle Loan,0,1,2,2,4,6
61,3,21.02046266440511,31498.25,377979.03,4,7452.86,619448.16,2471943.9,585,374038.34,9.98,12,0.2366,0.9896,Male,Married,Post Graduate,Business,Gold Loan,1,1,1,3,0,3
57,3,8.058623612405952,38076.66,456919.88,2,15066.22,264563.44,1126608.87,410,263297.12,12.63,48,0.3957,0.5762,Male,Divorced,High School,Student,Vehicle Loan,0,1,0,1,4,6
44,4,20.08424784426578,30267.11,363205.3,3,14657.74,214295.72,966792.08,349,279771.26,7.63,84,0.4843,0.7703,Female,Married,High School,Government,Education Loan,1,0,1,1,1,2
49,3,10.5526679465459,47092.53,565110.31,4,11810.69,1053717.21,4951699.13,313,1258101.01,13.02,180,0.2508,2.2263,Female,Married,High School,Government,Vehicle Loan,1,0,1,1,1,6
51,0,21.56275315445894,45847.68,550172.14,4,3833.21,739322.21,2245054.86,433,685092.45,9.18,180,0.0836,1.2452,Female,Single,Graduate,Government,Personal Loan,1,0,2,0,1,5
55,4,11.019676748515915,90909.53,1090914.33,0,31043.35,329917.38,1194423.24,887,134746.95,7.01,240,0.3415,0.1235,Female,Married,PhD,Self-employed,Home Loan,0,0,1,2,3,4
53,0,28.235858321386594,34297.54,411570.43,0,12978.04,147563.82,153202.39,895,593475.39,8.64,60,0.3784,1.442,Female,Married,PhD,Business,Education Loan,0,0,1,2,0,2
41,1,4.100186173733444,74364.81,892377.66,2,2665.97,540219.48,1777934.84,642,482189.3,7.63,24,0.0358,0.5403,Male,Married,PhD,Government,Personal Loan,0,1,1,2,1,5
52,3,2.0521451136666835,63097.43,757169.15,3,26820.8,925128.25,2676205.01,585,316055.72,7.65,36,0.4251,0.4174,Male,Single,Post Graduate,Government,Vehicle Loan,1,1,2,3,1,6
43,0,23.435972917498535,143829.86,1725958.35,0,59640.66,2634241.89,12774029.47,613,329672.53,11.85,24,0.4147,0.191,Male,Married,Post Graduate,Government,Home Loan,0,1,1,3,1,4
53,0,12.039778803762482,33645.86,403750.28,2,7949.52,246066.22,1133587.01,596,221451.32,8.5,240,0.2363,0.5485,Male,Single,High School,Business,Home Loan,0,1,2,1,0,4
23,4,13.96726769968886,28219.96,338639.51,0,7907.55,593318.06,2486249.31,868,260401.23,13.54,84,0.2802,0.769,Female,Single,PhD,Government,Home Loan,0,0,2,2,1,4
38,1,28.014517806572737,77235.66,926827.91,3,27550.27,271185.53,333009.52,463,557812.83,10.62,12,0.3567,0.6019,Female,Divorced,PhD,Self-employed,Gold Loan,1,0,0,2,3,3
45,1,17.697621538346542,45764.3,549171.57,4,15485.45,264278.79,689269.58,796,354315.87,10.22,36,0.3384,0.6452,Female,Married,Post Graduate,Government,Home Loan,0,0,1,3,1,4
62,3,19.805119448191448,78354.25,940251.04,3,647.83,1827275.5,6914719.09,315,684569.4,10.04,120,0.0083,0.7281,Male,Single,Graduate,Salaried,Personal Loan,1,1,2,0,2,5
51,2,0.5839777922211364,55830.71,669968.47,0,3417.82,228857.42,256009.75,643,236101.32,11.85,120,0.0612,0.3524,Female,Divorced,PhD,Self-employed,Education Loan,0,0,0,2,3,2
23,2,20.115432213584096,10259.33,123111.95,3,834.04,219822.14,427170.5,377,779178.7,10.17,60,0.0813,6.329,Male,Divorced,High School,Salaried,Personal Loan,1,1,0,1,2,5
60,4,11.650588077968834,45514.81,546177.73,4,17197.22,782422.66,3560045.62,645,1266231.42,7.9,36,0.3778,2.3184,Female,Divorced,PhD,Government,Vehicle Loan,0,0,0,2,1,6
44,3,13.806433875713246,43771.12,525253.45,1,9631.48,117350.51,178269.87,371,440018.96,13.16,120,0.22,0.8377,Female,Single,Post Graduate,Government,Gold Loan,0,0,2,3,1,3
52,4,24.241503570023863,39334.77,472017.24,4,10728.61,476944.2,574953.38,569,670984.48,10.0,60,0.2728,1.4215,Male,Single,PhD,Business,Gold Loan,1,1,2,2,0,3
42,3,15.713807780454864,33545.37,402544.46,0,12960.04,433960.54,1441765.77,586,692258.21,7.52,84,0.3863,1.7197,Male,Married,High School,Salaried,Vehicle Loan,1,1,1,1,2,6
43,1,29.606124286543718,13970.65,167647.78,4,2381.87,313490.34,1500320.4,365,296061.23,10.71,36,0.1705,1.766,Male,Single,Graduate,Salaried,Education Loan,1,1,2,0,2,2
22,2,23.904333864182608,61359.55,736314.64,2,22975.78,655651.71,2844544.28,367,694322.6,11.53,84,0.3744,0.943,Male,Married,Graduate,Student,Gold Loan,1,1,1,0,4,3
47,0,21.85774644751777,45445.14,545341.62,3,10050.18,512419.49,2510389.22,492,72059.86,8.93,120,0.2211,0.1321,Male,Single,High School,Student,Vehicle Loan,1,1,2,1,4,6
62,2,17.660599714921116,70345.49,844145.94,1,13266.46,252338.18,1012908.82,354,52404.45,12.6,180,0.1886,0.0621,Female,Divorced,High School,Student,Vehicle Loan,0,0,0,1,4,6
22,3,12.371901655936451,14425.41,173104.95,1,2402.1,226492.95,622737.64,678,339903.62,11.69,24,0.1665,1.9636,Male,Single,PhD,Student,Agricultural Loan,0,1,2,2,4,0
46,2,1.5861700093731879,49231.09,590773.13,3,23752.64,288032.94,1378659.79,467,734373.22,11.55,24,0.4825,1.2431,Female,Married,PhD,Salaried,Agricultural Loan,1,0,1,2,2,0
37,0,0.5548772229161858,31546.07,378552.88,3,12176.36,87801.08,237636.53,708,413311.71,9.95,84,0.386,1.0918,Male,Married,Post Graduate,Business,Vehicle Loan,0,1,1,3,0,6
60,1,1.4027629956644583,39587.66,475051.95,2,399.76,947298.61,2273875.18,807,803473.03,13.73,180,0.0101,1.6913,Male,Divorced,Graduate,Student,Agricultural Loan,0,1,0,0,4,0
53,1,28.765091517334778,31764.49,381173.86,4,15205.91,228751.37,638853.1,836,169161.89,8.92,60,0.4787,0.4438,Female,Divorced,Graduate,Salaried,Agricultural Loan,0,0,0,0,2,0
29,3,9.696363445862737,50320.35,603844.15,1,19510.2,213570.76,908934.89,401,896516.09,11.04,12,0.3877,1.4847,Male,Divorced,High School,Business,Vehicle Loan,0,1,0,1,0,6
63,2,21.01828447000684,32934.5,395214.04,0,2456.5,562793.97,2628683.57,721,1628304.9,9.16,12,0.0746,4.1201,Male,Married,Post Graduate,Business,Home Loan,0,1,1,3,0,4
59,3,17.82943812934112,19319.13,231829.55,3,737.39,384425.36,934433.65,777,253437.26,12.21,240,0.0382,1.0932,Female,Single,PhD,Student,Education Loan,0,0,2,2,4,2
49,2,17.150031283132094,38248.33,458979.99,3,5893.96,94618.05,269565.86,419,819786.33,7.33,48,0.1541,1.7861,Male,Single,High School,Salaried,Business Loan,1,1,2,1,2,1
62,4,17.377246916732762,31936.19,383234.34,1,9966.99,109351.0,502282.97,590,450563.66,7.32,12,0.3121,1.1757,Male,Married,High School,Self-employed,Vehicle Loan,0,1,1,1,3,6
46,3,9.068874701117105,34543.13,414517.5,3,10648.72,106185.5,126166.92,787,629998.32,12.68,180,0.3083,1.5198,Male,Married,High School,Salaried,Agricultural Loan,0,1,1,1,2,0
55,2,26.59597636494727,10000.0,120000.0,1,1379.25,20800.64,86020.52,460,1625700.33,10.04,24,0.1379,13.5475,Male,Married,Graduate,Business,Agricultural Loan,1,1,1,0,0,0
45,4,27.576186802511014,54697.96,656375.49,0,12188.76,884329.18,2491041.24,377,574837.47,9.39,24,0.2228,0.8758,Male,Married,PhD,Government,Home Loan,1,1,1,2,1,4
44,3,19.33577355770286,30067.55,360810.61,0,3185.51,436917.7,1094947.82,337,815497.55,11.25,12,0.1059,2.2602,Female,Single,PhD,Student,Home Loan,0,0,2,2,4,4
33,1,25.918476629589758,16173.15,194077.82,1,409.01,262725.62,732396.33,693,161065.16,11.91,12,0.0253,0.8299,Male,Divorced,High School,Business,Personal Loan,0,1,0,1,0,5
27,4,1.7994305075878603,63167.05,758004.62,3,16327.75,797821.64,2133983.57,740,795648.38,8.41,240,0.2585,1.0497,Male,Single,High School,Self-employed,Business Loan,0,1,2,1,3,1
56,3,3.011737522699863,53200.31,638403.68,2,9230.02,1053508.47,4241924.98,839,1603991.42,8.3,12,0.1735,2.5125,Female,Married,Post Graduate,Self-employed,Vehicle Loan,0,0,1,3,3,6
40,0,16.771986737811524,29840.08,358081.01,2,8099.83,405030.53,1908418.86,761,211334.93,13.71,84,0.2714,0.5902,Female,Divorced,PhD,Self-employed,Home Loan,0,0,0,2,3,4
21,1,25.39521122395085,18191.29,218295.52,4,8609.1,402594.78,1194024.98,593,341663.46,11.13,120,0.4733,1.5651,Female,Single,High School,Self-employed,Business Loan,1,0,2,1,3,1
28,4,9.462882035424553,40409.43,484913.15,2,2896.76,491779.37,2129864.57,699,765972.32,9.73,48,0.0717,1.5796,Male,Married,Post Graduate,Salaried,Personal Loan,0,1,1,3,2,5
36,2,16.441677484755946,39099.45,469193.39,3,38.36,750128.76,2946339.35,391,633001.01,12.61,60,0.001,1.3491,Female,Married,High School,Business,Personal Loan,1,0,1,1,0,5
34,0,0.29881594452242477,63234.2,758810.4,2,2430.67,655693.64,1522994.79,305,149076.94,10.68,48,0.0384,0.1965,Female,Married,Graduate,Self-employed,Agricultural Loan,0,0,1,0,3,0
32,2,29.598900363829983,27826.91,333922.88,4,6437.87,306378.4,1026139.48,570,504805.81,8.69,48,0.2314,1.5117,Male,Single,High School,Business,Vehicle Loan,1,1,2,1,0,6
43,0,23.009426049367097,74380.81,892569.74,0,26291.09,1526801.31,5599181.51,858,339033.62,8.45,12,0.3535,0.3798,Male,Single,Graduate,Business,Agricultural Loan,0,1,2,0,0,0
35,3,10.842574395525478,26261.21,315134.51,1,7625.78,91288.59,99869.49,398,203836.99,9.78,84,0.2904,0.6468,Male,Single,PhD,Government,Gold Loan,0,1,2,2,1,3
48,3,29.490384919683475,16195.7,194348.38,2,4007.58,226628.16,585566.86,825,1309793.3,13.02,120,0.2474,6.7394,Male,Married,High School,Salaried,Home Loan,0,1,1,1,2,4
54,2,2.772839678936163,18409.65,220915.82,1,3258.17,325956.48,1620183.87,493,444350.21,7.43,120,0.177,2.0114,Female,Single,PhD,Government,Gold Loan,1,0,2,2,1,3
22,2,13.925272961118779,34980.75,419768.95,1,5421.56,638737.02,2266894.12,456,971346.88,8.53,180,0.155,2.314,Male,Divorced,PhD,Student,Personal Loan,0,1,0,2,4,5
52,2,1.765538550052106,34915.68,418988.16,0,6569.14,509920.85,1191672.94,414,173038.53,13.25,120,0.1881,0.413,Male,Divorced,PhD,Student,Gold Loan,0,1,0,2,4,3
43,4,10.048950644757356,44210.46,530525.52,4,13520.33,499820.61,999689.27,695,708677.99,7.85,84,0.3058,1.3358,Female,Married,Graduate,Student,Gold Loan,0,0,1,0,4,3
42,1,6.5809253949240745,34398.75,412785.03,3,2885.26,240722.34,442429.95,821,1034420.18,11.41,180,0.0839,2.506,Female,Divorced,PhD,Government,Vehicle Loan,0,0,0,2,1,6
45,2,9.496525595433802,65276.74,783320.93,3,25176.0,1430657.56,3729102.84,513,364499.74,8.49,36,0.3857,0.4653,Male,Married,PhD,Business,Personal Loan,1,1,1,2,0,5
42,3,28.422279481370985,31049.67,372596.07,3,8930.71,295130.95,523285.7,832,297228.33,11.24,240,0.2876,0.7977,Female,Single,Graduate,Student,Education Loan,0,0,2,0,4,2
42,3,12.815609901806615,10962.48,131549.82,4,1475.31,212418.07,327282.02,314,155839.61,9.68,36,0.1346,1.1846,Female,Married,High School,Student,Home Loan,1,0,1,1,4,4
62,2,9.745824337810971,33770.47,405245.62,4,8462.09,58365.81,143361.2,718,220920.43,7.71,48,0.2506,0.5452,Male,Married,PhD,Government,Agricultural Loan,0,1,1,2,1,0
26,2,19.223171401546733,10893.62,130723.47,4,5244.07,69064.39,236752.64,667,308011.8,11.08,84,0.4814,2.3562,Male,Single,Post Graduate,Business,Vehicle Loan,1,1,2,3,0,6
35,3,20.50107573199866,42737.61,512851.31,2,437.88,382435.37,606388.27,512,202657.18,11.78,180,0.0102,0.3952,Female,Married,Graduate,Student,Vehicle Loan,0,0,1,0,4,6
63,4,29.513065989414144,68481.29,821775.44,1,6831.78,1126257.17,1326024.89,304,239340.54,11.76,36,0.0998,0.2912,Female,Married,Graduate,Salaried,Education Loan,0,0,1,0,2,2
57,0,16.38173316879111,20095.78,241149.4,4,4505.28,167691.45,190921.96,530,502061.32,11.46,84,0.2242,2.082,Female,Divorced,High School,Student,Vehicle Loan,1,0,0,1,4,6
53,3,22.576909314486564,85061.86,1020742.3,4,27153.43,165986.94,343516.11,500,552512.07,10.5,60,0.3192,0.5413,Female,Married,Post Graduate,Government,Personal Loan,1,0,1,3,1,5
28,0,11.464950577777495,60216.32,722595.88,2,6389.8,301018.56,529951.96,701,1058830.99,10.64,60,0.1061,1.4653,Male,Divorced,Graduate,Government,Vehicle Loan,0,1,0,0,1,6
64,2,5.130979387310982,74898.42,898781.06,1,34880.34,521353.16,1645923.12,448,240525.48,11.45,60,0.4657,0.2676,Female,Married,High School,Salaried,Vehicle Loan,1,0,1,1,2,6
64,1,12.895062883311287,40690.03,488280.33,3,13073.14,205447.69,579954.34,883,450695.93,11.83,240,0.3213,0.923,Female,Single,PhD,Business,Education Loan,0,0,2,2,0,2
25,2,12.563275160745292,20017.07,240204.89,0,8781.81,113810.38,261657.62,791,316741.92,11.58,120,0.4387,1.3186,Male,Single,PhD,Salaried,Home Loan,0,1,2,2,2,4
59,2,12.618404750792898,58016.88,696202.54,4,9553.0,1084103.95,4698692.27,525,299331.76,11.11,240,0.1647,0.4299,Male,Divorced,Graduate,Student,Business Loan,1,1,0,0,4,1
24,2,20.86262279724888,24965.23,299582.8,4,10347.51,261555.1,789840.94,885,343550.23,8.09,240,0.4145,1.1468,Male,Married,High School,Government,Home Loan,1,1,1,1,1,4
26,3,12.178269338206679,38977.14,467725.73,0,7370.95,402209.93,549467.02,468,378155.07,8.47,84,0.1891,0.8085,Male,Married,PhD,Business,Gold Loan,0,1,1,2,0,3
52,3,28.6248818815583,32767.4,393208.8,4,4141.01,761250.46,1661853.47,451,540536.27,8.82,84,0.1264,1.3747,Female,Married,PhD,Student,Agricultural Loan,1,0,1,2,4,0
50,1,29.4824904715281,71311.83,855741.96,4,32505.91,803979.72,3934159.84,523,339664.49,13.44,48,0.4558,0.3969,Female,Divorced,High School,Salaried,Personal Loan,1,0,0,1,2,5
55,0,15.7008428824733,56285.72,675428.68,4,2595.29,1257205.63,6170251.21,803,1180991.03,12.32,180,0.0461,1.7485,Male,Divorced,PhD,Student,Education Loan,0,1,0,2,4,2
60,0,16.753320276399535,34601.78,415221.41,0,16312.82,272608.47,550311.05,849,113151.14,10.87,24,0.4714,0.2725,Male,Divorced,PhD,Salaried,Agricultural Loan,0,1,0,2,2,0
36,0,12.228791152301216,11260.27,135123.21,2,2581.5,115016.92,191956.86,343,1028038.22,8.76,60,0.2293,7.6082,Female,Divorced,Post Graduate,Self-employed,Home Loan,1,0,0,3,3,4
33,2,10.667807450302268,24806.56,297678.75,2,12311.81,250906.4,748391.73,803,329455.66,7.78,12,0.4963,1.1067,Female,Divorced,High School,Self-employed,Education Loan,0,0,0,1,3,2
62,1,29.559796078657943,55411.0,664931.98,0,14949.74,751362.78,2198382.06,540,380382.9,13.29,24,0.2698,0.5721,Male,Divorced,PhD,Government,Business Loan,0,1,0,2,1,1
50,2,1.2197060605713317,42961.78,515541.36,2,16271.52,620268.76,1637851.14,650,439023.23,13.25,12,0.3787,0.8516,Female,Single,Post Graduate,Business,Gold Loan,0,0,2,3,0,3
39,1,12.302586982184003,14736.27,176835.2,3,52.1,98834.31,308108.93,322,778024.77,7.77,84,0.0035,4.3997,Female,Single,PhD,Government,Agricultural Loan,1,0,2,2,1,0
37,4,4.540211615478659,12283.93,147407.16,3,3050.51,236495.61,456148.35,897,218767.93,12.58,24,0.2483,1.4841,Female,Married,High School,Student,Agricultural Loan,0,0,1,1,4,0
39,3,21.788408049877667,40835.44,490025.22,0,15057.12,507180.06,740339.55,342,261584.49,10.13,48,0.3687,0.5338,Female,Married,High School,Self-employed,Home Loan,1,0,1,1,3,4
48,2,5.833370299464669,19259.62,231115.38,1,7538.47,22379.71,73446.75,765,660298.8,9.27,60,0.3914,2.857,Male,Divorced,PhD,Government,Education Loan,0,1,0,2,1,2
46,4,26.53937185192315,20404.73,244856.79,4,1612.47,297926.12,1409307.33,339,113715.72,12.17,120,0.079,0.4644,Male,Single,Graduate,Salaried,Business Loan,1,1,2,0,2,1
57,0,11.234339289640575,54369.83,652437.93,1,11389.69,1052347.97,1632188.66,602,430484.54,11.3,12,0.2095,0.6598,Male,Divorced,Post Graduate,Business,Personal Loan,0,1,0,3,0,5
46,4,27.51446198689915,74708.06,896496.72,4,15654.03,505081.4,1929036.62,474,233705.32,12.46,60,0.2095,0.2607,Female,Single,PhD,Self-employed,Agricultural Loan,1,0,2,2,3,0
43,3,29.596875902557468,23146.04,277752.42,2,1199.44,43307.0,119162.97,831,197484.75,7.52,48,0.0518,0.711,Male,Single,Graduate,Business,Personal Loan,0,1,2,0,0,5
29,3,23.135142415985317,35353.19,424238.24,2,7831.54,691688.95,1505050.4,760,119280.0,9.23,120,0.2215,0.2812,Female,Single,Post Graduate,Business,Gold Loan,0,0,2,3,0,3
32,3,18.69474147465993,34733.22,416798.7,3,14016.47,814645.72,3594572.81,492,820641.51,9.24,120,0.4035,1.9689,Female,Single,Post Graduate,Self-employed,Home Loan,1,0,2,3,3,4
21,4,4.497049941064941,32908.21,394898.55,1,4939.21,90858.36,256762.71,543,502354.2,9.31,180,0.1501,1.2721,Male,Divorced,Graduate,Salaried,Home Loan,1,1,0,0,2,4
21,0,27.991810083394785,37210.98,446531.73,0,8048.26,840032.1,2800035.38,579,258377.0,10.52,48,0.2163,0.5786,Female,Divorced,Post Graduate,Salaried,Agricultural Loan,1,0,0,3,2,0
54,2,23.30599970705434,57176.56,686118.76,4,27472.16,529644.31,1468293.28,335,387842.14,8.98,48,0.4805,0.5653,Female,Divorced,Post Graduate,Salaried,Personal Loan,1,0,0,3,2,5
52,0,8.641373361978449,24237.24,290846.83,2,384.26,549048.79,727488.73,856,184553.4,10.11,60,0.0159,0.6345,Male,Single,PhD,Business,Business Loan,0,1,2,2,0,1
45,1,14.055058030873761,14542.54,174510.49,4,4301.11,231565.3,782602.44,839,288096.66,9.57,60,0.2958,1.6509,Male,Married,Graduate,Salaried,Agricultural Loan,0,1,1,0,2,0
60,1,2.029950177237194,100108.11,1201297.29,0,37211.99,2149883.6,5751720.98,453,377498.9,12.15,36,0.3717,0.3142,Male,Divorced,PhD,Student,Gold Loan,1,1,0,2,4,3
21,2,19.770009672266944,69818.42,837821.04,4,26561.8,1331727.69,1793872.39,322,465636.41,11.22,60,0.3804,0.5558,Male,Divorced,PhD,Student,Vehicle Loan,1,1,0,2,4,6
36,3,3.757940061068681,18728.79,224745.5,3,6704.33,30789.16,104167.34,390,605403.76,11.58,60,0.358,2.6937,Male,Married,Post Graduate,Salaried,Agricultural Loan,1,1,1,3,2,0
59,2,19.54593854682583,39394.41,472732.92,0,14309.06,98689.99,102586.64,689,104330.4,8.47,180,0.3632,0.2207,Female,Divorced,Graduate,Salaried,Personal Loan,0,0,0,0,2,5
25,4,20.14660984052499,66597.43,799169.19,0,1965.05,871901.97,1599139.31,658,606913.02,9.28,120,0.0295,0.7594,Male,Divorced,High School,Self-employed,Personal Loan,0,1,0,1,3,5
42,3,9.738871555881566,56921.38,683056.61,4,15201.9,226617.55,934633.79,849,111257.55,7.15,180,0.2671,0.1629,Female,Single,Graduate,Self-employed,Education Loan,0,0,2,0,3,2
49,2,28.459880372579438,47916.15,574993.86,4,18758.43,556008.88,640360.82,527,624824.93,7.76,60,0.3915,1.0867,Male,Married,Post Graduate,Government,Gold Loan,1,1,1,3,1,3
23,2,23.36887517622862,32789.51,393474.1,2,1542.17,752732.24,2699846.09,501,373006.54,8.86,24,0.047,0.948,Female,Married,High School,Business,Vehicle Loan,1,0,1,1,0,6
32,4,14.902009650965871,102373.42,1228481.0,4,616.8,796405.56,3821813.13,649,1059351.91,7.46,180,0.006,0.8623,Female,Married,PhD,Business,Business Loan,0,0,1,2,0,1
46,4,27.557075618598972,41461.28,497535.39,0,16886.39,507693.09,855346.01,337,257924.33,11.22,240,0.4073,0.5184,Male,Divorced,High School,Self-employed,Agricultural Loan,1,1,0,1,3,0
36,0,25.675297918707965,26662.8,319953.55,4,9495.88,262307.82,699954.64,799,826265.98,13.99,24,0.3561,2.5825,Female,Married,High School,Student,Gold Loan,0,0,1,1,4,3
57,1,20.76654677271779,61245.49,734945.84,2,12622.89,948448.84,3131769.34,342,173873.87,7.71,12,0.2061,0.2366,Male,Single,Graduate,Government,Gold Loan,1,1,2,0,1,3
42,2,4.588959430851367,38470.05,461640.55,1,18088.55,209986.18,588310.59,816,481523.49,12.75,84,0.4702,1.0431,Female,Married,PhD,Self-employed,Personal Loan,0,0,1,2,3,5
49,0,14.912217765605916,44796.2,537554.42,3,17170.34,312614.94,1088372.27,367,86647.13,7.83,36,0.3833,0.1612,Female,Married,Graduate,Government,Personal Loan,1,0,1,0,1,5
34,3,25.932686176853792,41023.06,492276.67,0,19852.31,851296.53,2227323.81,422,896676.45,11.69,12,0.4839,1.8215,Female,Single,High School,Business,Personal Loan,1,0,2,1,0,5
48,3,18.26674640545511,48926.05,587112.65,2,22733.86,961922.1,1533319.72,635,1761187.27,11.5,84,0.4647,2.9997,Male,Divorced,Post Graduate,Business,Agricultural Loan,0,1,0,3,0,0
25,1,16.36534334358122,20189.67,242276.01,3,4858.58,386659.65,524379.09,452,253070.21,13.32,180,0.2406,1.0446,Male,Single,Post Graduate,Business,Education Loan,1,1,2,3,0,2
50,3,28.656726008949157,15204.34,182452.08,4,5737.43,284794.78,1132848.89,461,488016.48,7.8,240,0.3774,2.6748,Female,Single,High School,Student,Vehicle Loan,1,0,2,1,4,6
25,1,0.49644196166521715,85860.54,1030326.48,4,28728.57,993154.22,1941115.75,513,631005.8,9.21,84,0.3346,0.6124,Male,Married,Post Graduate,Self-employed,Business Loan,1,1,1,3,3,1
32,3,0.3613915480079066,42182.08,506184.95,1,17114.22,749343.02,3289466.94,675,128001.34,7.64,84,0.4057,0.2529,Female,Married,Post Graduate,Government,Business Loan,0,0,1,3,1,1
36,3,26.78461560416037,57670.92,692051.06,4,22713.36,571271.47,2269152.54,742,242975.2,9.85,12,0.3938,0.3511,Male,Married,Graduate,Self-employed,Vehicle Loan,0,1,1,0,3,6
46,2,1.1561164507567767,12633.97,151607.64,3,967.96,41898.29,50186.31,722,231235.54,13.38,60,0.0766,1.5252,Female,Married,PhD,Business,Agricultural Loan,0,0,1,2,0,0
46,4,9.976311411156273,68872.34,826468.03,2,8048.96,692002.84,1248957.49,837,3034784.33,12.47,36,0.1169,3.672,Male,Single,Post Graduate,Business,Agricultural Loan,0,1,2,3,0,0
41,2,27.720764453787538,26558.59,318703.11,1,3528.73,123477.54,267695.67,529,1021356.18,12.06,120,0.1329,3.2047,Male,Divorced,PhD,Self-employed,Gold Loan,0,1,0,2,3,3
59,0,20.734577814458078,22387.75,268652.97,3,9162.17,223644.39,755454.86,358,371882.68,10.73,240,0.4092,1.3842,Male,Divorced,PhD,Salaried,Business Loan,1,1,0,2,2,1
56,4,19.444767175918308,34960.57,419526.83,2,14172.0,274118.13,1162071.17,395,825077.5,13.18,84,0.4054,1.9667,Female,Married,Graduate,Salaried,Business Loan,1,0,1,0,2,1
53,2,19.709949454669392,20195.44,242345.22,3,5001.76,298502.57,370541.1,561,523870.41,10.15,60,0.2477,2.1617,Female,Married,High School,Self-employed,Business Loan,1,0,1,1,3,1
50,4,9.529289365472906,36277.79,435333.48,4,10535.66,337943.2,675357.78,653,711001.5,8.05,120,0.2904,1.6332,Female,Married,Post Graduate,Business,Personal Loan,0,0,1,3,0,5
57,4,15.916007730377434,33463.05,401556.55,3,13835.67,576520.16,1444090.22,611,190458.32,12.86,240,0.4135,0.4743,Male,Divorced,Post Graduate,Government,Business Loan,0,1,0,3,1,1
43,4,18.899191921405944,68613.02,823356.2,1,10723.99,876831.38,1519994.75,435,1327358.07,8.96,60,0.1563,1.6121,Female,Single,Graduate,Salaried,Gold Loan,0,0,2,0,2,3
30,3,9.17145977074838,90039.77,1080477.2,3,2259.04,1994229.78,6343980.73,772,239380.04,7.38,60,0.0251,0.2216,Male,Single,Graduate,Self-employed,Personal Loan,0,1,2,0,3,5
25,4,23.860917474123784,88336.57,1060038.86,0,21315.46,273276.69,795784.44,729,249502.04,7.88,48,0.2413,0.2354,Male,Divorced,High School,Student,Gold Loan,0,1,0,1,4,3
56,3,9.652450762965497,10000.0,120000.0,4,4568.59,168173.11,381077.34,836,709404.91,11.26,60,0.4569,5.9117,Male,Single,PhD,Self-employed,Gold Loan,1,1,2,2,3,3
54,4,2.143324605015917,20720.94,248651.24,3,8189.62,341172.88,1046564.03,445,583388.49,11.25,120,0.3952,2.3462,Male,Divorced,High School,Business,Education Loan,1,1,0,1,0,2
51,3,6.043637213523411,10000.0,120000.0,2,1833.09,228644.11,554070.12,823,450685.66,8.82,36,0.1833,3.7557,Female,Single,Post Graduate,Self-employed,Business Loan,0,0,2,3,3,1
30,4,12.25231255234693,17745.28,212943.32,4,574.69,169390.96,401926.85,386,866034.54,12.09,48,0.0324,4.067,Male,Single,Graduate,Salaried,Education Loan,1,1,2,0,2,2
39,0,27.241676644325068,24594.77,295137.23,2,7832.44,197374.83,406904.41,408,174757.72,12.42,240,0.3185,0.5921,Male,Married,Graduate,Salaried,Business Loan,1,1,1,0,2,1
52,2,12.472850756174914,46459.53,557514.4,1,19385.03,230673.87,729333.51,722,1934738.7,13.44,24,0.4172,3.4703,Female,Divorced,PhD,Self-employed,Agricultural Loan,0,0,0,2,3,0
21,4,2.6941140472212863,26583.34,319000.1,0,8838.28,188785.21,524154.9,644,296403.16,11.09,180,0.3325,0.9292,Female,Divorced,Post Graduate,Government,Gold Loan,0,0,0,3,1,3
25,0,5.893702999031505,27031.5,324377.94,3,5745.2,339069.23,605340.0,565,412202.94,12.46,240,0.2125,1.2707,Female,Married,Graduate,Self-employed,Agricultural Loan,1,0,1,0,3,0
24,2,16.33402458937627,40500.06,486000.76,4,2497.91,820830.9,863403.33,885,1958836.85,12.27,60,0.0617,4.0305,Female,Married,Graduate,Government,Personal Loan,0,0,1,0,1,5
36,1,5.329680141100329,13022.24,156266.92,3,5930.16,98169.38,157436.02,793,250809.25,8.8,120,0.4554,1.605,Male,Divorced,Graduate,Salaried,Agricultural Loan,1,1,0,0,2,0
44,4,1.9186383648280536,21957.06,263484.75,3,3029.62,101618.79,119029.99,632,1002927.72,9.17,84,0.138,3.8064,Male,Divorced,Graduate,Student,Gold Loan,0,1,0,0,4,3
36,1,21.4448539613487,26845.84,322150.04,4,3010.59,194872.71,531300.06,712,372704.98,10.35,12,0.1121,1.1569,Female,Married,Post Graduate,Government,Agricultural Loan,0,0,1,3,1,0
22,2,23.530421858864827,32162.58,385950.91,0,13121.96,106822.22,203003.6,490,225603.06,7.13,180,0.408,0.5845,Male,Divorced,PhD,Self-employed,Personal Loan,1,1,0,2,3,5
48,2,25.518997056311328,38031.59,456379.07,0,18658.68,848636.68,2275891.95,441,325464.49,9.08,240,0.4906,0.7131,Female,Married,High School,Business,Home Loan,1,0,1,1,0,4
52,4,25.318024840773962,89356.55,1072278.65,1,29494.82,1882774.37,4363893.47,372,695943.78,10.32,12,0.3301,0.649,Female,Divorced,High School,Business,Vehicle Loan,0,0,0,1,0,6
47,0,11.377787401991275,62630.13,751561.52,4,19565.98,507010.26,1598126.37,466,995910.89,7.76,180,0.3124,1.3251,Female,Married,PhD,Self-employed,Gold Loan,1,0,1,2,3,3
40,4,22.034099462770858,22889.05,274668.62,4,3655.73,152915.34,595676.71,467,529921.8,7.88,36,0.1597,1.9293,Female,Divorced,PhD,Salaried,Agricultural Loan,1,0,0,2,2,0
44,0,17.506165784510568,31045.3,372543.55,2,316.87,677536.82,1976548.19,865,123209.95,10.24,84,0.0102,0.3307,Female,Divorced,Post Graduate,Salaried,Home Loan,0,0,0,3,2,4
32,4,0.7009290549973934,29802.17,357626.05,2,2858.0,31016.75,38704.95,558,735587.9,12.12,180,0.0959,2.0569,Female,Single,High School,Salaried,Gold Loan,1,0,2,1,2,3
55,0,12.047943291235997,26675.7,320108.46,2,7795.05,395154.77,422832.17,738,394863.15,12.84,60,0.2922,1.2335,Female,Divorced,PhD,Self-employed,Education Loan,0,0,0,2,3,2
53,3,1.5863687770539625,42766.46,513197.55,0,3235.63,943774.0,1748742.12,410,183141.4,10.82,180,0.0757,0.3569,Male,Married,Graduate,Business,Vehicle Loan,1,1,1,0,0,6
53,0,2.50068166320896,11898.08,142776.95,1,5257.97,151067.8,407863.42,830,583683.93,10.32,120,0.4419,4.0881,Female,Single,Post Graduate,Student,Agricultural Loan,0,0,2,3,4,0
63,0,1.6800734143013762,61600.71,739208.49,1,5794.92,65804.34,77624.13,589,1095883.69,9.69,120,0.0941,1.4825,Male,Married,PhD,Business,Gold Loan,0,1,1,2,0,3
57,2,28.828396148959715,100321.02,1203852.18,3,26189.02,605341.31,1398904.54,861,444797.84,8.35,120,0.2611,0.3695,Female,Married,High School,Salaried,Business Loan,0,0,1,1,2,1
32,1,25.32602972402301,30887.15,370645.86,1,7907.32,686193.87,3120880.29,809,926033.93,8.03,240,0.256,2.4984,Female,Married,Graduate,Self-employed,Agricultural Loan,0,0,1,0,3,0
23,4,13.173134325005403,30527.44,366329.32,2,9218.46,42479.42,57775.24,474,640443.91,12.54,84,0.302,1.7483,Male,Married,PhD,Self-employed,Education Loan,1,1,1,2,3,2
21,2,7.4399240329372995,39903.79,478845.46,4,6532.93,402227.58,1928305.58,601,647091.79,10.26,84,0.1637,1.3514,Male,Divorced,High School,Student,Education Loan,0,1,0,1,4,2
53,1,2.1735248856913083,66945.33,803343.95,3,29239.52,1282948.91,5679213.39,484,346490.42,12.53,240,0.4368,0.4313,Female,Married,Post Graduate,Business,Home Loan,1,0,1,3,0,4
60,2,12.935887544829331,29894.32,358731.84,0,6641.05,606140.01,2622843.34,638,851672.41,11.93,84,0.2222,2.3741,Male,Single,High School,Salaried,Business Loan,0,1,2,1,2,1
30,2,18.010586431727464,63599.9,763198.74,1,22264.85,762243.63,3395516.41,809,919277.28,8.36,120,0.3501,1.2045,Male,Single,High School,Student,Education Loan,0,1,2,1,4,2
63,4,23.913099693352972,48683.57,584202.8,4,15479.2,309000.74,407943.11,609,834121.43,10.57,120,0.318,1.4278,Male,Married,High School,Salaried,Agricultural Loan,0,1,1,1,2,0
64,3,1.546829585329338,149786.6,1797439.15,2,8774.21,2215824.35,3555672.12,806,344197.4,10.11,24,0.0586,0.1915,Female,Divorced,Post Graduate,Business,Business Loan,0,0,0,3,0,1
49,2,12.536100525499966,29816.07,357792.84,0,9282.33,210707.03,323959.89,645,972926.5,9.97,180,0.3113,2.7192,Male,Single,PhD,Student,Home Loan,0,1,2,2,4,4
33,4,29.305723369005417,11096.66,133159.96,0,3055.48,76246.04,110173.03,380,602625.73,10.8,84,0.2754,4.5256,Male,Divorced,PhD,Salaried,Personal Loan,1,1,0,2,2,5
32,0,3.6216160623785356,15370.98,184451.75,1,6906.21,300883.76,695295.68,673,203239.35,13.87,48,0.4493,1.1019,Female,Single,Graduate,Government,Personal Loan,0,0,2,0,1,5
51,1,12.008981843576784,36576.34,438916.12,4,16109.62,166353.39,718790.94,455,326050.05,12.69,120,0.4404,0.7429,Female,Married,PhD,Self-employed,Personal Loan,1,0,1,2,3,5
22,4,8.251659708470855,67287.47,807449.59,2,5078.68,75832.57,152260.32,731,289431.18,13.33,180,0.0755,0.3585,Female,Single,Post Graduate,Business,Personal Loan,0,0,2,3,0,5
55,3,4.0211806621892885,24550.67,294608.07,2,1002.71,214716.01,424469.22,799,90190.78,7.21,12,0.0408,0.3061,Female,Married,High School,Self-employed,Agricultural Loan,0,0,1,1,3,0
43,4,25.16837064722961,31616.69,379400.32,2,4657.02,388645.07,1439368.41,446,987301.2,7.98,48,0.1473,2.6023,Female,Divorced,Post Graduate,Salaried,Agricultural Loan,0,0,0,3,2,0
37,4,20.913456310319262,54770.43,657245.1,2,27018.6,942974.14,1308565.6,780,5000000.0,7.59,48,0.4933,7.6075,Female,Single,High School,Student,Gold Loan,1,0,2,1,4,3
46,0,12.346694527052458,20350.49,244205.92,1,219.52,385960.36,942175.53,734,1163191.78,8.84,240,0.0108,4.7632,Female,Single,PhD,Salaried,Agricultural Loan,0,0,2,2,2,0
28,1,11.072018482281019,25165.73,301988.74,1,8466.91,409218.44,892794.02,818,503977.78,10.09,84,0.3364,1.6689,Male,Married,Graduate,Government,Business Loan,0,1,1,0,1,1
49,1,24.83246278405401,18022.28,216267.35,4,5483.4,277717.99,1218960.75,368,292829.27,11.49,48,0.3043,1.354,Male,Divorced,Graduate,Government,Home Loan,1,1,0,0,1,4
46,3,2.7235153695521843,73639.5,883674.01,3,23806.85,1201223.78,3673348.46,485,211067.44,10.51,12,0.3233,0.2389,Male,Married,PhD,Business,Personal Loan,1,1,1,2,0,5
30,1,4.404998413539785,91583.25,1098999.01,1,9995.67,663530.72,2379351.0,503,499077.32,13.32,180,0.1091,0.4541,Male,Married,High School,Self-employed,Education Loan,1,1,1,1,3,2
46,0,27.196500242806145,14077.75,168933.03,2,1595.84,137881.88,209047.87,853,959958.38,13.58,240,0.1134,5.6825,Female,Divorced,PhD,Salaried,Business Loan,0,0,0,2,2,1
54,3,24.516199621521867,33345.85,400150.24,4,7180.06,506124.68,2386718.5,312,257901.77,8.14,60,0.2153,0.6445,Male,Married,Post Graduate,Government,Agricultural Loan,1,1,1,3,1,0
61,0,23.246332877137004,84487.21,1013846.46,2,4049.38,211904.49,485220.72,573,3441466.14,12.97,60,0.0479,3.3945,Female,Married,PhD,Student,Home Loan,1,0,1,2,4,4
27,0,18.71927772911446,46129.92,553559.08,1,1720.95,359466.64,1375806.58,597,146210.92,10.37,180,0.0373,0.2641,Female,Divorced,PhD,Salaried,Agricultural Loan,0,0,0,2,2,0
24,4,8.773501547201606,27077.45,324929.37,4,1196.27,280187.56,1350085.09,350,529452.41,10.17,180,0.0442,1.6294,Male,Single,High School,Business,Business Loan,1,1,2,1,0,1
31,4,28.043598157812543,14361.45,172337.39,2,4114.41,190564.01,578284.69,799,468005.57,12.49,60,0.2865,2.7156,Male,Divorced,PhD,Student,Business Loan,0,1,0,2,4,1
49,4,14.756064652040148,72530.81,870369.73,3,14424.27,884084.47,2678900.64,668,444764.91,7.65,48,0.1989,0.511,Female,Divorced,Post Graduate,Self-employed,Business Loan,0,0,0,3,3,1
56,2,8.418585934932066,45085.19,541022.3,0,6618.88,789758.8,1160153.86,656,280664.72,13.18,84,0.1468,0.5188,Male,Divorced,PhD,Business,Gold Loan,0,1,0,2,0,3
45,0,10.967238198388758,15006.04,180072.5,0,2369.6,178404.03,456910.96,302,472585.1,11.7,60,0.1579,2.6244,Female,Married,Post Graduate,Self-employed,Agricultural Loan,1,0,1,3,3,0
41,1,0.5052304558780385,74156.62,889879.45,2,7685.71,1616242.78,7127403.99,553,308717.87,13.13,180,0.1036,0.3469,Female,Divorced,PhD,Self-employed,Personal Loan,0,0,0,2,3,5
56,3,7.654771854841371,13901.58,166818.97,0,2860.29,135503.19,208732.63,774,1239615.14,13.96,240,0.2058,7.4309,Female,Married,High School,Government,Agricultural Loan,0,0,1,1,1,0
30,2,5.63868325969691,31815.48,381785.78,3,3230.2,416259.43,1943938.4,805,1617867.15,10.63,12,0.1015,4.2376,Female,Divorced,Graduate,Self-employed,Home Loan,0,0,0,0,3,4
57,4,4.066699262135833,30984.15,371809.84,3,10814.18,33271.99,122082.84,555,324216.05,7.65,240,0.349,0.872,Female,Divorced,Graduate,Student,Vehicle Loan,1,0,0,0,4,6
29,2,0.9641997954046244,95896.89,1150762.64,2,5942.37,780695.88,2095262.33,449,118660.7,8.17,240,0.062,0.1031,Female,Married,Post Graduate,Student,Personal Loan,1,0,1,3,4,5
44,2,6.806263302523794,31050.57,372606.78,3,14721.73,649924.92,2070656.68,787,570414.0,9.27,84,0.4741,1.5309,Male,Married,PhD,Student,Home Loan,0,1,1,2,4,4
55,0,3.1055615421121407,30983.63,371803.6,0,1391.46,268698.03,430450.6,578,554197.02,7.72,60,0.0449,1.4906,Male,Single,High School,Salaried,Personal Loan,0,1,2,1,2,5
55,0,1.3542113464204453,16028.97,192347.64,2,7561.35,109370.24,204515.04,358,481263.32,12.71,120,0.4717,2.502,Female,Single,PhD,Government,Vehicle Loan,1,0,2,2,1,6
56,1,4.119667772951811,24729.73,296756.75,0,10303.58,333884.73,716394.32,745,677633.71,9.08,180,0.4166,2.2835,Male,Married,High School,Government,Agricultural Loan,0,1,1,1,1,0
38,3,6.072100905800932,22239.44,266873.32,3,7569.33,62510.46,158738.08,412,1336042.24,13.83,240,0.3404,5.0063,Female,Single,High School,Student,Education Loan,1,0,2,1,4,2
59,3,12.47886975338098,22945.26,275343.1,3,10466.5,303495.05,1414920.62,868,861454.69,11.92,240,0.4562,3.1287,Female,Married,PhD,Salaried,Education Loan,1,0,1,2,2,2
52,4,17.510870587221888,36452.7,437432.36,4,2537.45,291049.75,718973.25,788,676811.62,8.21,36,0.0696,1.5472,Female,Single,PhD,Self-employed,Vehicle Loan,0,0,2,2,3,6
44,1,9.667975872999486,10000.0,120000.0,1,881.57,98113.66,303695.25,706,808658.87,10.33,180,0.0882,6.7388,Male,Single,Graduate,Self-employed,Home Loan,0,1,2,0,3,4
43,3,4.237782464365334,14674.43,176093.17,1,1850.1,281769.54,464385.69,666,541003.3,10.27,12,0.1261,3.0723,Male,Married,PhD,Self-employed,Gold Loan,0,1,1,2,3,3
52,2,28.20971487535239,33975.29,407703.44,2,4158.77,551254.88,2174090.17,359,207657.89,10.45,120,0.1224,0.5093,Male,Divorced,Graduate,Government,Personal Loan,1,1,0,0,1,5
57,2,15.445611366628842,39056.04,468672.48,0,6070.25,439788.2,1425407.82,628,1411784.59,10.75,60,0.1554,3.0123,Male,Married,Post Graduate,Self-employed,Gold Loan,0,1,1,3,3,3
32,3,22.256409980872228,31569.3,378831.57,1,9086.13,450900.33,1244318.01,768,480252.29,7.22,24,0.2878,1.2677,Female,Single,Graduate,Salaried,Personal Loan,0,0,2,0,2,5
33,2,20.833054238066115,35437.41,425248.91,2,499.18,660473.63,3162840.35,866,207575.12,11.8,24,0.0141,0.4881,Female,Single,Graduate,Salaried,Gold Loan,0,0,2,0,2,3
43,2,8.54690271383108,28410.95,340931.44,3,5430.36,515744.78,2353138.87,362,179443.73,10.41,180,0.1911,0.5263,Female,Married,High School,Self-employed,Personal Loan,1,0,1,1,3,5
45,4,16.795857761448854,35914.53,430974.36,1,4424.4,188996.6,687578.16,483,212301.06,12.54,60,0.1232,0.4926,Male,Single,High School,Government,Education Loan,0,1,2,1,1,2
55,2,18.06492347556129,47121.53,565458.38,0,14292.66,373256.35,1749545.7,610,165022.25,12.71,36,0.3033,0.2918,Male,Married,Graduate,Business,Agricultural Loan,0,1,1,0,0,0
61,3,10.553730722498637,46923.8,563085.57,4,23113.94,422757.58,1377820.72,837,755479.21,8.61,12,0.4926,1.3417,Male,Single,Post Graduate,Student,Personal Loan,0,1,2,3,4,5
50,0,20.1229969645208,24019.59,288235.06,4,6216.93,127627.43,549786.87,476,384581.38,7.34,120,0.2588,1.3343,Male,Single,High School,Self-employed,Personal Loan,1,1,2,1,3,5
37,2,23.720296543173156,62884.62,754615.4,1,13384.53,80474.29,212278.35,874,823075.98,11.92,36,0.2128,1.0907,Female,Divorced,Post Graduate,Self-employed,Vehicle Loan,0,0,0,3,3,6
40,3,10.926316521234359,39905.33,478863.98,4,7347.44,199576.43,268824.81,728,1127573.91,13.84,120,0.1841,2.3547,Female,Married,Graduate,Student,Vehicle Loan,0,0,1,0,4,6
45,2,0.44746114627175926,76063.85,912766.18,2,29853.13,1490061.84,7415433.37,372,916782.5,10.13,24,0.3925,1.0044,Male,Divorced,PhD,Business,Personal Loan,1,1,0,2,0,5
42,1,10.48007812892651,85795.64,1029547.67,0,3087.83,1163060.3,1933618.09,466,734700.88,8.82,48,0.036,0.7136,Male,Divorced,Graduate,Self-employed,Personal Loan,0,1,0,0,3,5
33,4,3.5044681039982573,15280.98,183371.72,3,7333.12,135360.95,271539.5,524,556834.47,8.1,24,0.4799,3.0366,Male,Single,PhD,Self-employed,Agricultural Loan,1,1,2,2,3,0
39,0,4.668236675501703,21689.5,260273.98,0,4532.21,325167.27,537310.81,876,379917.56,9.01,48,0.209,1.4597,Female,Married,High School,Business,Home Loan,0,0,1,1,0,4
56,2,10.978484308355247,59167.57,710010.81,3,9280.45,1065973.83,2504951.18,880,400746.0,9.3,60,0.1569,0.5644,Male,Single,High School,Student,Education Loan,0,1,2,1,4,2
32,3,6.228632946303403,13373.96,160487.48,4,6513.57,122396.3,264023.56,308,706084.92,9.97,180,0.487,4.3996,Male,Married,High School,Salaried,Personal Loan,1,1,1,1,2,5
61,0,28.046668601607344,85144.59,1021735.11,2,39842.51,997870.9,3397160.66,535,205037.4,11.59,24,0.4679,0.2007,Male,Divorced,High School,Self-employed,Personal Loan,1,1,0,1,3,5
39,2,19.584087670124983,29545.03,354540.31,3,9482.98,73180.19,364864.74,327,423747.14,8.91,36,0.321,1.1952,Male,Single,Graduate,Self-employed,Agricultural Loan,1,1,2,0,3,0
32,1,15.550924783326476,51278.14,615337.68,4,474.51,755485.06,914164.29,326,244195.95,7.36,60,0.0093,0.3968,Male,Single,Graduate,Government,Education Loan,1,1,2,0,1,2
29,3,0.29173028029180315,33865.96,406391.5,3,12674.93,311477.52,1281347.63,849,1130743.19,9.61,240,0.3743,2.7824,Female,Divorced,High School,Business,Home Loan,0,0,0,1,0,4
27,4,3.1085322973734297,15749.54,188994.45,1,2642.44,172788.87,261251.19,495,785162.41,12.99,60,0.1678,4.1544,Female,Divorced,Post Graduate,Self-employed,Business Loan,1,0,0,3,3,1
48,2,23.65433540142847,68413.59,820963.07,0,13281.82,733380.97,791567.49,502,2445997.46,10.49,240,0.1941,2.9794,Male,Married,PhD,Government,Vehicle Loan,1,1,1,2,1,6
34,3,11.692312891185269,189176.14,2270113.68,2,15015.11,2940821.35,10452582.73,384,241310.31,13.75,48,0.0794,0.1063,Male,Single,High School,Salaried,Agricultural Loan,0,1,2,1,2,0
51,2,1.3647958835572083,26662.01,319944.14,4,6978.22,377712.8,1697162.15,329,262924.17,10.53,60,0.2617,0.8218,Male,Divorced,High School,Business,Agricultural Loan,1,1,0,1,0,0
39,4,24.76677281377733,29929.05,359148.6,2,11141.88,320493.41,546503.45,765,463240.15,8.93,240,0.3723,1.2898,Male,Married,High School,Salaried,Vehicle Loan,0,1,1,1,2,6
36,1,9.079380395921492,10000.0,120000.0,0,1365.06,13899.65,32892.91,398,247615.69,8.35,48,0.1365,2.0635,Male,Married,Post Graduate,Government,Education Loan,1,1,1,3,1,2
25,4,11.588868659226675,81707.55,980490.65,3,38350.79,1248666.3,2091517.07,489,680168.5,11.86,60,0.4694,0.6937,Female,Divorced,High School,Student,Personal Loan,1,0,0,1,4,5
55,4,29.231072119230856,62759.12,753109.45,3,6110.76,1332393.82,6163694.16,311,424742.12,10.75,60,0.0974,0.564,Male,Single,PhD,Business,Agricultural Loan,1,1,2,2,0,0
32,4,0.4653822310344691,12835.5,154025.94,2,425.25,240019.73,499587.09,329,299292.14,11.23,48,0.0331,1.9431,Male,Divorced,PhD,Student,Business Loan,1,1,0,2,4,1
45,0,21.639731794365293,10520.37,126244.45,3,3389.47,248040.46,689267.62,337,1056089.67,12.29,48,0.3222,8.3654,Male,Divorced,Graduate,Government,Vehicle Loan,1,1,0,0,1,6
41,3,28.466525289353726,11276.33,135315.98,3,4788.6,47346.3,216797.06,871,100743.12,12.08,60,0.4247,0.7445,Male,Married,Post Graduate,Business,Personal Loan,0,1,1,3,0,5
56,2,1.9157874705897815,53482.06,641784.67,3,25487.75,327201.14,1050798.89,593,682617.9,7.3,84,0.4766,1.0636,Female,Married,Graduate,Self-employed,Agricultural Loan,1,0,1,0,3,0
43,1,25.982310730954413,56783.15,681397.76,1,21781.19,761073.13,3600940.81,659,284672.31,12.62,120,0.3836,0.4178,Female,Married,Post Graduate,Government,Gold Loan,0,0,1,3,1,3
36,2,12.487250806081146,20868.57,250422.88,4,2083.21,134086.41,630984.04,479,850351.59,10.73,84,0.0998,3.3957,Male,Divorced,Post Graduate,Government,Personal Loan,1,1,0,3,1,5
59,0,26.3398954746061,48999.04,587988.5,4,23952.23,87935.88,250301.06,411,1029933.26,9.74,12,0.4888,1.7516,Male,Married,PhD,Salaried,Vehicle Loan,1,1,1,2,2,6
62,1,9.248237786712684,39947.7,479372.35,0,18364.67,409568.96,1363672.32,743,71604.96,10.76,24,0.4597,0.1494,Male,Divorced,High School,Student,Personal Loan,0,1,0,1,4,5
59,0,29.47988161499784,29133.33,349599.97,3,2376.81,221874.46,426277.88,320,373510.76,11.29,120,0.0816,1.0684,Male,Divorced,PhD,Business,Business Loan,1,1,0,2,0,1
34,2,19.41148229014196,64998.41,779980.93,2,18160.1,459311.23,2279168.14,444,463496.12,8.05,36,0.2794,0.5942,Male,Married,Graduate,Business,Personal Loan,0,1,1,0,0,5
51,1,18.81271081312071,17624.38,211492.6,3,4895.33,404003.3,853766.69,798,67086.05,9.92,24,0.2778,0.3172,Male,Divorced,Post Graduate,Self-employed,Business Loan,0,1,0,3,3,1
25,2,24.177101486439255,72295.96,867551.52,0,15996.74,468799.15,1937653.76,445,530831.89,9.35,84,0.2213,0.6119,Male,Married,Graduate,Business,Home Loan,0,1,1,0,0,4
55,3,13.097582089260998,23456.13,281473.54,3,11543.71,93283.83,210063.64,740,289977.23,9.45,48,0.4921,1.0302,Female,Divorced,PhD,Self-employed,Home Loan,0,0,0,2,3,4
43,0,7.760088963251207,105759.4,1269112.83,1,3152.81,410594.27,924727.71,720,168622.56,7.64,60,0.0298,0.1329,Female,Divorced,Post Graduate,Business,Business Loan,0,0,0,3,0,1
49,3,7.887905781572611,19867.02,238404.25,0,6230.39,388309.93,549633.96,615,262920.96,8.12,84,0.3136,1.1028,Male,Married,High School,Salaried,Personal Loan,0,1,1,1,2,5
63,3,9.918112524800314,29409.02,352908.26,4,3018.89,512937.61,1661704.1,465,228970.65,8.13,36,0.1027,0.6488,Female,Divorced,Post Graduate,Government,Agricultural Loan,1,0,0,3,1,0
31,2,18.520579037226454,37614.78,451377.34,4,9917.72,149638.45,296183.78,502,280215.48,9.61,12,0.2637,0.6208,Male,Divorced,Graduate,Business,Education Loan,1,1,0,0,0,2
38,2,25.151691918354807,37473.57,449682.82,1,14609.83,226877.04,361546.5,795,513034.67,13.26,36,0.3899,1.1409,Male,Married,Graduate,Government,Education Loan,0,1,1,0,1,2
32,4,14.987336352833724,48751.79,585021.43,4,6014.19,886740.82,1690719.27,767,969947.5,8.44,36,0.1234,1.658,Male,Single,Graduate,Student,Education Loan,0,1,2,0,4,2
29,4,12.103446910523868,16790.87,201490.44,1,3302.42,122844.98,246227.11,684,415705.04,9.91,84,0.1967,2.0632,Male,Married,Graduate,Government,Education Loan,0,1,1,0,1,2
30,1,23.815432160731643,35511.52,426138.29,4,16881.61,837200.8,2525277.09,613,1068970.35,9.18,48,0.4754,2.5085,Male,Single,Post Graduate,Student,Vehicle Loan,0,1,2,3,4,6
64,2,8.690037204032153,39453.54,473442.46,4,15021.55,529983.79,1348115.59,554,191613.2,12.51,120,0.3807,0.4047,Male,Divorced,Post Graduate,Business,Education Loan,1,1,0,3,0,2
37,0,20.67105807116498,26459.14,317509.72,3,7576.88,143307.57,186580.89,322,499974.02,7.35,24,0.2864,1.5747,Male,Single,PhD,Salaried,Vehicle Loan,1,1,2,2,2,6
58,2,3.174156621794854,46278.61,555343.33,0,5136.87,960401.25,3019611.33,638,2386382.64,8.38,48,0.111,4.2971,Male,Married,PhD,Salaried,Agricultural Loan,0,1,1,2,2,0
27,2,3.39714798745773,16190.47,194285.64,4,3442.95,135157.03,561035.45,792,123939.42,8.47,180,0.2127,0.6379,Male,Divorced,Post Graduate,Government,Education Loan,0,1,0,3,1,2
33,3,19.321664302940594,29855.6,358267.19,0,11555.03,228173.48,752274.42,810,120209.8,13.95,84,0.387,0.3355,Male,Single,PhD,Salaried,Business Loan,0,1,2,2,2,1
60,3,2.4825154282680426,23111.59,277339.09,0,9482.03,197168.41,965762.61,665,1231788.04,11.0,36,0.4103,4.4415,Female,Married,Post Graduate,Student,Personal Loan,0,0,1,3,4,5
62,4,4.651534918511816,29909.8,358917.59,4,3658.06,558372.19,779823.06,671,527772.24,7.97,24,0.1223,1.4705,Male,Single,High School,Salaried,Business Loan,0,1,2,1,2,1
29,1,18.731071714810867,86527.82,1038333.86,0,28643.31,431245.82,1847719.88,898,273429.74,8.91,36,0.331,0.2633,Female,Married,Post Graduate,Salaried,Education Loan,0,0,1,3,2,2
47,1,13.146110913039777,87541.95,1050503.45,1,4158.37,856254.24,2588260.21,518,179200.59,8.17,12,0.0475,0.1706,Male,Divorced,PhD,Salaried,Agricultural Loan,1,1,0,2,2,0
22,2,16.838893586378155,77827.48,933929.77,2,903.28,133019.13,410547.69,774,429857.53,7.87,12,0.0116,0.4603,Male,Married,High School,Self-employed,Agricultural Loan,0,1,1,1,3,0
25,0,29.30828737766687,27519.38,330232.52,1,7549.58,550729.1,1694262.87,722,492309.7,12.58,24,0.2743,1.4908,Male,Single,PhD,Self-employed,Personal Loan,0,1,2,2,3,5
49,3,18.958831137958782,62603.16,751237.87,4,7023.44,553194.77,1273053.46,655,494262.4,10.47,36,0.1122,0.6579,Male,Divorced,Post Graduate,Government,Business Loan,0,1,0,3,1,1
57,0,17.725524127538268,38848.21,466178.52,1,1532.8,260592.9,598899.84,759,177804.88,11.42,240,0.0395,0.3814,Male,Divorced,PhD,Business,Personal Loan,0,1,0,2,0,5
58,3,11.404142441802929,37322.58,447870.98,2,13619.54,535114.17,1887549.98,802,337878.24,9.32,180,0.3649,0.7544,Female,Married,Post Graduate,Business,Business Loan,0,0,1,3,0,1
39,2,18.926327849982396,34668.38,416020.51,1,8631.99,596809.62,703674.55,326,280838.1,10.88,240,0.249,0.6751,Female,Divorced,PhD,Student,Home Loan,0,0,0,2,4,4
28,1,0.389985770962219,104302.51,1251630.13,0,41526.85,2054405.76,6892827.53,522,742037.54,8.8,120,0.3981,0.5929,Male,Single,PhD,Student,Agricultural Loan,0,1,2,2,4,0
21,2,16.719607480278754,82413.39,988960.64,4,27358.95,741642.5,2891191.57,447,186398.19,9.16,120,0.332,0.1885,Female,Divorced,Post Graduate,Government,Business Loan,1,0,0,3,1,1
42,3,2.0669208153176113,56779.91,681358.92,0,20719.13,1117594.41,2710507.5,723,470157.12,11.57,60,0.3649,0.69,Male,Married,High School,Self-employed,Business Loan,0,1,1,1,3,1
37,1,6.605167408151616,32788.05,393456.61,0,5038.88,383366.51,716676.0,650,3639588.32,8.05,120,0.1537,9.2503,Female,Married,Post Graduate,Salaried,Gold Loan,0,0,1,3,2,3
27,0,16.893630065596636,37187.82,446253.79,4,4895.33,123696.8,229277.91,485,176489.32,11.32,48,0.1316,0.3955,Male,Divorced,Post Graduate,Self-employed,Business Loan,1,1,0,3,3,1
45,0,20.0385164552796,49928.14,599137.63,4,15000.28,1021782.9,1356272.33,714,243333.84,12.97,60,0.3004,0.4061,Female,Single,Post Graduate,Self-employed,Gold Loan,0,0,2,3,3,3
24,4,11.543896212021403,26556.63,318679.54,3,2656.75,361053.3,490627.12,728,410409.22,7.84,12,0.1,1.2878,Female,Divorced,Graduate,Government,Business Loan,0,0,0,0,1,1
56,0,12.569397479681804,63766.89,765202.73,2,25998.15,947372.0,1579033.67,340,50000.0,13.28,48,0.4077,0.0653,Female,Divorced,Graduate,Self-employed,Personal Loan,1,0,0,0,3,5
26,4,14.940672174416523,20894.74,250736.93,0,5463.14,471433.47,507588.47,692,141285.51,7.56,36,0.2615,0.5635,Female,Married,PhD,Business,Agricultural Loan,0,0,1,2,0,0
51,1,22.772238232336946,45940.68,551288.12,0,5214.04,636760.03,1314872.29,378,567249.23,9.44,24,0.1135,1.029,Male,Divorced,Graduate,Self-employed,Business Loan,0,1,0,0,3,1
39,2,0.5288331477050179,10000.0,120000.0,4,3125.84,11284.21,25114.22,843,384409.59,11.27,24,0.3126,3.2034,Male,Single,High School,Business,Gold Loan,0,1,2,1,0,3
64,2,13.412039962650868,26098.39,313180.67,4,12331.96,548696.83,2732995.81,749,1028658.13,10.92,180,0.4725,3.2846,Male,Single,Post Graduate,Student,Gold Loan,0,1,2,3,4,3
59,1,0.4282079372047942,126324.12,1515889.46,1,5185.27,953655.52,4736569.44,773,365674.96,7.67,12,0.041,0.2412,Male,Single,High School,Student,Education Loan,0,1,2,1,4,2
47,1,9.574255818983492,67623.77,811485.3,0,3697.17,848045.36,1482548.98,441,340811.45,12.59,180,0.0547,0.42,Male,Single,Post Graduate,Government,Agricultural Loan,0,1,2,3,1,0
30,3,15.595458639396728,91242.96,1094915.47,0,38497.19,521215.52,965358.18,550,252130.83,13.81,240,0.4219,0.2303,Female,Single,High School,Salaried,Gold Loan,1,0,2,1,2,3
46,0,2.397578510024444,24333.65,292003.79,4,1333.41,190547.61,565473.94,593,336288.24,8.27,84,0.0548,1.1517,Male,Divorced,Graduate,Self-employed,Gold Loan,1,1,0,0,3,3
39,0,14.556405839291166,38648.52,463782.21,0,760.9,649021.6,1035278.59,435,167833.84,13.27,12,0.0197,0.3619,Male,Single,Post Graduate,Salaried,Gold Loan,1,1,2,3,2,3
59,0,27.73721710876528,78369.91,940438.94,2,13633.64,852679.3,2571815.18,783,393181.76,10.9,120,0.174,0.4181,Female,Single,Graduate,Business,Business Loan,0,0,2,0,0,1
23,4,20.5602701311223,53096.0,637152.05,3,12390.11,818953.01,2127278.62,611,203413.18,13.55,60,0.2334,0.3193,Male,Divorced,Graduate,Salaried,Home Loan,0,1,0,0,2,4
33,0,23.467580156304226,49273.39,591280.72,4,14029.23,982621.88,2258548.1,854,167944.3,8.23,240,0.2847,0.284,Male,Divorced,Post Graduate,Self-employed,Gold Loan,0,1,0,3,3,3
48,3,17.41242654649792,96601.46,1159217.58,4,24502.97,853851.31,3663381.34,345,265251.59,12.54,120,0.2537,0.2288,Male,Single,High School,Salaried,Education Loan,1,1,2,1,2,2
40,2,26.890769401416804,19452.43,233429.1,0,8881.83,273731.04,1180457.12,535,634709.22,7.42,60,0.4566,2.7191,Female,Single,PhD,Salaried,Agricultural Loan,1,0,2,2,2,0
48,2,4.406078760760808,32515.01,390180.15,3,12496.63,614030.45,3040407.3,347,495738.78,13.18,24,0.3843,1.2705,Male,Married,Graduate,Salaried,Vehicle Loan,1,1,1,0,2,6
28,4,13.493580996139398,12677.05,152124.62,3,6235.91,221187.08,418563.92,497,754707.26,11.72,48,0.4919,4.9611,Female,Single,Graduate,Government,Agricultural Loan,1,0,2,0,1,0
61,3,17.910997031474505,18824.91,225898.94,4,4484.62,252562.53,1149944.97,383,211379.65,9.59,24,0.2382,0.9357,Female,Single,Post Graduate,Salaried,Home Loan,1,0,2,3,2,4
59,1,26.204260247289206,69183.05,830196.65,4,2917.09,679226.83,2140504.37,842,437767.44,8.33,240,0.0422,0.5273,Female,Married,Post Graduate,Self-employed,Education Loan,0,0,1,3,3,2
21,2,9.240307363863456,20943.64,251323.72,4,10006.15,217238.89,731190.85,460,1726201.14,12.72,24,0.4778,6.8684,Female,Divorced,High School,Self-employed,Agricultural Loan,1,0,0,1,3,0
23,3,0.0338393329729203,56461.52,677538.19,2,116.12,618937.34,2837934.7,727,1353239.34,11.22,24,0.0021,1.9973,Male,Divorced,Graduate,Salaried,Personal Loan,0,1,0,0,2,5
33,1,29.232423331293912,98232.37,1178788.38,0,38118.87,886394.56,4228565.79,370,159578.38,9.52,24,0.388,0.1354,Male,Divorced,PhD,Government,Education Loan,1,1,0,2,1,2
48,4,0.7793191239859443,32638.15,391657.79,2,510.49,557418.45,2177970.45,819,197457.15,10.11,12,0.0156,0.5042,Male,Single,Graduate,Business,Vehicle Loan,0,1,2,0,0,6
45,0,4.571001817192027,49608.53,595302.35,4,18881.36,192706.85,460833.33,351,1720243.33,12.79,240,0.3806,2.8897,Male,Married,High School,Salaried,Home Loan,1,1,1,1,2,4
53,3,12.661389883448548,56725.96,680711.55,3,26602.74,1318960.58,3902371.7,344,634911.15,9.37,180,0.469,0.9327,Female,Married,PhD,Government,Vehicle Loan,1,0,1,2,1,6
58,2,14.891094389935809,17450.14,209401.68,0,3396.32,330098.48,1142211.87,592,379806.02,7.63,24,0.1946,1.8138,Male,Single,Post Graduate,Student,Business Loan,1,1,2,3,4,1
26,4,25.03397872287555,25087.59,301051.08,0,3022.61,197132.02,850537.95,764,347343.91,13.38,24,0.1205,1.1538,Male,Single,Post Graduate,Self-employed,Personal Loan,0,1,2,3,3,5
64,3,13.434538497469918,19886.64,238639.64,4,2249.97,39347.58,142902.19,849,530708.31,9.71,60,0.1131,2.2239,Female,Single,Post Graduate,Student,Personal Loan,0,0,2,3,4,5
52,4,16.42287409952582,26316.89,315802.65,4,6470.24,456860.46,1124694.73,679,536056.48,9.44,48,0.2459,1.6974,Female,Single,High School,Self-employed,Business Loan,0,0,2,1,3,1
41,1,5.999996125563594,55807.66,669691.92,4,4768.4,998413.44,2667283.28,777,288794.63,8.43,24,0.0854,0.4312,Male,Divorced,Post Graduate,Business,Personal Loan,0,1,0,3,0,5
36,3,17.07476097419702,25409.59,304915.09,4,8549.36,588570.48,707315.05,561,388263.53,13.28,180,0.3365,1.2733,Male,Married,PhD,Government,Business Loan,1,1,1,2,1,1
41,0,10.451512289563517,35557.56,426690.72,4,6548.86,243044.02,1141595.13,879,280807.13,8.52,180,0.1842,0.6581,Female,Married,Post Graduate,Business,Agricultural Loan,0,0,1,3,0,0
31,1,2.9619684382755693,19429.02,233148.22,4,3138.85,56396.17,76274.47,478,506354.56,11.46,48,0.1616,2.1718,Female,Married,High School,Student,Business Loan,1,0,1,1,4,1
57,0,28.3938867404593,75799.98,909599.75,0,17482.72,1671245.48,5548072.33,656,245228.56,13.17,48,0.2306,0.2696,Female,Divorced,Graduate,Government,Business Loan,0,0,0,0,1,1
56,4,2.450528563301634,26184.79,314217.49,2,7103.77,181956.22,816366.14,718,160460.44,7.24,240,0.2713,0.5107,Female,Divorced,Graduate,Student,Education Loan,0,0,0,0,4,2
55,0,20.33636791144998,90561.85,1086742.21,3,6426.73,1593455.99,4275976.99,500,1440211.61,12.8,48,0.071,1.3253,Female,Married,PhD,Salaried,Education Loan,1,0,1,2,2,2
39,1,27.245794587834208,37667.67,452012.04,4,13329.9,90220.54,378971.54,312,418461.23,9.87,240,0.3539,0.9258,Male,Divorced,High School,Student,Agricultural Loan,1,1,0,1,4,0
40,1,5.376139626691313,15612.08,187344.96,3,6892.32,288721.23,1217036.3,742,1719671.3,11.61,36,0.4415,9.1792,Female,Divorced,Post Graduate,Business,Gold Loan,1,0,0,3,0,3
38,1,7.113529983870645,32773.78,393285.31,0,4555.34,128525.5,159292.46,585,94294.09,9.61,24,0.139,0.2398,Male,Married,Post Graduate,Business,Personal Loan,0,1,1,3,0,5
61,4,12.801202954272345,19193.63,230323.6,3,1731.18,326262.71,864131.22,557,138748.96,11.87,180,0.0902,0.6024,Male,Single,Graduate,Salaried,Vehicle Loan,1,1,2,0,2,6
34,2,8.835299045582913,51720.51,620646.08,0,19666.86,684980.7,2578337.2,869,642701.6,8.78,36,0.3803,1.0355,Male,Married,Post Graduate,Government,Personal Loan,0,1,1,3,1,5
35,4,22.770994192116135,31044.67,372536.01,1,2849.0,713289.33,1918330.32,847,418743.54,7.15,24,0.0918,1.124,Female,Single,Graduate,Student,Home Loan,0,0,2,0,4,4
51,1,10.144601265197103,40051.69,480620.28,2,826.17,74059.81,235559.75,789,175228.82,13.63,180,0.0206,0.3646,Male,Divorced,Graduate,Student,Education Loan,0,1,0,0,4,2
21,4,29.57506621255804,29096.94,349163.22,1,9009.04,224544.58,758473.77,797,1098214.55,7.11,180,0.3096,3.1453,Male,Single,Post Graduate,Student,Personal Loan,0,1,2,3,4,5
23,3,25.76361697529909,26024.52,312294.29,0,3119.71,67630.06,108540.67,632,220595.36,12.77,60,0.1199,0.7064,Female,Single,Graduate,Government,Gold Loan,0,0,2,0,1,3
36,3,26.860324013530313,20248.31,242979.76,1,1739.44,429700.51,1137814.65,861,1154110.6,8.18,240,0.0859,4.7498,Male,Single,Graduate,Business,Personal Loan,0,1,2,0,0,5
43,2,1.9099285580241843,59978.04,719736.47,0,29437.3,879261.65,979368.13,331,418173.68,9.75,84,0.4908,0.581,Male,Single,High School,Salaried,Gold Loan,1,1,2,1,2,3
31,4,5.289253782872524,32731.99,392783.87,1,4776.66,435476.24,696110.65,342,187973.36,12.76,60,0.1459,0.4786,Male,Divorced,Post Graduate,Government,Education Loan,1,1,0,3,1,2
32,4,5.081052207564978,30067.06,360804.71,0,13581.94,120975.76,368857.06,650,259110.32,8.44,36,0.4517,0.7181,Male,Married,High School,Salaried,Education Loan,0,1,1,1,2,2
30,3,20.15893944526932,32243.5,386921.96,2,2873.2,394910.03,1300969.49,633,1326059.64,13.06,120,0.0891,3.4272,Female,Married,Post Graduate,Self-employed,Gold Loan,0,0,1,3,3,3
52,1,0.357341225255019,24165.54,289986.48,2,9895.51,245767.99,389526.93,858,348642.52,10.48,240,0.4095,1.2023,Female,Single,Post Graduate,Salaried,Business Loan,0,0,2,3,2,1
36,0,24.192785999280062,30127.36,361528.37,2,7562.25,248921.11,1001279.45,569,963061.64,9.56,48,0.251,2.6639,Male,Married,Post Graduate,Self-employed,Agricultural Loan,0,1,1,3,3,0
28,1,16.411380552760626,41084.16,493009.9,0,1614.5,770753.03,1920679.2,712,1356410.01,11.64,120,0.0393,2.7513,Female,Married,Post Graduate,Salaried,Home Loan,0,0,1,3,2,4
58,2,16.989390947621807,19526.3,234315.66,3,7162.3,47045.68,220296.09,874,414845.48,9.39,36,0.3668,1.7705,Male,Married,PhD,Self-employed,Business Loan,0,1,1,2,3,1
32,0,16.120092667230352,21298.43,255581.2,1,9499.88,338086.47,862340.56,318,370069.33,9.43,24,0.446,1.448,Male,Married,PhD,Student,Agricultural Loan,1,1,1,2,4,0
44,1,16.060376691698167,83031.1,996373.14,1,6767.74,1654713.39,2646290.3,646,319983.75,12.13,12,0.0815,0.3211,Female,Divorced,Graduate,Government,Business Loan,0,0,0,0,1,1
48,4,5.936582239006507,29212.33,350547.93,1,10598.09,638817.15,2575635.28,336,586353.48,9.17,84,0.3628,1.6727,Female,Married,High School,Student,Education Loan,1,0,1,1,4,2
28,4,8.495391654570945,26083.64,313003.66,1,5804.29,473576.67,1549165.52,391,1475849.06,8.41,60,0.2225,4.7151,Male,Single,High School,Business,Gold Loan,1,1,2,1,0,3
48,3,14.628523735004263,16214.76,194577.08,2,6111.91,121553.61,309566.99,484,165772.37,12.65,24,0.3769,0.852,Male,Married,Graduate,Government,Education Loan,1,1,1,0,1,2
56,4,20.335334925673386,60500.48,726005.76,3,21596.49,896113.25,2172024.96,327,527192.95,12.64,36,0.357,0.7262,Male,Divorced,High School,Student,Personal Loan,1,1,0,1,4,5
46,4,8.158612800553042,19272.69,231272.32,1,256.33,81952.95,131376.79,847,509254.69,10.48,240,0.0133,2.202,Male,Married,PhD,Salaried,Vehicle Loan,0,1,1,2,2,6
28,2,24.18404774992521,35983.81,431805.72,3,3215.53,132866.42,314008.32,671,104469.49,10.69,36,0.0894,0.2419,Male,Single,High School,Government,Home Loan,0,1,2,1,1,4
48,0,24.317795033430873,13031.03,156372.4,0,3068.99,204435.48,228431.41,829,217515.94,11.87,120,0.2355,1.391,Female,Divorced,Post Graduate,Salaried,Vehicle Loan,0,0,0,3,2,6
48,1,8.21638221468047,59331.98,711983.72,0,27695.99,1220783.67,3674079.88,644,256264.94,10.56,12,0.4668,0.3599,Male,Married,Post Graduate,Student,Home Loan,0,1,1,3,4,4
57,1,16.80194041662309,73578.91,882946.95,1,12584.7,187383.92,859510.37,718,815228.42,9.92,120,0.171,0.9233,Female,Single,Post Graduate,Government,Personal Loan,0,0,2,3,1,5
61,2,10.467685636021876,48567.61,582811.37,4,15271.44,166979.63,698195.78,495,937676.92,13.96,240,0.3144,1.6089,Female,Single,Post Graduate,Student,Agricultural Loan,1,0,2,3,4,0
56,0,5.720572063120997,14462.46,173549.57,2,87.38,202604.2,225718.26,377,98685.89,8.03,180,0.006,0.5686,Male,Single,Graduate,Business,Gold Loan,1,1,2,0,0,3
47,4,24.179998673875453,60069.49,720833.84,1,21358.51,361550.6,1636031.4,466,737751.01,11.15,120,0.3556,1.0235,Female,Married,Graduate,Student,Business Loan,1,0,1,0,4,1
37,2,29.74443654919602,22105.7,265268.35,2,6665.62,333173.0,935982.69,389,665266.1,13.2,180,0.3015,2.5079,Female,Divorced,PhD,Business,Gold Loan,1,0,0,2,0,3
29,4,16.971575345770745,17987.22,215846.66,1,6433.98,106745.31,188252.38,563,702716.87,11.81,48,0.3577,3.2556,Male,Married,PhD,Student,Gold Loan,1,1,1,2,4,3
53,1,27.418401145790792,28851.68,346220.12,2,13050.49,106147.78,425615.22,771,499916.7,13.17,24,0.4523,1.4439,Female,Divorced,PhD,Government,Personal Loan,0,0,0,2,1,5
40,2,19.265064226344055,28509.12,342109.47,4,2088.28,386247.99,885085.03,507,946334.97,9.35,240,0.0732,2.7662,Female,Divorced,Graduate,Salaried,Business Loan,1,0,0,0,2,1
33,2,16.971711047359694,26821.81,321861.77,4,3508.15,558711.49,1124839.14,570,1129422.0,8.9,36,0.1308,3.509,Male,Single,High School,Government,Vehicle Loan,1,1,2,1,1,6
48,2,14.404346401423165,77979.76,935757.09,0,38825.38,1306769.59,2149993.55,562,119719.58,12.96,48,0.4979,0.1279,Male,Single,Post Graduate,Student,Agricultural Loan,1,1,2,3,4,0
49,1,7.071449000800158,121430.29,1457163.43,1,9488.8,2408044.92,7095274.56,805,425500.14,9.76,120,0.0781,0.292,Female,Single,High School,Student,Education Loan,0,0,2,1,4,2
33,1,2.5276581384730545,15970.81,191649.74,4,5754.5,113803.36,156317.56,811,360919.06,11.97,24,0.3603,1.8832,Male,Married,Post Graduate,Student,Business Loan,0,1,1,3,4,1
55,3,13.27007754050529,24021.4,288256.85,4,8708.67,513517.79,2127223.06,875,279792.16,8.03,180,0.3625,0.9706,Female,Divorced,PhD,Self-employed,Business Loan,0,0,0,2,3,1
26,1,16.839297406465718,39562.98,474755.71,1,13510.63,382649.18,1103062.16,823,307550.19,12.29,180,0.3415,0.6478,Female,Single,Post Graduate,Business,Gold Loan,0,0,2,3,0,3
38,1,15.283489626672726,28760.84,345130.11,1,3270.69,592654.44,1652264.68,611,513716.53,10.84,60,0.1137,1.4885,Female,Married,High School,Salaried,Education Loan,0,0,1,1,2,2
25,4,20.86711906227038,46149.4,553792.81,0,4964.15,546272.23,550323.29,473,156797.9,8.88,240,0.1076,0.2831,Male,Divorced,High School,Business,Vehicle Loan,0,1,0,1,0,6
45,1,5.762963507026216,62918.23,755018.75,4,20962.5,450540.19,1924462.36,730,756530.14,10.46,180,0.3332,1.002,Male,Divorced,PhD,Student,Education Loan,0,1,0,2,4,2
22,0,10.62608936739495,56932.38,683188.59,2,5301.83,397726.95,1181785.28,762,329292.71,11.88,12,0.0931,0.482,Male,Married,PhD,Student,Education Loan,0,1,1,2,4,2
30,4,12.467018138707992,52356.96,628283.51,1,17318.72,735948.34,2030906.89,400,890659.38,7.08,240,0.3308,1.4176,Male,Divorced,High School,Business,Business Loan,0,1,0,1,0,1
50,3,5.595699167349359,98268.35,1179220.24,1,24199.97,276845.16,1119988.05,315,269427.62,11.46,60,0.2463,0.2285,Female,Married,PhD,Business,Education Loan,0,0,1,2,0,2
25,0,27.19392641016382,13997.47,167969.6,1,2705.91,313421.37,392276.36,557,257998.52,10.79,240,0.1933,1.536,Male,Single,Graduate,Business,Personal Loan,1,1,2,0,0,5
53,3,20.44534372238752,88262.03,1059144.35,1,13249.56,639340.17,1577074.34,543,207654.17,8.54,240,0.1501,0.1961,Male,Divorced,PhD,Self-employed,Vehicle Loan,0,1,0,2,3,6
21,2,2.7558703902710366,28344.97,340139.69,4,13429.52,247150.34,816321.72,647,270632.29,12.27,36,0.4738,0.7957,Male,Married,High School,Business,Agricultural Loan,1,1,1,1,0,0
38,2,21.383941196015673,58167.1,698005.17,2,14777.17,370288.0,1052473.38,548,233014.53,9.12,180,0.254,0.3338,Female,Single,Graduate,Student,Education Loan,0,0,2,0,4,2
52,2,16.43362818061485,19578.75,234945.04,0,5494.31,20933.27,36142.46,404,626433.41,8.94,120,0.2806,2.6663,Female,Single,High School,Salaried,Gold Loan,1,0,2,1,2,3
31,1,15.718214003794577,21055.19,252662.23,3,9993.38,356435.99,783127.65,586,1022423.0,10.3,120,0.4746,4.0466,Female,Single,Graduate,Government,Gold Loan,1,0,2,0,1,3
41,1,29.693573253224425,54028.68,648344.21,4,17664.07,787885.0,1733979.06,468,603375.18,11.73,24,0.3269,0.9306,Male,Divorced,PhD,Business,Business Loan,1,1,0,2,0,1
46,4,18.54602463526736,11415.9,136990.74,4,5467.37,224000.69,1112809.28,719,415842.6,13.5,24,0.4789,3.0356,Female,Single,PhD,Business,Vehicle Loan,1,0,2,2,0,6
45,0,26.901845789889414,65753.31,789039.69,3,3496.98,127774.97,294494.28,346,653115.95,7.99,24,0.0532,0.8277,Female,Single,High School,Business,Business Loan,1,0,2,1,0,1
42,0,27.40646820318372,77340.89,928090.71,3,32739.93,1729271.18,3148532.9,342,429709.34,9.78,24,0.4233,0.463,Male,Single,Graduate,Salaried,Personal Loan,1,1,2,0,2,5
47,2,3.042558952225506,40403.47,484841.62,1,6775.96,347890.01,1492639.0,620,452642.85,7.47,48,0.1677,0.9336,Female,Married,High School,Business,Education Loan,0,0,1,1,0,2
33,2,0.25086769138709664,39539.55,474474.56,2,16023.15,869894.01,2335391.42,520,346171.24,12.31,120,0.4052,0.7296,Female,Divorced,Post Graduate,Business,Agricultural Loan,1,0,0,3,0,0
53,1,13.058007281961821,22022.46,264269.57,4,9421.61,76286.35,211729.31,812,863952.45,10.13,24,0.4278,3.2692,Female,Single,PhD,Business,Personal Loan,1,0,2,2,0,5
54,3,23.078549431230677,54429.94,653159.28,4,7388.53,985735.64,3149973.7,740,56797.91,11.95,60,0.1357,0.087,Female,Divorced,High School,Salaried,Vehicle Loan,0,0,0,1,2,6
61,0,24.725878659915956,44738.92,536867.07,0,9145.32,640895.77,2167994.52,443,80315.79,9.26,120,0.2044,0.1496,Male,Single,High School,Government,Home Loan,1,1,2,1,1,4
55,0,23.624821399017044,20891.48,250697.78,3,7583.76,193003.82,648921.76,327,1006288.68,12.91,240,0.363,4.014,Male,Married,Post Graduate,Student,Gold Loan,1,1,1,3,4,3
21,3,13.418638755425981,28713.19,344558.33,3,1422.1,80979.11,92154.13,852,378048.7,10.74,180,0.0495,1.0972,Female,Single,Post Graduate,Salaried,Education Loan,0,0,2,3,2,2
41,0,22.498923556095722,33004.49,396053.82,4,12468.0,492061.88,2103746.47,466,921526.74,13.61,240,0.3778,2.3268,Male,Divorced,Graduate,Business,Education Loan,1,1,0,0,0,2
26,0,21.563295735785395,28690.42,344285.09,3,1584.76,46137.57,82097.71,885,271994.49,7.55,120,0.0552,0.79,Female,Single,Post Graduate,Self-employed,Vehicle Loan,0,0,2,3,3,6
48,1,9.414577528944111,16030.58,192366.91,1,7329.63,200854.91,435728.31,548,1688574.61,10.6,36,0.4572,8.7779,Male,Divorced,Graduate,Salaried,Vehicle Loan,1,1,0,0,2,6
37,0,5.061616807166365,55238.32,662859.83,0,7632.26,822874.05,1393716.65,656,396640.29,12.37,12,0.1382,0.5984,Female,Divorced,High School,Business,Business Loan,0,0,0,1,0,1
25,2,18.642561516659867,31378.99,376547.84,4,9030.86,560053.6,2278469.77,410,633815.54,11.2,120,0.2878,1.6832,Female,Married,Post Graduate,Business,Business Loan,1,0,1,3,0,1
51,2,20.312591765462543,36651.84,439822.06,0,2146.95,872339.28,2908930.46,533,309366.83,7.16,84,0.0586,0.7034,Male,Single,Graduate,Student,Business Loan,1,1,2,0,4,1
25,4,17.03912072603724,25669.02,308028.22,1,3458.81,179225.08,720697.13,323,215840.43,13.81,24,0.1347,0.7007,Female,Divorced,High School,Salaried,Personal Loan,1,0,0,1,2,5
58,1,6.395386394731393,48298.84,579586.12,0,9755.28,406433.12,1468684.12,325,109892.42,9.09,12,0.202,0.1896,Male,Married,Graduate,Salaried,Business Loan,0,1,1,0,2,1
23,1,8.300199610663674,40913.6,490963.15,3,9963.46,361935.7,512730.62,680,829487.44,8.74,48,0.2435,1.6895,Male,Divorced,High School,Student,Gold Loan,0,1,0,1,4,3
43,2,21.254588143780186,75182.26,902187.17,4,2.54,1340229.29,2956544.62,645,607030.34,10.4,48,0.0,0.6728,Female,Married,Graduate,Self-employed,Personal Loan,0,0,1,0,3,5
57,1,28.878670921116573,48453.47,581441.64,0,21529.23,1086900.63,3292287.92,677,476848.48,10.8,84,0.4443,0.8201,Male,Single,PhD,Self-employed,Vehicle Loan,0,1,2,2,3,6
57,1,28.345068046676534,32157.13,385885.51,2,123.4,752780.52,1671007.23,821,177923.21,12.36,60,0.0038,0.4611,Male,Single,High School,Government,Gold Loan,0,1,2,1,1,3
30,4,15.589744392518783,23299.1,279589.17,4,9013.08,530139.78,969739.96,316,1372813.44,9.75,240,0.3868,4.9101,Female,Single,High School,Government,Vehicle Loan,1,0,2,1,1,6
30,3,26.596784242964052,61057.52,732690.21,0,14366.19,1295995.22,5805083.83,544,481517.61,10.08,180,0.2353,0.6572,Female,Single,Graduate,Student,Business Loan,0,0,2,0,4,1
39,0,0.8835360091599964,30652.04,367824.42,4,8028.99,729287.92,2910686.33,838,776313.0,10.74,240,0.2619,2.1106,Male,Single,High School,Salaried,Personal Loan,0,1,2,1,2,5
37,4,25.834563647930256,32760.19,393122.33,0,3411.41,316029.46,752428.29,882,441357.4,9.76,120,0.1041,1.1227,Female,Single,Graduate,Business,Business Loan,0,0,2,0,0,1
41,3,14.284524703041798,32755.2,393062.41,0,9947.24,747191.68,3033635.15,501,185065.07,13.4,240,0.3037,0.4708,Male,Divorced,High School,Self-employed,Personal Loan,0,1,0,1,3,5
34,0,23.44582004724954,28539.24,342470.92,3,7666.1,528074.72,1853623.84,547,978669.32,12.96,36,0.2686,2.8577,Female,Divorced,Post Graduate,Salaried,Personal Loan,1,0,0,3,2,5
29,2,0.16748728762295384,33099.6,397195.25,0,2718.08,161346.56,163789.82,417,634514.08,10.18,240,0.0821,1.5975,Female,Married,Post Graduate,Government,Home Loan,1,0,1,3,1,4
21,3,26.056823531070112,115349.8,1384197.61,2,13733.49,235971.01,594894.27,308,382648.47,7.0,24,0.1191,0.2764,Female,Single,Graduate,Self-employed,Personal Loan,1,0,2,0,3,5
33,0,17.849388671426237,19366.63,232399.56,3,647.85,114904.75,248418.33,897,625894.07,13.31,240,0.0335,2.6932,Female,Single,PhD,Business,Education Loan,0,0,2,2,0,2
24,4,7.206911947566478,22276.72,267320.64,2,738.29,421281.2,788484.42,322,850887.19,7.87,84,0.0331,3.183,Male,Divorced,Post Graduate,Government,Personal Loan,1,1,0,3,1,5
21,0,10.424491633065013,83332.56,999990.74,2,573.99,1294073.71,2596374.59,539,750252.31,8.71,48,0.0069,0.7503,Female,Married,Post Graduate,Business,Business Loan,1,0,1,3,0,1
60,1,6.01998260793695,29001.92,348023.06,1,3197.09,178657.46,852099.51,884,112525.94,8.07,24,0.1102,0.3233,Female,Married,High School,Government,Vehicle Loan,0,0,1,1,1,6
52,0,12.732172735376496,27712.18,332546.13,2,9417.45,500598.14,1474395.82,326,134300.97,8.26,36,0.3398,0.4039,Female,Married,PhD,Business,Agricultural Loan,1,0,1,2,0,0
54,2,9.9001809384157,67569.93,810839.14,0,10683.33,287200.0,1261047.78,380,795144.63,12.62,60,0.1581,0.9806,Male,Single,PhD,Self-employed,Business Loan,0,1,2,2,3,1
48,4,16.03509531156034,15488.96,185867.49,4,2654.3,308266.69,572410.73,895,253496.15,11.06,240,0.1714,1.3639,Female,Single,PhD,Student,Personal Loan,0,0,2,2,4,5
51,3,24.44353325678783,59448.92,713386.98,3,3920.82,1145325.11,1944321.32,498,191206.62,13.69,120,0.066,0.268,Male,Married,PhD,Business,Vehicle Loan,1,1,1,2,0,6
28,0,29.46825795542891,37323.18,447878.16,3,10739.2,872214.62,3973075.72,854,595813.74,8.62,36,0.2877,1.3303,Female,Single,PhD,Self-employed,Vehicle Loan,0,0,2,2,3,6
59,4,7.543729221815161,47996.4,575956.8,3,8210.83,213892.59,638002.84,391,186622.82,10.4,48,0.1711,0.324,Male,Single,PhD,Salaried,Business Loan,1,1,2,2,2,1
46,2,3.1952478807846663,47458.86,569506.36,4,16048.61,1037075.77,4750438.08,383,301548.77,13.84,24,0.3382,0.5295,Male,Single,Post Graduate,Salaried,Gold Loan,1,1,2,3,2,3
54,3,11.87001749707845,24914.63,298975.56,2,9236.59,220378.9,275939.82,599,874857.14,12.79,180,0.3707,2.9262,Male,Single,Graduate,Government,Agricultural Loan,1,1,2,0,1,0
23,0,4.306628284531426,68234.82,818817.84,1,19948.21,721199.53,3364930.99,595,131753.3,12.1,84,0.2923,0.1609,Male,Married,Graduate,Student,Home Loan,1,1,1,0,4,4
32,2,25.027206062530627,26105.92,313271.04,0,3603.52,307377.27,818171.06,753,148062.39,8.32,36,0.138,0.4726,Male,Married,PhD,Government,Agricultural Loan,0,1,1,2,1,0
21,1,15.033746386090916,46411.82,556941.82,3,11802.71,715614.23,1160355.56,580,121930.06,12.39,60,0.2543,0.2189,Male,Divorced,High School,Business,Vehicle Loan,1,1,0,1,0,6
64,4,18.598871472259415,76315.76,915789.07,0,9613.14,1822386.47,6803935.96,358,222141.12,9.43,60,0.126,0.2426,Female,Single,Post Graduate,Student,Vehicle Loan,1,0,2,3,4,6
25,4,4.518376628291812,83061.87,996742.43,2,37498.81,1229236.96,5147565.88,641,472679.19,10.71,12,0.4515,0.4742,Female,Single,High School,Business,Education Loan,0,0,2,1,0,2
50,0,22.488264475096997,30937.5,371249.96,1,11855.03,690353.67,821174.94,764,269674.15,11.26,60,0.3832,0.7264,Male,Single,Post Graduate,Self-employed,Personal Loan,0,1,2,3,3,5
50,2,29.207454358048814,47948.42,575381.06,3,11819.43,329197.02,1629124.9,641,1472804.92,11.27,84,0.2465,2.5597,Female,Divorced,Post Graduate,Student,Home Loan,0,0,0,3,4,4
37,3,14.471557544767919,29269.66,351235.91,2,14129.3,297481.25,1126890.96,361,636823.49,12.09,24,0.4827,1.8131,Male,Divorced,Post Graduate,Salaried,Home Loan,1,1,0,3,2,4
43,3,28.873719143719303,163125.93,1957511.12,1,44594.99,2055955.85,4699109.07,728,435802.99,11.63,36,0.2734,0.2226,Male,Divorced,High School,Self-employed,Business Loan,0,1,0,1,3,1
35,3,1.0414828152407996,57992.88,695914.62,3,9526.36,488691.3,784435.14,555,1219470.32,7.48,60,0.1643,1.7523,Female,Divorced,High School,Self-employed,Agricultural Loan,1,0,0,1,3,0
57,3,1.071681414430663,38194.05,458328.62,2,1823.14,896335.84,2303695.73,646,152566.28,10.2,36,0.0477,0.3329,Male,Single,PhD,Business,Gold Loan,0,1,2,2,0,3
41,0,28.80038732278174,43806.49,525677.9,0,11909.79,774968.46,1458694.18,825,884924.15,11.65,60,0.2719,1.6834,Female,Single,Post Graduate,Government,Vehicle Loan,0,0,2,3,1,6
34,0,21.00796792293084,46363.29,556359.47,4,19945.87,557021.13,1658036.27,603,366221.31,9.07,60,0.4302,0.6582,Female,Single,Graduate,Business,Vehicle Loan,0,0,2,0,0,6
22,4,5.660691810720143,47195.14,566341.64,3,20452.45,862727.48,3560968.77,544,307349.83,9.19,180,0.4334,0.5427,Female,Divorced,Post Graduate,Self-employed,Education Loan,1,0,0,3,3,2
31,2,10.916243972777078,31445.18,377342.19,1,9505.36,369517.92,1345237.95,711,721333.6,7.87,240,0.3023,1.9116,Male,Married,Graduate,Student,Home Loan,0,1,1,0,4,4
59,1,15.232592037845183,28664.18,343970.19,1,5638.79,40020.43,109805.64,516,318059.3,9.93,180,0.1967,0.9247,Male,Married,PhD,Salaried,Personal Loan,0,1,1,2,2,5
58,0,21.079132067062336,33152.98,397835.8,4,10779.63,447348.07,660185.41,815,511714.86,13.91,36,0.3251,1.2862,Female,Single,PhD,Self-employed,Gold Loan,0,0,2,2,3,3
54,3,25.260796805256884,18328.0,219935.95,4,6984.25,281871.01,1361050.16,773,408428.16,9.0,12,0.3811,1.857,Male,Married,PhD,Government,Gold Loan,0,1,1,2,1,3
58,1,2.479692141395841,55880.16,670561.9,2,11500.83,1316970.75,2741251.05,335,565328.03,10.72,36,0.2058,0.8431,Female,Divorced,Post Graduate,Government,Gold Loan,0,0,0,3,1,3
54,4,19.69722370466741,22448.45,269381.43,4,5345.58,43510.39,91865.14,477,294883.5,12.2,12,0.2381,1.0947,Female,Divorced,Post Graduate,Student,Gold Loan,1,0,0,3,4,3
38,3,14.301342409138286,19226.21,230714.57,3,6542.84,245676.99,880017.16,686,928578.21,7.09,240,0.3403,4.0248,Male,Single,Graduate,Government,Business Loan,0,1,2,0,1,1
50,2,17.928668263290838,36004.07,432048.86,4,15781.53,117285.4,478763.53,316,86219.95,13.3,36,0.4383,0.1996,Male,Married,Graduate,Student,Home Loan,1,1,1,0,4,4
35,1,15.255948198339068,33588.08,403056.92,3,13284.26,148691.25,734030.87,347,738749.41,9.71,180,0.3955,1.8329,Female,Single,High School,Government,Vehicle Loan,1,0,2,1,1,6
47,4,13.520791515283655,42183.34,506200.11,0,472.27,634465.17,3094069.05,361,97441.57,13.08,84,0.0112,0.1925,Female,Divorced,Graduate,Business,Home Loan,1,0,0,0,0,4
54,0,6.165383885391486,25824.44,309893.33,4,1605.92,163366.92,760479.88,368,242132.76,7.27,36,0.0622,0.7813,Male,Married,PhD,Salaried,Business Loan,1,1,1,2,2,1
58,2,14.170077370769373,28694.89,344338.72,0,12235.19,523136.74,1434050.81,665,671915.08,8.02,240,0.4264,1.9513,Female,Divorced,Post Graduate,Salaried,Agricultural Loan,0,0,0,3,2,0
53,3,5.689654141253087,55010.08,660120.95,1,22934.33,705590.63,1175992.82,461,88350.25,9.26,180,0.4169,0.1338,Male,Married,High School,Self-employed,Personal Loan,1,1,1,1,3,5
44,1,1.3383446108314834,53036.22,636434.62,4,10310.42,319219.5,1065517.92,787,505439.99,9.42,36,0.1944,0.7942,Female,Single,Post Graduate,Self-employed,Gold Loan,0,0,2,3,3,3
35,4,11.214734728440664,51725.96,620711.5,1,15111.17,639188.45,683309.09,730,147697.76,12.93,120,0.2921,0.2379,Female,Divorced,PhD,Business,Business Loan,0,0,0,2,0,1
50,1,0.7486721624851223,37063.23,444758.72,0,16786.77,37814.86,67499.35,788,203769.38,7.08,60,0.4529,0.4582,Female,Single,PhD,Business,Home Loan,0,0,2,2,0,4
62,2,16.87634889065999,40189.2,482270.4,1,18317.41,837664.33,846139.48,529,196406.34,11.49,24,0.4558,0.4073,Female,Divorced,PhD,Salaried,Personal Loan,1,0,0,2,2,5
37,0,2.171773600205319,41700.29,500403.47,0,16327.6,53860.2,92755.01,669,151045.07,7.92,180,0.3915,0.3018,Female,Married,High School,Self-employed,Education Loan,0,0,1,1,3,2
25,0,13.126609268606387,24498.69,293984.29,2,2567.33,28448.55,82473.17,477,110891.96,12.76,12,0.1048,0.3772,Female,Married,Post Graduate,Self-employed,Agricultural Loan,1,0,1,3,3,0
49,2,29.404285121256827,87941.58,1055298.91,0,32111.11,1324803.84,3409114.08,709,2319703.58,12.45,48,0.3651,2.1981,Female,Divorced,Graduate,Salaried,Gold Loan,0,0,0,0,2,3
24,3,0.29644561856813967,80737.05,968844.56,2,4081.19,1888518.76,4678212.71,867,382323.66,10.5,48,0.0505,0.3946,Male,Divorced,Post Graduate,Student,Business Loan,0,1,0,3,4,1
30,1,11.00563702968895,58486.27,701835.27,1,26141.56,1209874.54,5231269.39,889,164400.7,8.49,60,0.447,0.2342,Female,Divorced,Post Graduate,Business,Vehicle Loan,0,0,0,3,0,6
37,3,20.197885678827014,28126.94,337523.26,0,2097.55,191162.91,707299.93,569,282180.11,11.44,48,0.0746,0.836,Male,Married,High School,Self-employed,Vehicle Loan,0,1,1,1,3,6
30,4,4.767507138597178,50185.75,602229.04,2,16620.23,277192.81,1315481.43,505,455581.01,8.09,12,0.3312,0.7565,Female,Single,Graduate,Salaried,Vehicle Loan,0,0,2,0,2,6
37,3,16.82200924710355,65317.94,783815.24,0,19929.92,1005934.12,2797869.32,381,326780.56,8.33,120,0.3051,0.4169,Female,Single,Graduate,Business,Personal Loan,0,0,2,0,0,5
40,2,7.745710758468681,17432.33,209187.97,3,6771.59,347263.68,725405.59,492,160576.63,11.39,24,0.3884,0.7676,Female,Divorced,Post Graduate,Salaried,Home Loan,1,0,0,3,2,4
44,0,6.683060747526772,100378.88,1204546.5,3,27683.36,936315.02,1395800.52,488,215478.12,13.94,36,0.2758,0.1789,Female,Single,PhD,Student,Gold Loan,1,0,2,2,4,3
25,2,26.84950652237855,12789.34,153472.1,1,380.91,139968.55,516219.34,575,1142321.47,13.24,60,0.0298,7.4432,Male,Single,Post Graduate,Government,Gold Loan,1,1,2,3,1,3
54,2,6.098414369404806,55423.75,665085.01,3,19560.32,202643.58,884937.28,373,144037.6,11.15,180,0.3529,0.2166,Male,Single,High School,Self-employed,Business Loan,1,1,2,1,3,1
26,1,11.296551322959077,86852.75,1042232.95,4,16639.01,392140.81,680347.63,309,89538.44,10.77,180,0.1916,0.0859,Female,Single,PhD,Business,Gold Loan,1,0,2,2,0,3
22,2,5.0879251462367145,33933.63,407203.59,2,5434.22,477517.02,2155994.6,515,324368.71,13.99,24,0.1601,0.7966,Male,Married,High School,Salaried,Gold Loan,1,1,1,1,2,3
33,4,8.516632192611524,33180.62,398167.48,4,16452.17,111523.11,346290.94,589,94336.82,10.83,240,0.4958,0.2369,Male,Married,PhD,Salaried,Education Loan,1,1,1,2,2,2
63,1,8.793200403671298,54208.69,650504.26,3,16002.4,306119.76,482543.48,744,213668.55,9.94,84,0.2952,0.3285,Male,Married,PhD,Business,Agricultural Loan,0,1,1,2,0,0
63,1,9.803190712711995,110318.74,1323824.94,1,39202.82,705772.06,2520631.97,851,162502.76,13.37,240,0.3554,0.1228,Female,Divorced,PhD,Self-employed,Business Loan,0,0,0,2,3,1
31,3,19.232008104801753,30679.79,368157.48,4,8073.79,343928.56,1059372.51,492,163644.08,8.64,48,0.2632,0.4445,Female,Divorced,Graduate,Self-employed,Gold Loan,1,0,0,0,3,3
43,2,22.277782293346036,22729.68,272756.17,1,8750.62,46574.83,51825.4,588,467719.4,7.68,36,0.385,1.7148,Male,Married,PhD,Salaried,Education Loan,1,1,1,2,2,2
36,3,15.32009158593715,28162.17,337945.99,0,10590.0,351878.73,913819.49,882,543424.24,11.44,60,0.376,1.608,Female,Single,Graduate,Self-employed,Home Loan,0,0,2,0,3,4
51,3,18.314279427626523,14306.82,171681.84,4,4700.84,319893.5,1324087.8,443,232182.43,7.67,60,0.3286,1.3524,Female,Married,High School,Government,Vehicle Loan,1,0,1,1,1,6
31,1,24.398062409499637,62233.87,746806.5,0,31046.71,97250.65,313311.93,688,410238.62,9.61,48,0.4989,0.5493,Female,Single,PhD,Student,Education Loan,0,0,2,2,4,2
36,3,29.986819840212572,26676.82,320121.8,4,6132.91,413828.17,880694.42,706,223110.73,9.97,120,0.2299,0.697,Male,Single,PhD,Student,Vehicle Loan,0,1,2,2,4,6
28,3,13.695179590311689,32048.21,384578.48,2,11316.1,648154.93,3055769.88,669,609668.66,10.83,180,0.3531,1.5853,Male,Married,PhD,Government,Vehicle Loan,0,1,1,2,1,6
24,1,28.09303486777937,62678.43,752141.18,1,25001.74,513123.21,1001162.99,740,135654.85,13.94,60,0.3989,0.1804,Male,Divorced,High School,Self-employed,Agricultural Loan,0,1,0,1,3,0
60,1,14.711102790855197,28965.3,347583.59,0,5445.98,116583.2,234442.29,863,504938.8,8.55,240,0.188,1.4527,Female,Single,Post Graduate,Salaried,Personal Loan,0,0,2,3,2,5
24,0,23.459992574745428,57265.53,687186.42,3,13090.19,114348.69,276558.86,828,536522.87,9.63,120,0.2286,0.7808,Female,Single,Post Graduate,Self-employed,Education Loan,0,0,2,3,3,2
45,2,17.196691354449204,19480.06,233760.78,4,9439.72,307975.35,1409957.79,312,2867018.9,7.93,120,0.4846,12.2648,Female,Married,High School,Business,Agricultural Loan,1,0,1,1,0,0
23,0,26.521176757114976,64552.34,774628.09,0,1042.23,884456.84,2680347.86,639,108710.7,11.25,180,0.0161,0.1403,Female,Single,High School,Business,Gold Loan,0,0,2,1,0,3
52,1,13.461096048502782,44584.57,535014.79,4,7474.51,279713.97,1042974.01,611,3702831.51,12.09,48,0.1676,6.921,Female,Single,High School,Self-employed,Business Loan,0,0,2,1,3,1
23,4,20.874450038915118,34435.82,413229.84,4,8371.57,693096.57,3399677.97,403,810452.24,10.37,84,0.2431,1.9613,Female,Married,Post Graduate,Government,Personal Loan,1,0,1,3,1,5
47,3,13.989456576545638,39282.57,471390.8,4,28.77,703811.84,2908984.66,638,1908545.07,8.72,60,0.0007,4.0488,Female,Single,Graduate,Business,Gold Loan,0,0,2,0,0,3
49,3,25.710822040100755,16780.0,201360.05,0,7543.68,123464.96,208705.22,497,912745.26,11.35,12,0.4496,4.5329,Female,Divorced,High School,Student,Business Loan,1,0,0,1,4,1
52,1,29.831060374271484,38746.68,464960.2,0,5545.51,710124.01,2949440.24,599,207973.89,10.77,240,0.1431,0.4473,Male,Divorced,Post Graduate,Salaried,Vehicle Loan,0,1,0,3,2,6
39,3,7.2994497577773565,33356.17,400274.07,4,4298.02,221313.77,883783.02,743,748833.55,8.2,24,0.1289,1.8708,Male,Divorced,Graduate,Government,Agricultural Loan,0,1,0,0,1,0
41,0,14.23016889621766,17057.42,204689.01,3,6996.32,281978.76,544350.96,658,259750.75,9.84,84,0.4102,1.269,Female,Married,PhD,Business,Personal Loan,1,0,1,2,0,5
25,3,2.4377003928116125,24278.7,291344.41,1,3374.54,90475.45,208220.14,667,412290.82,10.05,180,0.139,1.4151,Female,Married,PhD,Salaried,Gold Loan,0,0,1,2,2,3
38,4,4.2298633324136725,33605.76,403269.15,4,11049.95,568660.17,2183946.77,468,172862.53,13.88,36,0.3288,0.4287,Female,Divorced,High School,Student,Gold Loan,1,0,0,1,4,3
48,2,27.874505467367158,25225.85,302710.24,3,10361.56,163761.49,319919.92,448,257054.11,12.95,60,0.4108,0.8492,Female,Married,Graduate,Business,Home Loan,1,0,1,0,0,4
62,0,16.308413294728236,10000.0,120000.0,1,3962.38,141667.95,259641.58,341,906712.98,12.14,120,0.3962,7.5559,Female,Married,Post Graduate,Business,Personal Loan,1,0,1,3,0,5
42,2,11.853480516781854,69274.53,831294.31,4,27084.63,344063.64,1312221.23,501,628043.81,13.22,48,0.391,0.7555,Male,Married,PhD,Salaried,Personal Loan,1,1,1,2,2,5
41,2,20.144475879226597,33347.77,400173.2,1,1477.93,590163.42,2668944.41,543,1003881.14,12.15,60,0.0443,2.5086,Male,Divorced,PhD,Salaried,Vehicle Loan,0,1,0,2,2,6
26,4,16.804838649603358,10000.0,120000.0,4,399.23,24002.3,31204.59,763,144603.44,13.32,12,0.0399,1.205,Male,Married,Post Graduate,Self-employed,Business Loan,0,1,1,3,3,1
21,4,8.661531689016773,130741.55,1568898.62,0,20053.8,628162.05,1748571.31,748,99076.47,7.38,48,0.1534,0.0632,Female,Married,PhD,Business,Agricultural Loan,0,0,1,2,0,0
25,4,6.7984351878059694,76483.89,917806.67,4,1374.72,400403.79,1372864.84,736,1068079.32,10.19,120,0.018,1.1637,Female,Divorced,PhD,Student,Vehicle Loan,0,0,0,2,4,6
61,4,17.707192500273152,29454.76,353457.11,4,7370.02,57463.36,212907.91,830,1006649.75,12.23,120,0.2502,2.848,Female,Divorced,High School,Salaried,Personal Loan,0,0,0,1,2,5
32,0,5.647965336342144,21905.69,262868.23,4,4323.99,397265.92,1980284.65,864,523991.09,11.08,48,0.1974,1.9934,Female,Married,Graduate,Government,Agricultural Loan,0,0,1,0,1,0
46,4,4.17516302316558,46254.53,555054.38,4,12882.49,1089845.01,4065958.71,896,618702.93,8.23,84,0.2785,1.1147,Female,Married,Graduate,Business,Home Loan,0,0,1,0,0,4
54,0,9.55162687401183,41002.82,492033.82,3,6125.59,775082.39,2697764.53,572,883839.28,9.38,60,0.1494,1.7963,Male,Single,Graduate,Government,Agricultural Loan,1,1,2,0,1,0
34,3,25.84023189430405,50274.53,603294.41,2,12210.53,1045435.57,5184248.74,729,511559.55,9.22,12,0.2429,0.8479,Female,Divorced,Graduate,Business,Home Loan,0,0,0,0,0,4
46,2,1.1045832276848655,21943.53,263322.42,3,3672.74,24975.61,31036.5,512,679650.38,8.83,180,0.1674,2.5811,Male,Single,Post Graduate,Salaried,Business Loan,1,1,2,3,2,1
47,3,24.997987608680678,70169.09,842029.11,3,6848.79,260398.14,337931.06,403,849037.11,9.4,120,0.0976,1.0083,Female,Single,Graduate,Self-employed,Agricultural Loan,1,0,2,0,3,0
29,3,18.629215086898803,27334.99,328019.84,0,8875.21,378793.7,1228325.73,491,410523.48,10.6,60,0.3247,1.2515,Male,Single,High School,Business,Vehicle Loan,0,1,2,1,0,6
46,1,1.2111827267095765,54636.61,655639.32,4,18397.13,1283467.75,3124805.61,679,335549.27,12.98,120,0.3367,0.5118,Male,Single,Post Graduate,Salaried,Education Loan,0,1,2,3,2,2
42,3,18.061167491648746,22512.74,270152.82,3,9334.14,364625.21,505658.61,380,600574.77,12.19,36,0.4146,2.2231,Female,Divorced,High School,Salaried,Gold Loan,1,0,0,1,2,3
50,3,12.780582142571596,177883.9,2134606.85,1,77802.13,1708600.5,3802995.46,848,2707919.6,12.85,180,0.4374,1.2686,Male,Divorced,PhD,Salaried,Vehicle Loan,0,1,0,2,2,6
63,1,25.233828243160296,55122.54,661470.5,4,19415.87,240413.33,888908.55,676,224549.87,13.19,60,0.3522,0.3395,Female,Divorced,Graduate,Government,Home Loan,0,0,0,0,1,4
37,3,27.21596131989137,204953.7,2459444.37,0,70452.64,925411.23,4185135.15,453,313453.99,9.91,24,0.3437,0.1274,Male,Single,Graduate,Salaried,Agricultural Loan,1,1,2,0,2,0
46,1,8.594794835928498,59668.6,716023.19,0,1690.88,557503.04,767847.76,870,108539.72,9.42,24,0.0283,0.1516,Male,Divorced,Post Graduate,Government,Personal Loan,0,1,0,3,1,5
56,0,23.5251002716836,25929.11,311149.27,1,1423.24,451623.69,1427392.9,539,626461.57,7.4,48,0.0549,2.0134,Female,Divorced,Graduate,Student,Home Loan,0,0,0,0,4,4
21,2,9.294084879628185,59732.32,716787.8,0,24268.13,103447.04,225976.15,673,289541.23,13.51,120,0.4063,0.4039,Male,Divorced,High School,Self-employed,Personal Loan,0,1,0,1,3,5
28,4,8.86906372016523,62339.26,748071.13,4,7261.0,1284194.04,4712099.17,503,144312.18,7.46,48,0.1165,0.1929,Male,Married,Post Graduate,Salaried,Vehicle Loan,1,1,1,3,2,6
55,3,5.779150221144834,45433.02,545196.27,2,8077.2,1029316.16,3291553.36,649,420469.66,12.19,240,0.1778,0.7712,Male,Single,Graduate,Student,Gold Loan,0,1,2,0,4,3
35,0,20.354670848472534,53009.98,636119.76,2,3851.1,1136681.27,5350181.45,442,1462569.32,9.65,24,0.0726,2.2992,Male,Divorced,High School,Salaried,Business Loan,0,1,0,1,2,1
42,2,7.850564370803079,57356.2,688274.44,3,5596.59,1261814.61,1452014.93,488,333827.35,13.64,84,0.0976,0.485,Female,Divorced,PhD,Student,Gold Loan,1,0,0,2,4,3
34,0,13.945750260687612,20006.08,240072.93,0,7756.53,27064.29,77949.19,571,359183.53,9.94,48,0.3877,1.4961,Female,Single,Graduate,Salaried,Agricultural Loan,1,0,2,0,2,0
46,1,24.3638426242715,19169.68,230036.12,4,2509.88,450280.81,797464.52,831,1417727.14,12.72,84,0.1309,6.1631,Male,Single,Graduate,Self-employed,Vehicle Loan,0,1,2,0,3,6
48,0,23.757385251221773,22549.54,270594.44,1,5062.77,212556.75,668943.05,599,440644.38,8.98,240,0.2245,1.6284,Female,Divorced,Graduate,Salaried,Gold Loan,1,0,0,0,2,3
43,3,25.663278278861696,39203.66,470443.94,1,2973.04,823020.73,3633074.72,725,168364.7,9.09,240,0.0758,0.3579,Female,Married,PhD,Government,Gold Loan,0,0,1,2,1,3
34,3,4.831935399126763,31764.27,381171.22,4,10766.97,168242.75,781532.35,345,767734.58,11.17,240,0.339,2.0141,Female,Divorced,Graduate,Salaried,Business Loan,1,0,0,0,2,1
44,4,17.60678286847027,20224.65,242695.85,4,7364.5,227933.72,591015.41,394,1087807.36,13.99,240,0.3641,4.4822,Female,Married,PhD,Business,Education Loan,1,0,1,2,0,2
22,4,27.44519534528093,57825.7,693908.35,1,10457.56,116563.94,495061.27,363,376886.69,10.62,36,0.1808,0.5431,Female,Single,High School,Government,Education Loan,1,0,2,1,1,2
46,3,1.2615025890613663,43037.49,516449.89,0,16886.76,82707.21,175507.37,712,491095.76,13.55,240,0.3924,0.9509,Male,Single,Post Graduate,Student,Agricultural Loan,0,1,2,3,4,0
34,0,23.835803189951147,40189.35,482272.24,3,4820.85,912111.45,935114.71,308,154979.75,12.5,36,0.12,0.3214,Female,Married,High School,Salaried,Education Loan,1,0,1,1,2,2
27,3,7.387116425613476,31107.57,373290.82,3,10761.72,611075.58,2701538.38,758,220472.92,12.57,36,0.346,0.5906,Male,Single,High School,Salaried,Personal Loan,0,1,2,1,2,5
23,0,20.089607857529227,28942.41,347308.87,3,10563.47,381634.54,563921.88,708,338936.59,10.05,60,0.365,0.9759,Male,Married,Post Graduate,Salaried,Education Loan,0,1,1,3,2,2
43,3,21.522151320872947,21921.02,263052.25,4,10616.98,286848.35,307055.24,769,470496.82,9.71,84,0.4843,1.7886,Male,Divorced,Post Graduate,Business,Vehicle Loan,1,1,0,3,0,6
63,2,27.76755474871704,63592.08,763104.93,1,7386.91,1158733.9,2798563.28,805,269467.16,8.34,240,0.1162,0.3531,Female,Divorced,Graduate,Self-employed,Agricultural Loan,0,0,0,0,3,0
38,0,15.263982672688952,23811.03,285732.38,1,1115.67,210927.21,531013.47,372,328856.44,13.75,12,0.0469,1.1509,Female,Single,PhD,Self-employed,Business Loan,1,0,2,2,3,1
58,1,25.44693324271629,41176.97,494123.58,1,5415.5,762720.65,998310.33,383,400691.2,13.72,180,0.1315,0.8109,Male,Single,Graduate,Government,Education Loan,1,1,2,0,1,2
55,1,1.3595403779886428,98440.37,1181284.41,1,6047.3,1196561.64,5093440.53,358,199103.39,12.23,48,0.0614,0.1685,Male,Single,High School,Government,Business Loan,0,1,2,1,1,1
35,4,12.616283407719544,29751.81,357021.76,1,2524.36,466273.4,1222741.8,320,356810.21,9.07,120,0.0848,0.9994,Male,Married,PhD,Business,Vehicle Loan,1,1,1,2,0,6
45,2,13.185567860067724,64629.18,775550.16,2,10796.77,1498820.3,4436050.14,757,1115431.6,8.72,84,0.1671,1.4382,Male,Single,Graduate,Business,Education Loan,0,1,2,0,0,2
57,1,16.148354275308876,51083.94,613007.26,4,10574.14,604847.0,1245078.2,456,274630.57,13.92,84,0.207,0.448,Male,Divorced,Post Graduate,Business,Gold Loan,1,1,0,3,0,3
48,3,14.4402142430358,43777.73,525332.77,4,19781.5,465064.28,1416598.36,628,215185.4,7.47,120,0.4519,0.4096,Female,Divorced,Post Graduate,Student,Education Loan,0,0,0,3,4,2
30,1,29.038845626488644,47014.39,564172.71,2,4598.38,1026429.09,4174410.69,872,2345712.07,12.9,48,0.0978,4.1578,Female,Divorced,Graduate,Business,Vehicle Loan,0,0,0,0,0,6
59,3,2.3561871254423283,34305.33,411663.98,3,16668.26,746461.76,3452184.75,875,529920.35,9.49,84,0.4859,1.2873,Male,Married,PhD,Business,Vehicle Loan,0,1,1,2,0,6
37,2,7.950499857873786,37081.21,444974.49,0,15020.73,883483.13,4313269.26,502,238405.75,9.93,36,0.4051,0.5358,Female,Divorced,High School,Business,Business Loan,1,0,0,1,0,1
59,4,29.058863443486324,26137.64,313651.66,4,11519.79,357297.57,967167.25,405,740292.33,12.82,60,0.4407,2.3602,Male,Divorced,PhD,Business,Vehicle Loan,1,1,0,2,0,6
42,1,13.35907638627087,37230.15,446761.83,4,17301.67,332019.08,1646859.59,421,543011.51,7.63,24,0.4647,1.2154,Male,Single,Graduate,Self-employed,Education Loan,1,1,2,0,3,2
46,4,17.134723564121554,25562.06,306744.69,2,9627.2,166893.94,363799.23,617,280365.93,9.48,36,0.3766,0.914,Female,Divorced,Post Graduate,Salaried,Personal Loan,0,0,0,3,2,5
64,2,2.4307663292537263,66396.06,796752.77,4,26185.94,118464.93,121770.55,481,425422.7,13.66,240,0.3944,0.5339,Female,Single,Post Graduate,Salaried,Vehicle Loan,1,0,2,3,2,6
45,0,8.521526398872108,13099.14,157189.63,4,2867.52,232048.03,944544.11,615,350406.27,11.89,84,0.2189,2.2292,Female,Divorced,High School,Self-employed,Business Loan,0,0,0,1,3,1
37,2,1.1895509598454757,48466.69,581600.24,3,12369.92,308730.47,529084.56,705,976828.65,12.28,36,0.2552,1.6796,Male,Divorced,Post Graduate,Business,Personal Loan,0,1,0,3,0,5
33,2,4.1251452746336446,44442.52,533310.28,2,20721.0,664537.51,803970.34,369,763046.26,12.3,24,0.4662,1.4308,Female,Single,High School,Student,Agricultural Loan,1,0,2,1,4,0
40,2,18.999444533646127,42091.86,505102.28,4,7960.75,929456.57,4364761.25,459,79669.68,7.42,60,0.1891,0.1577,Female,Single,High School,Student,Education Loan,1,0,2,1,4,2
45,0,22.908673915597927,67151.02,805812.22,1,1408.39,1534730.68,6395596.19,539,2027526.58,8.42,60,0.021,2.5161,Male,Divorced,PhD,Government,Business Loan,0,1,0,2,1,1
24,0,26.102546306992835,30586.86,367042.34,2,11665.13,33689.38,47524.24,822,351282.67,10.44,12,0.3814,0.9571,Female,Married,PhD,Salaried,Personal Loan,0,0,1,2,2,5
30,2,7.54393141638676,42330.38,507964.56,3,12130.99,351034.23,1441922.46,437,1754844.05,9.58,36,0.2866,3.4547,Male,Married,Graduate,Government,Personal Loan,1,1,1,0,1,5
23,0,9.985915248091764,12965.86,155590.29,0,5282.78,262684.32,1149506.28,794,784530.64,9.88,120,0.4074,5.0423,Male,Single,Graduate,Business,Vehicle Loan,1,1,2,0,0,6
61,3,17.08195132321972,28305.46,339665.48,4,1069.26,377544.96,1744713.3,546,539600.29,12.47,240,0.0378,1.5886,Male,Single,High School,Government,Business Loan,1,1,2,1,1,1
38,2,2.510575904038358,60684.39,728212.74,1,18849.54,1187757.51,3770864.35,842,410310.69,7.1,60,0.3106,0.5634,Female,Divorced,Graduate,Business,Education Loan,0,0,0,0,0,2
56,1,24.201547805666824,16260.64,195127.72,1,2013.93,335399.11,1279094.26,823,4020922.04,11.62,48,0.1239,20.6066,Male,Married,Post Graduate,Government,Vehicle Loan,0,1,1,3,1,6
42,3,14.49876176126457,39968.46,479621.57,0,18051.13,446863.54,1809331.3,542,355997.99,7.0,36,0.4516,0.7422,Male,Married,High School,Self-employed,Agricultural Loan,1,1,1,1,3,0
54,2,28.965226580839154,24185.05,290220.54,2,1329.09,223871.47,840537.92,635,258573.46,7.44,240,0.055,0.891,Male,Divorced,High School,Business,Gold Loan,0,1,0,1,0,3
28,1,3.519480270771298,33975.94,407711.24,3,14322.03,389872.69,1398603.75,721,277882.26,9.86,120,0.4215,0.6816,Female,Married,Graduate,Student,Home Loan,0,0,1,0,4,4
60,1,3.9987114282569314,25069.16,300829.87,4,1109.99,401464.72,1280767.6,493,442788.42,12.89,120,0.0443,1.4719,Female,Divorced,PhD,Business,Personal Loan,1,0,0,2,0,5
64,4,10.457318523512143,17183.12,206197.41,4,215.63,162288.71,473360.76,607,442170.57,8.01,180,0.0125,2.1444,Male,Divorced,High School,Student,Agricultural Loan,0,1,0,1,4,0
39,4,6.202865981360657,45779.97,549359.67,4,5380.51,861795.65,4295620.47,805,987783.85,10.88,12,0.1175,1.7981,Male,Single,High School,Student,Education Loan,0,1,2,1,4,2
62,1,20.897704463827722,35250.75,423008.94,1,5870.03,768178.39,1805405.98,580,811467.18,11.75,48,0.1665,1.9183,Female,Divorced,PhD,Government,Personal Loan,0,0,0,2,1,5
61,2,28.404313727848116,52448.0,629375.99,2,16430.09,393001.13,531760.03,738,812273.63,8.61,60,0.3133,1.2906,Male,Married,PhD,Salaried,Agricultural Loan,0,1,1,2,2,0
57,2,2.69713529865351,58493.02,701916.26,0,3852.48,1356731.71,5508531.37,782,368578.73,10.59,60,0.0659,0.5251,Male,Married,High School,Salaried,Education Loan,0,1,1,1,2,2
26,2,7.267089993374135,75747.09,908965.02,2,16563.23,1160648.4,2153348.08,522,760109.43,13.38,12,0.2187,0.8362,Female,Divorced,Graduate,Salaried,Vehicle Loan,1,0,0,0,2,6
46,2,7.136944440979349,39343.74,472124.83,3,4018.25,834003.86,2611077.12,416,826567.87,10.59,36,0.1021,1.7507,Female,Single,High School,Student,Home Loan,1,0,2,1,4,4
54,1,15.272191918866369,77743.69,932924.23,3,33247.22,263557.16,364553.86,491,415209.75,8.1,24,0.4277,0.4451,Male,Married,High School,Salaried,Home Loan,1,1,1,1,2,4
26,0,13.560763271963992,20222.18,242666.16,0,454.66,137196.98,477052.48,815,553136.52,11.39,120,0.0225,2.2794,Male,Single,High School,Business,Home Loan,0,1,2,1,0,4
57,0,21.805986186774653,62653.57,751842.81,1,11150.38,525252.35,2508620.77,829,825731.64,11.15,60,0.178,1.0983,Male,Divorced,Graduate,Business,Agricultural Loan,0,1,0,0,0,0
53,2,21.978936624731745,47840.81,574089.68,0,15102.72,381047.69,1482587.55,606,523835.11,7.19,36,0.3157,0.9125,Male,Divorced,PhD,Business,Home Loan,0,1,0,2,0,4
42,4,17.182633903668425,41766.74,501200.87,3,19068.36,206862.58,384379.45,831,565385.24,7.63,180,0.4565,1.1281,Male,Married,High School,Student,Personal Loan,0,1,1,1,4,5
41,1,17.73066777576037,47421.9,569062.75,1,20580.95,994371.8,4857060.95,421,1363650.96,8.1,12,0.434,2.3963,Male,Married,PhD,Student,Education Loan,1,1,1,2,4,2
26,0,25.26949169659403,20405.44,244865.25,2,9133.39,216870.6,483263.12,891,527134.4,7.95,12,0.4476,2.1528,Female,Single,High School,Salaried,Gold Loan,0,0,2,1,2,3
26,1,11.908093132573255,17711.19,212534.28,3,556.6,410049.38,1126184.19,453,272069.91,8.82,84,0.0314,1.2801,Male,Divorced,Graduate,Government,Education Loan,1,1,0,0,1,2
24,4,0.3702884488823255,101305.59,1215667.13,1,42595.12,1460812.93,4371436.08,836,150761.74,10.18,12,0.4205,0.124,Male,Single,High School,Student,Personal Loan,0,1,2,1,4,5
50,1,6.390908662582726,32819.12,393829.5,1,12798.02,137284.91,681327.86,751,484329.51,9.6,48,0.39,1.2298,Female,Married,High School,Self-employed,Business Loan,0,0,1,1,3,1
31,4,1.060863320646741,32539.3,390471.63,4,14682.25,441096.55,562647.58,468,339363.23,13.23,84,0.4512,0.8691,Female,Married,PhD,Business,Vehicle Loan,1,0,1,2,0,6
50,4,11.804886683971358,18743.73,224924.7,2,2920.05,447066.68,1693002.7,358,844627.64,11.28,12,0.1558,3.7552,Male,Single,High School,Business,Agricultural Loan,1,1,2,1,0,0
51,3,10.735068762890048,14927.09,179125.09,1,6805.0,208963.58,511485.07,600,1563063.88,13.13,240,0.4559,8.7261,Male,Divorced,High School,Salaried,Agricultural Loan,1,1,0,1,2,0
44,4,2.9588980360378567,34441.2,413294.35,0,6933.72,35921.99,47176.4,852,194120.8,10.69,48,0.2013,0.4697,Female,Married,High School,Government,Gold Loan,0,0,1,1,1,3
29,3,22.650767726023957,29585.72,355028.7,2,9380.15,664520.16,3149909.71,849,217797.76,7.63,240,0.317,0.6135,Male,Divorced,PhD,Business,Agricultural Loan,0,1,0,2,0,0
23,4,16.591822020168088,36353.31,436239.75,2,7710.16,232754.68,781923.81,416,433944.84,10.24,240,0.2121,0.9947,Female,Married,Post Graduate,Student,Gold Loan,1,0,1,3,4,3
51,4,6.771051170952429,38265.06,459180.66,3,8182.0,644236.91,2586013.35,426,233293.94,12.75,84,0.2138,0.5081,Male,Divorced,PhD,Government,Business Loan,1,1,0,2,1,1
60,1,22.773782275968294,161728.88,1940746.59,2,44203.5,2077705.66,4075506.37,704,370414.99,8.36,120,0.2733,0.1909,Female,Married,High School,Business,Gold Loan,0,0,1,1,0,3
57,3,20.03793576125986,29639.17,355670.02,2,5274.69,251487.64,1017560.17,698,288099.57,7.64,12,0.178,0.81,Female,Divorced,Post Graduate,Salaried,Personal Loan,0,0,0,3,2,5
56,0,5.747854193966369,93710.36,1124524.36,4,37143.84,702894.17,3032216.4,814,197556.08,9.31,60,0.3964,0.1757,Female,Divorced,PhD,Salaried,Agricultural Loan,0,0,0,2,2,0
44,0,29.486649919188334,97266.95,1167203.39,2,30816.05,2175032.63,5923304.61,797,856584.55,9.72,36,0.3168,0.7339,Male,Married,PhD,Salaried,Home Loan,0,1,1,2,2,4
51,1,5.32278197566581,57078.03,684936.37,1,19684.95,1254249.52,4123754.05,827,469876.72,9.14,84,0.3449,0.686,Female,Divorced,Post Graduate,Student,Business Loan,0,0,0,3,4,1
26,0,23.151007918748505,31537.24,378446.82,0,3643.1,403742.88,1973289.35,697,1913213.76,7.95,48,0.1155,5.0554,Male,Divorced,Post Graduate,Salaried,Home Loan,0,1,0,3,2,4
22,0,29.048594493303337,16044.42,192533.08,4,7778.14,111434.77,488855.25,564,589603.36,8.76,240,0.4848,3.0623,Male,Married,Post Graduate,Self-employed,Home Loan,1,1,1,3,3,4
40,4,21.765065406349944,48376.35,580516.19,4,15968.45,162247.83,450951.66,562,1240252.9,11.78,120,0.3301,2.1365,Female,Single,Post Graduate,Student,Agricultural Loan,1,0,2,3,4,0
48,2,19.973312080505462,66922.28,803067.38,4,6598.4,307926.6,1126486.49,697,246955.32,9.7,48,0.0986,0.3075,Male,Married,Graduate,Self-employed,Agricultural Loan,0,1,1,0,3,0
31,2,27.099643404562137,103633.14,1243597.73,4,38887.83,1348452.67,5578448.79,826,244515.58,11.43,84,0.3752,0.1966,Female,Single,Graduate,Salaried,Education Loan,0,0,2,0,2,2
24,0,8.073965816570167,20537.86,246454.3,3,1783.86,165947.73,182096.98,735,2614795.59,10.75,24,0.0869,10.6097,Female,Married,Graduate,Government,Home Loan,0,0,1,0,1,4
35,1,8.31467251397455,31378.69,376544.24,4,994.47,61739.68,207041.78,659,271812.36,10.84,36,0.0317,0.7219,Female,Single,Post Graduate,Student,Gold Loan,0,0,2,3,4,3
26,1,19.234811661131648,20613.08,247356.99,3,5437.25,236408.35,1167411.51,428,207042.71,8.74,120,0.2638,0.837,Female,Single,High School,Self-employed,Home Loan,1,0,2,1,3,4
50,3,26.464133390746436,24832.62,297991.38,3,6872.72,451018.74,2159803.65,540,173338.76,10.65,48,0.2768,0.5817,Male,Married,High School,Student,Business Loan,1,1,1,1,4,1
58,1,18.521224450907024,54102.33,649227.95,2,5111.74,1163686.34,5038484.38,521,2048463.28,7.17,120,0.0945,3.1552,Male,Divorced,High School,Self-employed,Business Loan,0,1,0,1,3,1
22,1,29.311462689285374,24159.12,289909.41,0,4208.26,349377.88,497813.3,513,355131.13,10.02,240,0.1742,1.225,Male,Married,PhD,Student,Gold Loan,1,1,1,2,4,3
35,4,6.687069281002581,22146.56,265758.68,2,10472.77,390570.44,1943543.28,891,610915.34,11.01,60,0.4729,2.2988,Female,Single,High School,Business,Gold Loan,0,0,2,1,0,3
31,4,24.776388085731387,58582.86,702994.37,3,8348.15,549133.56,1888004.98,434,499377.59,8.27,12,0.1425,0.7104,Male,Single,Graduate,Self-employed,Education Loan,1,1,2,0,3,2
28,0,27.817909447535513,47593.11,571117.32,2,3701.98,590796.03,1117569.26,685,248021.91,8.8,60,0.0778,0.4343,Male,Single,Post Graduate,Self-employed,Business Loan,0,1,2,3,3,1
46,1,12.810071938572726,44801.94,537623.28,1,22234.35,796642.01,2945245.06,602,349045.51,8.54,84,0.4963,0.6492,Female,Married,PhD,Student,Home Loan,0,0,1,2,4,4
64,2,28.859475801969896,24545.1,294541.22,4,3710.06,435335.34,1926835.24,586,870259.83,7.49,24,0.1512,2.9546,Female,Single,Graduate,Government,Vehicle Loan,1,0,2,0,1,6
25,1,6.064428613667376,78890.33,946683.99,4,26832.72,849183.75,1230731.38,861,165928.76,9.44,180,0.3401,0.1753,Female,Divorced,High School,Business,Home Loan,0,0,0,1,0,4
26,1,28.585017997882698,36632.61,439591.33,3,4241.33,494699.55,2308145.7,488,758679.42,13.85,24,0.1158,1.7259,Male,Divorced,Post Graduate,Self-employed,Vehicle Loan,1,1,0,3,3,6
46,0,27.084241783670574,151465.64,1817587.69,2,41662.23,3369909.48,15773930.0,596,1393362.06,9.48,240,0.2751,0.7666,Female,Divorced,High School,Salaried,Business Loan,0,0,0,1,2,1
24,2,1.9843761648826974,40002.6,480031.19,1,7726.14,621478.17,654949.51,825,558997.5,10.22,24,0.1931,1.1645,Male,Married,Graduate,Salaried,Education Loan,0,1,1,0,2,2
39,0,15.639948240673093,10000.0,120000.0,1,4807.9,157792.16,726045.37,688,1285579.55,11.57,36,0.4808,10.7132,Female,Divorced,Graduate,Student,Personal Loan,1,0,0,0,4,5
40,1,15.86517154491171,10000.0,120000.0,1,2164.03,190462.67,911796.53,758,147689.79,11.54,180,0.2164,1.2307,Female,Married,Graduate,Government,Education Loan,0,0,1,0,1,2
53,2,1.7092028069948195,52805.46,633665.58,3,15423.79,192746.63,221806.5,560,102330.81,13.65,84,0.2921,0.1615,Male,Single,High School,Business,Education Loan,1,1,2,1,0,2
40,1,1.185934803224381,79244.75,950937.05,2,37433.89,1032269.0,2246904.11,412,537194.48,13.0,12,0.4724,0.5649,Male,Married,Post Graduate,Self-employed,Vehicle Loan,1,1,1,3,3,6
32,0,0.15290342443622706,22690.53,272286.41,1,11223.13,523400.96,1304540.28,335,276764.98,12.56,48,0.4946,1.0164,Male,Divorced,Post Graduate,Salaried,Education Loan,1,1,0,3,2,2
21,0,15.735265302566955,128102.66,1537231.94,1,6511.35,1193684.81,2859545.84,378,893598.61,13.66,60,0.0508,0.5813,Female,Married,PhD,Self-employed,Gold Loan,1,0,1,2,3,3
46,4,13.91446811907498,98498.77,1181985.27,2,41089.78,766645.63,3094191.68,574,345119.09,8.62,36,0.4172,0.292,Male,Married,PhD,Salaried,Education Loan,1,1,1,2,2,2
34,2,28.213805806691735,41205.54,494466.51,2,7872.66,610986.85,1486175.32,577,497700.56,11.32,12,0.1911,1.0065,Male,Married,PhD,Student,Business Loan,0,1,1,2,4,1
58,4,10.26918947574303,50195.08,602341.0,4,14928.74,305474.57,1474316.56,611,472024.92,13.21,36,0.2974,0.7837,Female,Married,Graduate,Student,Education Loan,0,0,1,0,4,2
57,2,19.746821865940518,62113.47,745361.62,0,11647.77,856342.16,4264558.67,828,484226.09,11.37,240,0.1875,0.6497,Male,Single,Post Graduate,Self-employed,Vehicle Loan,0,1,2,3,3,6
31,3,0.22690243921822173,112870.56,1354446.7,0,22637.11,516946.73,1172060.65,503,286611.7,13.84,24,0.2006,0.2116,Female,Married,High School,Student,Business Loan,0,0,1,1,4,1
56,2,19.906153374006905,54681.55,656178.56,1,4343.29,783873.62,2379215.58,316,148491.28,7.7,12,0.0794,0.2263,Female,Married,Post Graduate,Business,Education Loan,0,0,1,3,0,2
33,1,27.403800720807354,40650.2,487802.38,2,11641.54,603847.36,1950924.16,775,371255.86,10.08,120,0.2864,0.7611,Female,Married,High School,Student,Education Loan,0,0,1,1,4,2
63,2,10.643038699951733,54359.83,652317.95,4,14859.69,577475.93,1915840.69,810,1411316.29,13.84,120,0.2734,2.1635,Male,Single,PhD,Business,Business Loan,0,1,2,2,0,1
23,4,9.421713053508768,50132.07,601584.82,3,4746.4,491453.08,1227077.72,509,271831.42,9.66,60,0.0947,0.4519,Male,Single,Graduate,Student,Business Loan,1,1,2,0,4,1
53,0,18.7808959461765,63237.08,758844.96,0,17128.73,420244.57,699276.04,798,270634.02,12.18,24,0.2709,0.3566,Female,Single,Graduate,Self-employed,Business Loan,0,0,2,0,3,1
26,0,9.856561963724587,14157.3,169887.66,0,6888.25,121911.57,148517.82,701,501880.81,7.21,12,0.4866,2.9542,Male,Married,PhD,Business,Home Loan,0,1,1,2,0,4
30,2,12.072551264295335,43893.09,526717.02,2,15678.8,546993.75,779681.97,728,172528.55,11.86,60,0.3572,0.3276,Female,Married,Graduate,Government,Business Loan,0,0,1,0,1,1
25,3,8.193496225898619,47870.96,574451.5,3,11512.55,320551.34,1476191.82,377,987360.53,13.54,48,0.2405,1.7188,Female,Single,PhD,Self-employed,Gold Loan,1,0,2,2,3,3
43,0,10.346676188368065,34762.4,417148.83,0,15922.64,660666.16,1401603.28,867,186206.52,9.68,240,0.458,0.4464,Female,Married,Post Graduate,Business,Gold Loan,0,0,1,3,0,3
30,0,20.38231837293383,58133.65,697603.74,4,16722.56,1006166.12,1315352.85,379,351007.27,7.15,60,0.2877,0.5032,Female,Married,High School,Salaried,Gold Loan,1,0,1,1,2,3
64,0,27.671255592785542,115001.51,1380018.17,0,7765.36,827324.91,2890771.52,605,3372371.28,7.2,24,0.0675,2.4437,Male,Single,Graduate,Salaried,Education Loan,0,1,2,0,2,2
22,3,17.493464271479,39455.56,473466.73,2,10801.15,127875.82,166395.67,357,177362.09,13.24,48,0.2738,0.3746,Female,Single,PhD,Government,Gold Loan,1,0,2,2,1,3
33,4,0.30100346784989074,54996.93,659963.16,2,4976.48,55224.67,70699.27,829,1436753.44,12.06,240,0.0905,2.177,Male,Divorced,High School,Salaried,Home Loan,0,1,0,1,2,4
60,2,7.916776853962903,95202.25,1142427.0,3,36534.09,1401808.73,4887100.58,507,487477.07,7.75,180,0.3838,0.4267,Female,Single,PhD,Self-employed,Personal Loan,1,0,2,2,3,5
22,3,28.567155859573486,40012.16,480145.93,0,19349.37,234525.92,789315.99,810,545716.29,7.38,36,0.4836,1.1366,Female,Single,Graduate,Business,Personal Loan,0,0,2,0,0,5
40,2,27.309652914903094,21309.79,255717.53,3,3844.48,27476.78,32035.43,434,231540.72,12.63,180,0.1804,0.9055,Female,Single,High School,Self-employed,Agricultural Loan,1,0,2,1,3,0
21,1,3.4694171880165636,52547.21,630566.54,0,11426.86,486532.59,1382682.49,821,838190.34,12.67,24,0.2175,1.3293,Female,Single,Graduate,Student,Home Loan,0,0,2,0,4,4
57,2,27.252511892019832,10000.0,120000.0,1,2107.48,231259.65,634362.15,880,330136.06,7.84,36,0.2107,2.7511,Female,Married,High School,Student,Agricultural Loan,0,0,1,1,4,0
29,0,28.935870691167608,10000.0,120000.0,0,1426.5,168686.85,537563.91,382,176622.84,9.11,60,0.1426,1.4719,Female,Single,High School,Salaried,Personal Loan,1,0,2,1,2,5
37,3,9.737156872810196,44347.31,532167.66,2,17609.87,919256.01,3632328.75,343,1417674.37,12.46,180,0.3971,2.664,Male,Married,PhD,Government,Personal Loan,1,1,1,2,1,5
29,3,21.030204282098026,10000.0,120000.0,2,3088.64,43289.99,92259.64,782,324915.65,10.68,12,0.3089,2.7076,Male,Married,High School,Government,Vehicle Loan,0,1,1,1,1,6
31,4,16.79947246540889,16496.43,197957.18,1,528.31,44303.27,120997.6,792,99956.79,13.7,48,0.032,0.5049,Male,Single,Post Graduate,Student,Education Loan,0,1,2,3,4,2
35,1,10.111489756523365,28909.94,346919.32,0,12124.92,36576.41,152559.15,798,356837.04,10.37,12,0.4194,1.0286,Male,Single,Graduate,Government,Vehicle Loan,0,1,2,0,1,6
44,4,4.600073427555602,23556.34,282676.06,0,2203.56,541330.13,2538960.4,317,844462.5,11.74,12,0.0935,2.9874,Male,Divorced,PhD,Government,Agricultural Loan,1,1,0,2,1,0
58,4,11.007606723163407,33233.58,398802.96,2,16270.35,262700.25,1199303.32,593,743176.94,10.57,60,0.4896,1.8635,Female,Married,High School,Salaried,Vehicle Loan,1,0,1,1,2,6
55,1,27.833897143155372,70807.63,849691.6,1,13335.31,819146.15,2384144.38,447,264950.07,13.6,84,0.1883,0.3118,Male,Single,Post Graduate,Self-employed,Home Loan,0,1,2,3,3,4
50,0,24.33745126720039,41901.99,502823.82,2,12915.23,422122.42,1301598.93,771,202402.81,9.79,12,0.3082,0.4025,Male,Married,Post Graduate,Self-employed,Personal Loan,0,1,1,3,3,5
51,3,9.920235919287133,21947.48,263369.8,1,854.02,390676.39,1217512.4,471,148309.74,8.61,84,0.0389,0.5631,Female,Divorced,Post Graduate,Business,Home Loan,1,0,0,3,0,4
25,2,16.430260560324598,81851.72,982220.69,2,14105.64,665388.4,2977521.46,862,434429.72,9.29,60,0.1723,0.4423,Female,Single,PhD,Self-employed,Gold Loan,0,0,2,2,3,3
64,1,12.178850361287443,15408.67,184904.05,4,6181.6,205172.86,894504.04,830,499217.22,12.97,48,0.4012,2.6999,Female,Divorced,High School,Self-employed,Vehicle Loan,0,0,0,1,3,6
34,4,13.987135439784332,41486.78,497841.36,0,9898.92,991467.34,2226964.65,419,780093.1,10.49,60,0.2386,1.567,Female,Married,High School,Salaried,Personal Loan,1,0,1,1,2,5
31,2,22.83632058016505,14413.9,172966.82,3,6519.43,161629.73,266915.14,365,392688.76,9.48,180,0.4523,2.2703,Male,Divorced,Post Graduate,Salaried,Education Loan,1,1,0,3,2,2
29,1,16.290186028525813,42251.31,507015.77,4,12150.18,577966.1,1454103.9,440,383488.84,10.81,240,0.2876,0.7564,Male,Divorced,PhD,Self-employed,Vehicle Loan,1,1,0,2,3,6
54,1,5.431333902353748,29996.13,359953.53,2,13926.78,376695.73,811261.54,745,354054.29,7.93,24,0.4643,0.9836,Male,Married,Graduate,Business,Personal Loan,0,1,1,0,0,5
32,0,8.071068834136172,69518.12,834217.46,1,34154.6,1353745.97,6502208.27,805,499899.0,7.04,84,0.4913,0.5992,Male,Married,High School,Self-employed,Gold Loan,0,1,1,1,3,3
55,0,17.03381585632807,55961.19,671534.27,3,12700.24,399412.47,824252.63,488,397547.0,8.96,36,0.2269,0.592,Female,Married,High School,Self-employed,Home Loan,1,0,1,1,3,4
55,3,20.784586797875985,25532.73,306392.75,1,7214.99,125622.93,216677.78,457,937779.2,11.24,24,0.2826,3.0607,Male,Married,Graduate,Student,Personal Loan,1,1,1,0,4,5
21,3,15.243612821477374,22757.19,273086.22,1,9500.22,417461.05,1919450.97,545,567318.4,11.98,12,0.4175,2.0774,Female,Married,High School,Business,Personal Loan,1,0,1,1,0,5
60,2,18.60631597023585,30059.74,360716.86,0,3329.61,317407.34,427203.11,332,482338.56,12.79,48,0.1108,1.3372,Male,Married,Graduate,Self-employed,Vehicle Loan,0,1,1,0,3,6
42,3,23.681308547264393,111897.98,1342775.81,2,48207.31,2463512.24,5028186.65,660,427886.84,13.49,180,0.4308,0.3187,Female,Divorced,Graduate,Salaried,Personal Loan,0,0,0,0,2,5
49,1,16.361757486241856,95936.43,1151237.19,0,28393.35,1517298.34,4182349.08,629,208259.54,9.88,36,0.296,0.1809,Female,Married,High School,Self-employed,Gold Loan,0,0,1,1,3,3
28,1,29.31574350156898,20313.46,243761.54,1,7368.71,283979.99,959974.35,811,442182.5,12.18,60,0.3628,1.814,Male,Married,Post Graduate,Government,Education Loan,0,1,1,3,1,2
31,1,7.067059554081704,58696.49,704357.88,0,2343.58,153814.87,355418.73,370,263755.4,7.52,60,0.0399,0.3745,Male,Married,High School,Student,Gold Loan,0,1,1,1,4,3
61,1,27.590647511701608,12850.54,154206.48,4,4922.96,228732.86,682752.94,612,583757.43,7.4,60,0.3831,3.7856,Male,Married,Post Graduate,Student,Personal Loan,0,1,1,3,4,5
57,0,7.429793843920733,27766.75,333200.99,1,4314.77,465896.3,836435.16,378,374337.38,7.87,240,0.1554,1.1235,Female,Single,High School,Student,Education Loan,0,0,2,1,4,2
34,1,15.949337293011054,20815.67,249788.05,1,8380.73,327256.78,1078997.18,468,1675214.37,10.14,180,0.4026,6.7065,Male,Divorced,PhD,Business,Gold Loan,1,1,0,2,0,3
50,1,13.677203124078293,68979.71,827756.51,4,17560.6,494027.09,1299917.31,479,161206.18,8.48,180,0.2546,0.1948,Female,Divorced,Post Graduate,Student,Education Loan,1,0,0,3,4,2
55,1,11.186498073582149,16740.22,200882.64,1,2298.55,381258.58,1676408.77,559,50000.0,9.01,12,0.1373,0.2489,Male,Single,Graduate,Self-employed,Business Loan,1,1,2,0,3,1
41,4,28.882040058024728,46986.24,563834.92,3,22383.3,394593.66,1050777.88,785,548054.73,11.54,12,0.4764,0.972,Male,Divorced,Post Graduate,Business,Vehicle Loan,0,1,0,3,0,6
57,2,8.169046825979706,36330.98,435971.75,3,13897.73,163537.07,453858.17,304,264448.74,9.51,24,0.3825,0.6066,Female,Divorced,Post Graduate,Government,Personal Loan,1,0,0,3,1,5
25,2,20.24607313029185,32686.93,392243.21,2,16109.53,774864.25,2610285.16,596,503253.09,10.9,180,0.4928,1.283,Male,Married,High School,Salaried,Education Loan,1,1,1,1,2,2
39,1,24.122057160384298,99007.39,1188088.68,2,18042.61,1798337.0,2684341.71,659,164635.59,9.89,12,0.1822,0.1386,Male,Divorced,PhD,Student,Home Loan,0,1,0,2,4,4
34,1,5.9102053682810425,104382.6,1252591.25,0,33883.62,1100202.91,1790228.95,416,2037364.85,8.18,48,0.3246,1.6265,Male,Single,Graduate,Self-employed,Vehicle Loan,0,1,2,0,3,6
46,2,29.194587792165958,33301.72,399620.63,0,10183.48,750157.13,3121367.04,656,324743.54,7.52,240,0.3058,0.8126,Male,Divorced,PhD,Business,Personal Loan,0,1,0,2,0,5
24,3,16.39921427117398,29508.99,354107.87,4,10144.55,91350.97,191259.25,738,251109.29,8.65,24,0.3438,0.7091,Male,Single,Post Graduate,Self-employed,Vehicle Loan,0,1,2,3,3,6
45,4,27.434719848391698,14704.02,176448.21,4,281.7,44350.37,165816.63,630,2007485.96,7.4,36,0.0192,11.3772,Female,Single,PhD,Student,Home Loan,1,0,2,2,4,4
62,4,19.91643178991522,36222.82,434673.85,1,5283.45,604789.74,840481.07,824,866549.51,11.33,84,0.1459,1.9936,Female,Divorced,PhD,Salaried,Personal Loan,0,0,0,2,2,5
45,3,19.482805523303178,117240.42,1406885.01,2,53305.56,597147.31,2560201.41,487,1344601.86,12.57,36,0.4547,0.9557,Male,Married,PhD,Business,Vehicle Loan,1,1,1,2,0,6
38,1,10.367582677205496,33616.05,403392.55,2,7123.58,742719.94,3678626.86,580,385485.4,9.38,48,0.2119,0.9556,Male,Single,Post Graduate,Self-employed,Agricultural Loan,0,1,2,3,3,0
60,2,23.117704302782638,56232.8,674793.65,2,27009.84,1143115.12,2851802.2,810,459331.68,9.71,240,0.4803,0.6807,Female,Divorced,PhD,Business,Vehicle Loan,0,0,0,2,0,6
28,4,0.8935895159963303,15701.34,188416.13,2,1676.14,126340.02,381814.75,765,274475.96,12.71,240,0.1068,1.4568,Female,Divorced,PhD,Student,Agricultural Loan,0,0,0,2,4,0
59,3,16.674614463592963,27976.92,335723.0,0,13952.42,599917.71,1662280.73,414,250001.47,8.56,60,0.4987,0.7447,Female,Married,High School,Student,Education Loan,1,0,1,1,4,2
60,3,0.9641718961030421,47929.15,575149.81,3,16717.23,95207.27,435739.97,535,608401.84,7.83,120,0.3488,1.0578,Female,Married,Graduate,Government,Education Loan,1,0,1,0,1,2
34,0,9.206156183364666,38697.0,464364.04,4,15022.05,527001.74,547942.76,637,329469.19,10.51,240,0.3882,0.7095,Male,Divorced,Post Graduate,Government,Vehicle Loan,0,1,0,3,1,6
52,3,2.8888734063446995,59563.63,714763.54,4,11819.25,1341250.43,4847060.81,821,2614687.89,11.52,180,0.1984,3.6581,Female,Married,PhD,Student,Education Loan,0,0,1,2,4,2
58,0,27.34773085053323,25295.88,303550.58,2,11471.78,522962.21,1887618.02,498,868063.62,11.2,120,0.4535,2.8597,Female,Single,PhD,Business,Personal Loan,1,0,2,2,0,5
53,0,18.847810996165624,12708.25,152499.03,2,3465.94,116784.86,295411.97,349,1995907.22,12.0,180,0.2727,13.088,Male,Divorced,High School,Self-employed,Education Loan,1,1,0,1,3,2
43,4,20.05531850622492,71200.43,854405.16,0,24241.55,370670.86,695873.23,441,74388.44,7.4,60,0.3405,0.0871,Male,Married,Graduate,Self-employed,Personal Loan,0,1,1,0,3,5
35,1,25.533852728731862,20708.73,248504.71,0,981.68,120989.35,236985.57,827,2015417.25,10.0,60,0.0474,8.1102,Male,Divorced,Post Graduate,Business,Personal Loan,0,1,0,3,0,5
53,1,21.99097425787367,49215.43,590585.13,4,15544.22,631615.1,2653956.02,813,65646.72,8.67,60,0.3158,0.1112,Male,Married,PhD,Salaried,Personal Loan,0,1,1,2,2,5
45,3,3.7258672844207794,47596.48,571157.78,2,20920.53,700895.21,886220.58,329,161340.3,12.31,12,0.4395,0.2825,Female,Single,Post Graduate,Business,Personal Loan,1,0,2,3,0,5
37,2,18.526149997786725,13383.1,160597.21,2,1192.99,23483.72,76446.47,381,108867.02,13.11,84,0.0891,0.6779,Female,Divorced,PhD,Student,Vehicle Loan,1,0,0,2,4,6
53,2,29.34512191178912,68150.6,817807.21,4,25138.23,716377.71,1595632.77,330,537368.48,8.97,60,0.3689,0.6571,Female,Married,PhD,Student,Gold Loan,1,0,1,2,4,3
22,0,6.4234767278014235,25849.84,310198.08,0,328.3,519553.44,1070795.09,632,436019.55,7.67,180,0.0127,1.4056,Female,Single,Post Graduate,Government,Gold Loan,0,0,2,3,1,3
34,3,18.591417933574515,37535.14,450421.65,4,17382.58,421127.95,1273049.01,476,835625.11,8.77,180,0.4631,1.8552,Female,Single,Post Graduate,Self-employed,Agricultural Loan,1,0,2,3,3,0
60,3,16.908429423639966,29292.61,351511.29,0,14396.1,143271.14,657821.7,669,412185.42,7.73,24,0.4915,1.1726,Male,Married,PhD,Government,Agricultural Loan,0,1,1,2,1,0
60,1,11.74938137384431,96139.44,1153673.26,0,17025.34,2207533.28,7665367.22,846,1178885.71,9.26,84,0.1771,1.0219,Male,Divorced,Post Graduate,Self-employed,Agricultural Loan,0,1,0,3,3,0
59,2,28.639061509970645,81315.68,975788.14,0,4353.39,579320.33,2406753.01,834,209786.45,10.77,84,0.0535,0.215,Female,Married,Graduate,Business,Personal Loan,0,0,1,0,0,5
26,4,10.692011568450189,12241.65,146899.79,2,4031.03,237045.45,806602.88,405,1200838.05,13.82,36,0.3293,8.1745,Female,Married,Post Graduate,Salaried,Gold Loan,1,0,1,3,2,3
26,3,2.810413280586853,140828.24,1689938.88,4,2100.77,768537.14,2913419.11,396,431666.02,9.8,12,0.0149,0.2554,Female,Single,Post Graduate,Self-employed,Personal Loan,1,0,2,3,3,5
23,3,28.87628951382392,24173.59,290083.07,0,5831.71,259454.47,708214.87,529,2912982.88,8.54,120,0.2412,10.0419,Male,Married,Post Graduate,Salaried,Gold Loan,1,1,1,3,2,3
27,1,21.87660620446294,128214.77,1538577.21,3,17423.05,1574441.24,7406055.93,526,888709.43,8.17,60,0.1359,0.5776,Female,Married,Post Graduate,Salaried,Business Loan,1,0,1,3,2,1
28,4,10.273496268546861,31140.8,373689.65,0,7370.08,389715.07,1172167.87,670,346996.74,8.21,60,0.2367,0.9286,Female,Divorced,PhD,Salaried,Home Loan,0,0,0,2,2,4
62,4,8.415348752691425,29597.64,355171.7,0,270.46,381185.04,1222498.04,399,430516.8,8.35,180,0.0091,1.2121,Female,Married,High School,Business,Education Loan,0,0,1,1,0,2
35,4,27.840799938301792,31307.2,375686.39,0,807.92,193284.18,599154.29,744,197344.71,12.34,60,0.0258,0.5253,Male,Divorced,PhD,Salaried,Agricultural Loan,0,1,0,2,2,0
49,4,8.20649927880585,28553.25,342639.06,1,228.08,367367.8,831998.47,767,589770.13,7.43,60,0.008,1.7213,Male,Married,PhD,Salaried,Gold Loan,0,1,1,2,2,3
53,2,16.114730180889037,165154.71,1981856.47,3,51126.27,1994968.65,3840222.37,354,346848.39,13.98,12,0.3096,0.175,Female,Single,Graduate,Student,Personal Loan,1,0,2,0,4,5
50,0,6.448652136194691,34689.14,416269.73,2,9714.57,201216.06,260643.19,494,789641.74,10.66,24,0.28,1.8969,Female,Married,PhD,Student,Education Loan,0,0,1,2,4,2
59,4,29.856438417455472,30291.49,363497.9,4,3531.35,718768.8,2783575.89,819,151690.98,10.81,60,0.1166,0.4173,Male,Divorced,PhD,Self-employed,Education Loan,0,1,0,2,3,2
47,0,23.08525758815007,38032.88,456394.62,4,12296.85,795189.96,1715305.1,723,339850.73,9.5,120,0.3233,0.7446,Male,Divorced,Graduate,Student,Vehicle Loan,0,1,0,0,4,6
56,0,17.029048204611318,20324.84,243898.04,4,8985.68,435241.25,1112821.28,614,174972.32,11.83,36,0.4421,0.7174,Male,Married,Graduate,Self-employed,Agricultural Loan,1,1,1,0,3,0
49,1,22.374793475484335,94681.35,1136176.2,2,13128.62,1587629.58,7429650.22,427,183896.22,10.3,12,0.1387,0.1619,Male,Married,Post Graduate,Salaried,Vehicle Loan,0,1,1,3,2,6
58,4,27.49103899802464,15023.21,180278.5,0,6249.61,70273.04,229496.93,331,718441.91,9.3,24,0.416,3.9852,Female,Married,PhD,Student,Gold Loan,1,0,1,2,4,3
53,2,28.89372583261767,25124.4,301492.82,3,8322.57,353402.79,490633.42,392,1087731.69,8.86,36,0.3313,3.6078,Male,Divorced,Graduate,Government,Vehicle Loan,1,1,0,0,1,6
57,1,23.580566532763754,63703.59,764443.07,4,1077.24,1267262.61,5320535.71,818,68457.18,13.48,240,0.0169,0.0896,Male,Divorced,PhD,Business,Agricultural Loan,0,1,0,2,0,0
47,1,25.47197904999679,37250.15,447001.81,1,6987.2,70437.77,142602.85,557,1962048.47,9.04,180,0.1876,4.3894,Male,Single,PhD,Student,Personal Loan,0,1,2,2,4,5
53,0,11.933817737591912,50489.93,605879.11,1,12818.31,626296.8,2010928.41,519,1360373.31,10.05,48,0.2539,2.2453,Male,Married,PhD,Business,Vehicle Loan,0,1,1,2,0,6
24,3,11.75468985518899,91116.89,1093402.68,3,33335.08,921267.05,2800583.55,405,150641.7,9.45,180,0.3658,0.1378,Male,Divorced,Post Graduate,Student,Home Loan,1,1,0,3,4,4
42,2,24.248899582310766,66322.26,795867.17,4,9521.57,389899.89,761207.54,847,857241.39,7.6,240,0.1436,1.0771,Female,Divorced,Post Graduate,Student,Gold Loan,0,0,0,3,4,3
22,4,22.78875416589232,39438.03,473256.34,0,19378.47,382539.02,559686.77,715,306156.35,8.3,36,0.4914,0.6469,Female,Divorced,PhD,Government,Education Loan,0,0,0,2,1,2
30,4,27.029451108631932,127211.41,1526536.86,4,43540.63,3004789.72,5543976.52,856,409020.09,8.33,84,0.3423,0.2679,Male,Divorced,High School,Salaried,Business Loan,0,1,0,1,2,1
25,2,3.990290824899223,24909.34,298912.14,0,4643.27,439266.25,610295.09,608,716149.09,11.86,180,0.1864,2.3959,Female,Single,PhD,Self-employed,Education Loan,0,0,2,2,3,2
30,4,20.724393560765986,34194.3,410331.59,4,1658.85,269770.89,567196.56,665,649525.05,9.85,120,0.0485,1.5829,Male,Divorced,Post Graduate,Student,Home Loan,0,1,0,3,4,4
53,3,19.42944701424942,35658.25,427898.99,1,3233.63,532133.98,2654917.57,820,279736.41,12.47,240,0.0907,0.6537,Female,Divorced,Graduate,Student,Personal Loan,0,0,0,0,4,5
58,3,23.955595210606003,34150.99,409811.92,2,8326.14,227892.77,594428.45,758,278790.02,11.96,120,0.2438,0.6803,Female,Married,PhD,Business,Agricultural Loan,0,0,1,2,0,0
33,4,0.7365715471953638,19119.68,229436.2,3,4729.21,287739.95,1282040.74,898,292265.76,8.34,12,0.2473,1.2738,Female,Single,Post Graduate,Salaried,Agricultural Loan,0,0,2,3,2,0
51,1,24.787573369972574,14042.03,168504.33,0,5390.16,303473.97,970118.52,669,1103791.98,10.94,240,0.3839,6.5505,Female,Single,Graduate,Student,Education Loan,0,0,2,0,4,2
56,4,9.792799598356464,46645.0,559739.96,2,16936.25,644081.87,2361418.19,630,99762.44,12.2,60,0.3631,0.1782,Female,Single,Post Graduate,Student,Home Loan,0,0,2,3,4,4
44,4,20.613663930602158,24832.68,297992.14,0,2499.07,443680.98,721155.45,310,388663.32,11.43,84,0.1006,1.3043,Male,Married,High School,Self-employed,Vehicle Loan,1,1,1,1,3,6
35,2,18.496787147190105,114083.43,1369001.12,3,33937.35,1303608.16,2736564.83,806,1556635.82,11.2,24,0.2975,1.1371,Male,Single,Post Graduate,Salaried,Gold Loan,0,1,2,3,2,3
49,3,13.205949624885644,34768.76,417225.14,2,358.5,453900.97,1380664.03,718,776819.14,12.18,24,0.0103,1.8619,Female,Divorced,PhD,Salaried,Agricultural Loan,0,0,0,2,2,0
28,1,22.380826016755876,31229.13,374749.51,2,6223.14,530480.62,2400198.69,421,1025582.44,7.4,48,0.1993,2.7367,Female,Single,Graduate,Student,Home Loan,0,0,2,0,4,4
25,2,28.836567912465316,70024.74,840296.87,3,26753.13,1378459.05,1614936.66,534,392995.37,12.12,48,0.3821,0.4677,Female,Divorced,PhD,Salaried,Home Loan,1,0,0,2,2,4
49,2,9.704249397656483,46226.83,554721.93,3,9234.01,747366.77,2262787.29,630,174407.44,8.91,60,0.1998,0.3144,Male,Single,PhD,Salaried,Vehicle Loan,0,1,2,2,2,6
24,1,22.45307649507491,32685.59,392227.06,0,13655.98,767533.31,924147.61,842,462568.55,11.0,120,0.4178,1.1793,Female,Single,High School,Self-employed,Agricultural Loan,0,0,2,1,3,0
32,1,9.436111345305466,24724.77,296697.27,2,12067.61,490933.09,1388010.57,647,254957.35,8.7,12,0.4881,0.8593,Female,Divorced,Post Graduate,Government,Personal Loan,0,0,0,3,1,5
22,2,25.36959420948247,325989.71,3911876.47,3,98972.53,6152952.91,21630537.61,711,2635409.7,12.87,48,0.3036,0.6737,Male,Married,High School,Self-employed,Business Loan,0,1,1,1,3,1
47,4,13.118194976682807,45119.57,541434.89,0,3271.26,922123.92,3669032.19,523,389827.08,10.36,240,0.0725,0.72,Male,Married,Post Graduate,Government,Business Loan,0,1,1,3,1,1
51,1,13.477972021836129,69609.6,835315.18,4,13214.59,519834.15,807888.81,452,736722.96,11.5,180,0.1898,0.882,Male,Married,High School,Self-employed,Agricultural Loan,1,1,1,1,3,0
56,0,23.15641743409455,19657.86,235894.36,3,93.21,214999.71,358254.26,511,1727029.83,12.56,36,0.0047,7.3212,Male,Divorced,Post Graduate,Student,Vehicle Loan,1,1,0,3,4,6
56,1,14.885090984312384,25673.35,308080.2,2,7737.0,358981.39,1033959.64,391,183983.37,13.27,84,0.3014,0.5972,Male,Divorced,Graduate,Self-employed,Agricultural Loan,1,1,0,0,3,0
46,2,7.999338538226864,128979.34,1547752.11,4,52982.68,1500659.86,7491512.85,630,71411.64,12.12,240,0.4108,0.0461,Female,Single,PhD,Salaried,Agricultural Loan,0,0,2,2,2,0
63,0,29.866108010082748,83965.27,1007583.26,3,26446.55,1720576.87,4171000.68,766,654751.46,8.04,180,0.315,0.6498,Male,Single,Post Graduate,Salaried,Vehicle Loan,0,1,2,3,2,6
47,2,18.60676178745073,47790.08,573480.9,1,18783.56,77543.02,210150.1,853,761207.99,12.98,120,0.393,1.3273,Male,Divorced,Graduate,Business,Education Loan,0,1,0,0,0,2
25,3,19.35448670244686,28884.42,346612.98,2,11552.38,167848.34,458190.2,527,317655.44,11.33,120,0.4,0.9165,Male,Single,Post Graduate,Student,Business Loan,0,1,2,3,4,1
40,3,19.39745753513273,31557.88,378694.54,2,13428.08,671527.99,888299.43,493,175430.36,11.27,12,0.4255,0.4633,Male,Single,Post Graduate,Salaried,Home Loan,1,1,2,3,2,4
31,4,26.50077198261193,24205.46,290465.54,0,3227.36,57108.02,233953.78,829,566853.0,13.45,60,0.1333,1.9515,Female,Married,PhD,Student,Home Loan,0,0,1,2,4,4
30,1,5.516160169554102,18140.28,217683.41,1,7902.53,112845.83,227091.63,542,434088.05,8.74,120,0.4356,1.9941,Female,Divorced,PhD,Self-employed,Vehicle Loan,1,0,0,2,3,6
60,2,1.7745451552361013,63215.61,758587.3,3,20674.47,573919.18,2189311.26,688,572496.07,8.68,24,0.327,0.7547,Female,Married,Graduate,Salaried,Vehicle Loan,0,0,1,0,2,6
58,0,11.601015355348814,50176.33,602115.99,1,7268.68,916572.72,2658390.41,575,178730.67,10.59,84,0.1449,0.2968,Male,Single,PhD,Student,Home Loan,0,1,2,2,4,4
26,1,16.947155415254045,56480.31,677763.67,3,27881.35,784181.38,2703166.51,749,573685.42,12.26,24,0.4936,0.8464,Male,Single,PhD,Self-employed,Home Loan,0,1,2,2,3,4
28,4,8.571288635292296,29669.09,356029.14,0,14095.53,681081.02,828117.25,886,852244.12,10.13,36,0.4751,2.3937,Female,Married,Graduate,Government,Agricultural Loan,0,0,1,0,1,0
43,2,20.676210134736294,42335.59,508027.08,4,12159.65,264221.72,1204814.8,873,132626.15,11.44,12,0.2872,0.2611,Female,Divorced,PhD,Business,Home Loan,0,0,0,2,0,4
46,2,2.217479368118486,28022.8,336273.6,1,11814.53,590125.68,1165750.25,777,1423078.85,10.17,36,0.4216,4.2319,Female,Single,Graduate,Self-employed,Personal Loan,0,0,2,0,3,5
63,3,23.721284132504323,23473.21,281678.55,2,3069.06,176213.65,648533.46,779,542310.62,11.27,120,0.1307,1.9253,Male,Divorced,Graduate,Government,Vehicle Loan,0,1,0,0,1,6
32,4,21.542580590969916,98739.22,1184870.58,3,20539.58,656266.24,2751118.24,587,873930.03,12.76,60,0.208,0.7376,Female,Married,PhD,Student,Vehicle Loan,1,0,1,2,4,6
46,2,6.4183436152247335,39061.96,468743.52,1,3593.15,486814.74,1538409.96,839,159031.17,8.26,48,0.092,0.3393,Male,Single,Post Graduate,Government,Agricultural Loan,0,1,2,3,1,0
33,3,8.953627158184135,49240.54,590886.51,3,12805.07,129881.96,305136.37,629,763805.15,11.87,180,0.2601,1.2926,Male,Married,PhD,Salaried,Education Loan,0,1,1,2,2,2
60,3,24.210061345156216,59961.17,719534.0,1,14870.41,589961.59,2897663.33,769,118691.93,12.51,180,0.248,0.165,Male,Divorced,PhD,Student,Education Loan,0,1,0,2,4,2
38,0,23.200135290543233,39356.82,472281.83,2,4187.83,361317.14,763737.3,833,207192.31,10.13,12,0.1064,0.4387,Male,Single,Post Graduate,Business,Gold Loan,0,1,2,3,0,3
45,4,24.41298472001779,41956.12,503473.47,3,14114.08,196452.65,941921.59,766,546174.58,9.26,240,0.3364,1.0848,Female,Divorced,PhD,Business,Home Loan,0,0,0,2,0,4
53,4,9.667285346754383,18920.95,227051.36,3,1114.35,393523.18,639434.45,719,354775.28,7.09,240,0.0589,1.5625,Male,Divorced,PhD,Student,Home Loan,0,1,0,2,4,4
60,2,29.08713550419984,21212.18,254546.2,4,654.31,209480.11,535617.28,421,452253.32,12.58,24,0.0308,1.7767,Male,Single,Post Graduate,Salaried,Agricultural Loan,1,1,2,3,2,0
63,0,21.460146881219135,20564.29,246771.43,0,3957.65,484991.49,753668.21,607,2067621.51,9.3,24,0.1925,8.3787,Male,Married,Graduate,Student,Gold Loan,0,1,1,0,4,3
32,1,1.9560236219026417,52222.83,626673.97,1,10701.11,1132884.64,1143037.43,633,446614.66,9.5,180,0.2049,0.7127,Male,Single,Post Graduate,Student,Vehicle Loan,0,1,2,3,4,6
64,2,14.332045620328323,37893.48,454721.78,2,6058.04,207680.76,423883.53,719,780555.7,9.35,84,0.1599,1.7166,Female,Divorced,Post Graduate,Student,Agricultural Loan,0,0,0,3,4,0
56,3,19.936411364178074,21213.25,254558.95,4,2735.94,267664.7,361037.29,625,419402.88,10.49,36,0.129,1.6476,Female,Divorced,High School,Self-employed,Home Loan,0,0,0,1,3,4
24,1,5.0595057704107615,51434.24,617210.84,4,8712.35,763360.97,3775111.67,872,409581.93,11.92,24,0.1694,0.6636,Male,Divorced,High School,Business,Education Loan,0,1,0,1,0,2
25,1,27.05306779979523,50315.77,603789.27,0,4110.18,998068.27,4038796.31,549,202275.47,12.4,60,0.0817,0.335,Female,Single,Graduate,Business,Personal Loan,0,0,2,0,0,5
57,2,22.623261034513,23933.16,287197.97,2,4827.95,511446.53,519025.76,394,593918.74,9.75,180,0.2017,2.068,Female,Divorced,PhD,Salaried,Business Loan,1,0,0,2,2,1
28,0,2.442953031995069,35714.19,428570.33,1,16153.59,548299.11,1038800.0,595,3363132.99,11.64,84,0.4523,7.8473,Male,Single,Graduate,Business,Vehicle Loan,1,1,2,0,0,6
62,4,27.395943247376007,50427.15,605125.8,3,5658.6,91176.66,335575.41,483,474629.78,12.04,36,0.1122,0.7843,Female,Single,PhD,Salaried,Agricultural Loan,1,0,2,2,2,0
48,0,12.131090403283709,21698.25,260378.97,0,7425.69,261883.93,679381.5,559,357322.35,9.08,240,0.3422,1.3723,Male,Divorced,High School,Salaried,Personal Loan,1,1,0,1,2,5
51,2,13.574084327051493,51007.91,612094.96,3,3616.07,1089043.5,4712694.43,485,1101421.8,7.68,180,0.0709,1.7994,Male,Divorced,Post Graduate,Business,Personal Loan,1,1,0,3,0,5
29,4,23.493244812800686,43504.26,522051.13,4,7698.22,758020.89,2288800.95,708,1002735.38,13.26,84,0.177,1.9208,Female,Divorced,Post Graduate,Student,Gold Loan,0,0,0,3,4,3
49,1,19.31993050200565,19939.94,239279.31,3,3202.1,419003.3,1514531.69,368,628597.18,11.74,12,0.1606,2.627,Male,Married,Graduate,Student,Personal Loan,1,1,1,0,4,5
34,3,13.125860857366375,41434.87,497218.42,1,19412.84,683834.24,2316932.7,307,345692.51,11.54,24,0.4685,0.6953,Female,Married,Post Graduate,Self-employed,Home Loan,1,0,1,3,3,4
60,0,7.7887397296396745,45224.27,542691.23,1,9677.59,91027.65,323391.7,564,1105205.63,7.41,48,0.214,2.0365,Female,Married,Post Graduate,Salaried,Gold Loan,0,0,1,3,2,3
61,4,15.506871959094738,24944.27,299331.21,3,8611.58,580307.26,1114419.41,783,487353.01,12.73,24,0.3452,1.6281,Male,Divorced,High School,Government,Education Loan,0,1,0,1,1,2
42,0,17.375392421411764,26150.66,313807.95,3,7877.4,578306.91,1441810.35,670,918969.6,10.96,36,0.3012,2.9284,Female,Divorced,High School,Government,Personal Loan,0,0,0,1,1,5
31,4,18.927970430178075,19829.94,237959.24,0,1398.31,77561.42,93268.92,382,229707.5,12.94,180,0.0705,0.9653,Female,Married,Graduate,Business,Home Loan,1,0,1,0,0,4
43,3,18.151897487567375,27739.17,332869.99,1,13031.03,99636.22,333835.75,510,276684.2,13.82,240,0.4698,0.8312,Female,Single,PhD,Business,Home Loan,1,0,2,2,0,4
21,2,18.519104889089768,36053.2,432638.35,3,6234.85,483069.76,1370485.26,612,478065.97,13.7,84,0.1729,1.105,Male,Married,Graduate,Government,Agricultural Loan,0,1,1,0,1,0
57,2,14.272127848815895,26194.03,314328.33,2,586.2,482288.87,1949828.58,636,164692.3,12.99,48,0.0224,0.5239,Female,Married,High School,Self-employed,Agricultural Loan,0,0,1,1,3,0
41,4,16.856635169976457,14899.27,178791.2,0,2238.2,145863.58,266278.32,789,329087.57,7.08,24,0.1502,1.8406,Female,Single,Post Graduate,Salaried,Agricultural Loan,0,0,2,3,2,0
46,4,8.659145540870867,24024.93,288299.12,0,4031.79,99386.07,273038.23,702,158953.79,13.2,120,0.1678,0.5514,Male,Married,PhD,Salaried,Education Loan,0,1,1,2,2,2
56,2,4.751247458533178,28271.93,339263.17,0,1311.04,360263.28,620727.05,490,128566.02,7.53,120,0.0464,0.379,Female,Married,High School,Business,Gold Loan,0,0,1,1,0,3
43,1,18.208070575572798,59284.5,711414.04,0,18377.53,519570.64,1795592.96,634,3105838.05,12.96,240,0.31,4.3657,Female,Married,High School,Business,Gold Loan,0,0,1,1,0,3
21,1,1.4099607563090577,51888.84,622666.04,3,8996.6,471708.7,2071801.69,821,271799.57,8.96,60,0.1734,0.4365,Female,Single,PhD,Student,Gold Loan,0,0,2,2,4,3
60,1,1.9562089066148314,59977.97,719735.67,4,18867.11,949731.24,3857592.71,386,291610.32,11.27,48,0.3146,0.4052,Female,Single,PhD,Self-employed,Education Loan,1,0,2,2,3,2
35,3,7.419479885638992,23308.86,279706.27,2,78.56,498086.63,2379256.17,878,471736.23,7.27,84,0.0034,1.6865,Female,Married,Graduate,Salaried,Education Loan,0,0,1,0,2,2
41,4,5.8298103762940805,39534.56,474414.7,4,19412.42,547459.14,2675379.78,361,189209.47,12.4,24,0.491,0.3988,Male,Divorced,PhD,Student,Education Loan,1,1,0,2,4,2
29,0,11.223393943238726,10000.0,120000.0,4,852.58,168148.58,687414.16,686,296163.08,7.78,24,0.0853,2.468,Female,Married,PhD,Government,Gold Loan,0,0,1,2,1,3
29,0,11.138664383339163,46974.13,563689.52,3,15485.75,759984.1,1631856.37,445,1919407.95,9.87,240,0.3297,3.4051,Male,Single,Post Graduate,Student,Personal Loan,1,1,2,3,4,5
30,4,3.505663672478464,52393.54,628722.5,0,18751.24,716553.06,1345002.7,452,589175.67,12.72,120,0.3579,0.9371,Male,Single,Graduate,Government,Education Loan,1,1,2,0,1,2
46,2,7.395090285294192,29408.08,352897.01,0,2523.34,239600.53,668532.46,648,973706.69,11.87,120,0.0858,2.7592,Male,Single,PhD,Government,Education Loan,0,1,2,2,1,2
61,4,0.1370750885785299,43358.49,520301.92,3,2421.84,420111.99,2090281.8,477,1557939.12,7.04,60,0.0559,2.9943,Female,Divorced,Graduate,Salaried,Gold Loan,1,0,0,0,2,3
55,1,10.528914307365568,14633.16,175597.91,3,1116.34,120887.27,320432.52,786,523618.99,9.82,120,0.0763,2.9819,Female,Divorced,PhD,Student,Education Loan,0,0,0,2,4,2
45,1,23.893055326895567,22457.05,269484.58,1,2771.4,496355.93,891591.07,546,370646.33,7.29,240,0.1234,1.3754,Male,Divorced,High School,Salaried,Personal Loan,1,1,0,1,2,5
46,0,7.984799654843099,57484.44,689813.25,0,4835.36,1150391.76,5495848.81,553,140493.49,11.71,60,0.0841,0.2037,Female,Married,High School,Self-employed,Gold Loan,0,0,1,1,3,3
31,4,19.30044438136244,49352.91,592234.89,2,16631.92,706979.89,1798324.89,799,325684.77,13.78,240,0.337,0.5499,Female,Single,Graduate,Self-employed,Education Loan,0,0,2,0,3,2
58,0,2.947655363161268,28364.32,340371.84,1,5968.32,623493.13,2346575.97,840,388481.87,11.59,12,0.2104,1.1413,Male,Married,High School,Self-employed,Education Loan,0,1,1,1,3,2
22,2,0.3685401528286347,59090.02,709080.29,4,15889.06,1263781.98,5247996.09,651,231926.92,8.57,36,0.2689,0.3271,Male,Married,High School,Self-employed,Agricultural Loan,0,1,1,1,3,0
27,3,14.951895661391392,39457.48,473489.74,0,933.9,881360.55,3853857.97,811,1522981.26,9.49,120,0.0237,3.2165,Female,Divorced,PhD,Government,Vehicle Loan,0,0,0,2,1,6
38,3,13.844522284862412,26835.14,322021.65,3,11555.87,163715.77,701541.99,312,1068574.05,13.84,48,0.4306,3.3183,Male,Married,Post Graduate,Self-employed,Vehicle Loan,1,1,1,3,3,6
47,2,5.745575952405319,32542.55,390510.55,3,2775.42,569578.18,2474810.05,858,973286.47,8.57,24,0.0853,2.4923,Female,Divorced,PhD,Salaried,Home Loan,0,0,0,2,2,4
54,1,8.597548691040865,27632.54,331590.49,3,4975.96,414824.23,1522659.49,450,403139.48,10.93,36,0.1801,1.2158,Male,Divorced,Post Graduate,Student,Home Loan,1,1,0,3,4,4
47,1,0.9201422078797339,17849.57,214194.78,0,641.71,319116.4,834592.86,349,193604.85,9.8,120,0.036,0.9039,Female,Single,Graduate,Student,Education Loan,1,0,2,0,4,2
37,1,23.933996297843038,77188.94,926267.3,2,5279.46,544778.35,1998872.08,514,1280039.14,12.38,180,0.0684,1.3819,Female,Single,Post Graduate,Salaried,Vehicle Loan,0,0,2,3,2,6
63,0,9.038480890141502,25827.25,309926.98,3,8597.88,438562.39,1906403.23,671,578555.08,13.07,240,0.3329,1.8667,Female,Married,Graduate,Business,Home Loan,0,0,1,0,0,4
64,0,6.583692582816891,22039.32,264471.88,0,7632.07,229783.22,552070.23,412,821153.96,9.39,84,0.3463,3.1049,Male,Married,Post Graduate,Business,Gold Loan,1,1,1,3,0,3
44,3,24.13973103202772,14507.06,174084.77,4,4910.39,292812.2,640096.83,551,726067.21,11.62,240,0.3385,4.1708,Female,Single,High School,Business,Vehicle Loan,1,0,2,1,0,6
45,1,1.178210993237352,10000.0,120000.0,1,2760.68,192934.12,458185.51,640,567219.6,10.84,48,0.2761,4.7268,Female,Married,High School,Business,Personal Loan,0,0,1,1,0,5
27,1,8.535774512362957,55320.46,663845.53,0,26346.97,324245.67,1039250.69,352,2190614.49,8.95,60,0.4763,3.2999,Female,Single,Graduate,Government,Personal Loan,1,0,2,0,1,5
26,2,7.882573858167243,58463.93,701567.13,0,14825.78,305688.66,369814.65,429,261472.67,8.9,12,0.2536,0.3727,Male,Single,Post Graduate,Government,Personal Loan,1,1,2,3,1,5
44,3,7.889178434496042,74296.8,891561.59,3,16694.94,1300775.7,5353840.95,492,345537.47,10.77,240,0.2247,0.3876,Male,Divorced,High School,Student,Personal Loan,1,1,0,1,4,5
53,0,0.3448727745663871,33209.01,398508.08,1,4110.37,453665.67,705635.14,890,1644467.01,8.08,240,0.1238,4.1266,Male,Single,Graduate,Student,Vehicle Loan,0,1,2,0,4,6
49,3,28.0401515696254,29935.62,359227.49,1,1479.56,413582.67,633341.74,356,472432.77,12.68,240,0.0494,1.3151,Male,Single,Post Graduate,Government,Gold Loan,0,1,2,3,1,3
63,1,25.92435597022328,26778.81,321345.7,3,7339.47,490262.48,877881.91,396,400013.37,7.48,36,0.2741,1.2448,Male,Divorced,High School,Government,Personal Loan,1,1,0,1,1,5
42,1,12.434791706653751,28284.39,339412.71,2,4453.24,584477.97,1933283.46,497,361347.11,7.66,180,0.1574,1.0646,Female,Divorced,PhD,Student,Gold Loan,0,0,0,2,4,3
46,0,13.363048059282104,71102.25,853226.96,0,18629.69,461892.26,989499.55,446,761802.1,9.4,36,0.262,0.8928,Male,Divorced,Post Graduate,Salaried,Home Loan,0,1,0,3,2,4
48,0,15.724627354619237,35742.33,428907.9,3,3683.59,492436.66,1217481.34,874,368270.18,7.83,84,0.1031,0.8586,Male,Divorced,Graduate,Government,Home Loan,0,1,0,0,1,4
41,3,14.349476179997767,45562.6,546751.2,2,19094.66,914257.23,4321324.96,876,336635.94,10.33,60,0.4191,0.6157,Male,Single,PhD,Salaried,Education Loan,0,1,2,2,2,2
27,4,23.374010739976182,27855.78,334269.41,3,13923.67,587040.2,2576407.13,594,751820.21,9.8,180,0.4998,2.2491,Male,Single,PhD,Self-employed,Vehicle Loan,1,1,2,2,3,6
37,1,14.652597860093227,80218.44,962621.33,4,12931.35,610495.73,2691530.43,311,476682.41,12.05,36,0.1612,0.4952,Female,Single,Graduate,Salaried,Personal Loan,1,0,2,0,2,5
40,1,5.664740115607446,11581.41,138976.94,2,4877.67,39325.13,130188.5,632,197292.45,13.67,12,0.4212,1.4196,Female,Single,PhD,Salaried,Gold Loan,0,0,2,2,2,3
61,4,3.5091566037735458,17460.31,209523.7,2,7621.3,110959.12,495528.42,519,453891.35,12.27,240,0.4365,2.1663,Male,Single,Graduate,Government,Gold Loan,1,1,2,0,1,3
40,3,27.548143000348386,45607.45,547289.38,1,22714.19,1037409.31,4268175.03,697,1350013.57,8.26,240,0.498,2.4667,Female,Single,High School,Self-employed,Business Loan,0,0,2,1,3,1
42,2,1.4514797756689701,103815.07,1245780.88,0,17789.76,1208099.47,5814518.98,641,816061.43,13.55,36,0.1714,0.6551,Female,Divorced,Graduate,Business,Vehicle Loan,0,0,0,0,0,6
48,2,26.92681630335722,31727.53,380730.3,3,11993.66,337174.66,423988.25,811,1490144.63,9.74,24,0.378,3.9139,Female,Single,PhD,Salaried,Agricultural Loan,0,0,2,2,2,0
60,1,20.71437576502763,21907.35,262888.21,3,2506.3,28500.15,31775.06,471,246461.25,10.32,48,0.1144,0.9375,Female,Divorced,PhD,Self-employed,Home Loan,1,0,0,2,3,4
27,2,12.14114058356214,66197.48,794369.72,0,20679.96,143869.47,244595.33,767,1041511.75,9.95,180,0.3124,1.3111,Male,Divorced,Post Graduate,Self-employed,Vehicle Loan,0,1,0,3,3,6
21,3,5.615353460351309,44100.18,529202.12,0,15541.84,722361.17,3406900.38,465,263336.12,8.96,84,0.3524,0.4976,Female,Single,PhD,Government,Gold Loan,1,0,2,2,1,3
52,2,9.314466340410668,78757.46,945089.52,1,29184.39,1147182.95,3925958.8,469,165063.52,13.27,12,0.3706,0.1747,Female,Divorced,High School,Self-employed,Vehicle Loan,0,0,0,1,3,6
33,0,15.896210962543245,16743.9,200926.81,0,1734.44,238385.44,644701.53,863,232710.16,9.33,180,0.1036,1.1582,Female,Single,Graduate,Business,Business Loan,0,0,2,0,0,1
50,3,19.705528310657492,75131.94,901583.32,4,31883.2,265773.7,810834.17,811,491456.25,11.05,60,0.4244,0.5451,Male,Married,Graduate,Government,Home Loan,0,1,1,0,1,4
43,4,20.74417274873182,14341.68,172100.21,1,3018.72,130472.13,563433.25,488,1006874.2,8.68,84,0.2105,5.8505,Male,Divorced,PhD,Salaried,Home Loan,1,1,0,2,2,4
39,1,13.418811351895506,30549.29,366591.48,2,3304.97,601339.46,2836181.49,419,567123.58,12.58,60,0.1082,1.547,Male,Married,High School,Government,Business Loan,1,1,1,1,1,1
52,3,11.219222801906096,46521.49,558257.89,0,12619.68,233675.5,915726.46,404,391356.68,12.42,60,0.2713,0.701,Male,Divorced,Graduate,Salaried,Personal Loan,0,1,0,0,2,5
50,2,23.049524729823954,40603.44,487241.26,2,17527.63,864926.6,3493776.99,340,193731.97,9.07,36,0.4317,0.3976,Female,Single,Post Graduate,Government,Personal Loan,1,0,2,3,1,5
49,3,27.762403118775964,68621.1,823453.25,1,33181.32,260348.53,593988.34,620,777831.4,11.77,48,0.4835,0.9446,Male,Single,High School,Self-employed,Business Loan,0,1,2,1,3,1
49,4,27.433950319675063,12136.88,145642.55,4,4540.45,59354.62,170237.39,634,956368.05,11.93,60,0.3741,6.5665,Female,Single,Post Graduate,Business,Personal Loan,1,0,2,3,0,5
50,3,16.548623135848008,39521.67,474260.08,4,111.11,473795.66,2151430.66,459,561645.91,10.94,24,0.0028,1.1843,Male,Single,Post Graduate,Government,Home Loan,1,1,2,3,1,4
36,4,2.370609527566315,74591.75,895101.03,0,5023.78,1696358.01,7029260.48,563,190640.57,11.2,84,0.0674,0.213,Male,Divorced,Graduate,Student,Agricultural Loan,0,1,0,0,4,0
60,4,2.1986943476100764,37630.74,451568.87,4,1435.12,322856.56,1206542.0,829,844894.72,11.02,24,0.0381,1.871,Female,Single,High School,Self-employed,Agricultural Loan,0,0,2,1,3,0
39,3,12.082670842082265,18298.9,219586.79,3,926.05,295326.19,372402.59,776,1180909.89,7.57,48,0.0506,5.3779,Female,Married,PhD,Government,Gold Loan,0,0,1,2,1,3
38,1,21.985605446778184,66469.9,797638.76,1,12730.15,966435.0,1119159.63,651,1508178.97,11.69,12,0.1915,1.8908,Female,Divorced,Graduate,Self-employed,Personal Loan,0,0,0,0,3,5
21,1,14.920321044423105,24612.6,295351.22,4,4165.6,109312.45,166334.61,844,311714.32,10.29,48,0.1692,1.0554,Male,Married,Post Graduate,Student,Vehicle Loan,0,1,1,3,4,6
34,2,18.820869125050336,22145.87,265750.41,1,1258.83,148550.91,494015.61,509,627214.51,10.07,120,0.0568,2.3602,Male,Single,Graduate,Self-employed,Gold Loan,1,1,2,0,3,3
22,3,25.299571948605525,20535.67,246428.01,1,9058.65,459865.76,1446529.54,795,288478.14,13.02,180,0.4411,1.1706,Female,Single,Graduate,Self-employed,Business Loan,0,0,2,0,3,1
48,3,1.210067510605296,32234.38,386812.59,3,9918.96,169265.36,807524.98,681,211527.62,7.16,24,0.3077,0.5468,Female,Single,Post Graduate,Government,Agricultural Loan,0,0,2,3,1,0
50,0,27.71449750294985,40531.56,486378.68,0,16140.95,688437.71,2601632.66,780,1569964.15,8.76,36,0.3982,3.2279,Male,Divorced,Graduate,Self-employed,Education Loan,0,1,0,0,3,2
58,1,9.926921711175305,16958.76,203505.16,1,3150.51,393239.34,855645.73,304,694990.71,7.85,12,0.1858,3.4151,Female,Married,PhD,Government,Personal Loan,1,0,1,2,1,5
24,4,1.4036207244123255,19183.63,230203.53,3,3934.91,71912.47,118366.86,333,1244442.39,7.25,120,0.2051,5.4058,Male,Single,Post Graduate,Business,Education Loan,1,1,2,3,0,2
21,0,25.062856084334562,23940.1,287281.23,4,3801.94,243738.63,1071994.92,444,166065.89,8.93,48,0.1588,0.5781,Male,Single,High School,Student,Personal Loan,1,1,2,1,4,5
28,3,28.02462077871554,20475.96,245711.52,2,4488.6,125936.15,357469.32,650,557231.06,13.92,180,0.2192,2.2678,Male,Single,Post Graduate,Salaried,Gold Loan,0,1,2,3,2,3
49,0,23.058660356141118,37125.34,445504.04,0,11330.23,226312.89,817867.18,882,664399.73,8.89,60,0.3052,1.4913,Female,Divorced,PhD,Student,Education Loan,0,0,0,2,4,2
59,1,24.135463296914697,45104.3,541251.65,2,11117.85,168540.1,549537.54,764,227352.53,11.65,240,0.2465,0.42,Male,Divorced,High School,Self-employed,Agricultural Loan,0,1,0,1,3,0
23,3,26.139250607761095,41536.35,498436.23,3,17402.01,662076.05,946653.15,647,1454642.57,7.83,84,0.419,2.9184,Male,Single,Post Graduate,Government,Home Loan,0,1,2,3,1,4
52,1,15.67090594264717,41572.71,498872.48,1,18710.61,755205.66,927568.91,424,363517.93,11.21,24,0.4501,0.7287,Male,Married,Post Graduate,Salaried,Personal Loan,1,1,1,3,2,5
30,0,20.413886395390634,98972.27,1187667.29,3,23242.84,1639600.42,4112237.14,570,635970.99,13.89,12,0.2348,0.5355,Male,Single,Graduate,Salaried,Business Loan,1,1,2,0,2,1
30,2,8.59354745750002,46826.76,561921.15,0,5613.31,1042696.13,2550644.51,656,284871.45,9.04,12,0.1199,0.507,Male,Divorced,High School,Self-employed,Business Loan,0,1,0,1,3,1
39,4,7.491015447932664,58126.59,697519.12,0,27470.41,252886.29,934463.5,826,170156.52,12.94,240,0.4726,0.2439,Male,Single,PhD,Salaried,Vehicle Loan,0,1,2,2,2,6
54,4,18.268279399076317,28317.37,339808.4,4,10407.18,236632.48,835029.07,797,918454.9,13.98,12,0.3675,2.7029,Male,Married,PhD,Government,Agricultural Loan,0,1,1,2,1,0
53,2,22.03823299011047,63984.98,767819.79,3,20479.26,571077.14,2784437.2,452,599143.75,11.12,36,0.3201,0.7803,Female,Divorced,Post Graduate,Self-employed,Agricultural Loan,1,0,0,3,3,0
43,2,11.91421673316699,27517.8,330213.65,0,10256.07,174404.77,773031.35,352,534881.95,9.17,24,0.3727,1.6198,Male,Married,Graduate,Student,Education Loan,0,1,1,0,4,2
48,2,12.008732412928833,46484.26,557811.1,3,1765.98,198520.96,592849.11,448,354146.19,11.71,48,0.038,0.6349,Male,Married,PhD,Self-employed,Business Loan,1,1,1,2,3,1
52,1,28.627007038794005,15949.45,191393.45,4,539.3,194490.51,583491.26,802,586227.79,12.91,12,0.0338,3.0629,Male,Single,Graduate,Self-employed,Vehicle Loan,0,1,2,0,3,6
27,3,15.553811813173628,40124.42,481493.08,4,3071.94,810196.82,2994906.25,749,1218327.96,8.2,12,0.0766,2.5303,Female,Divorced,High School,Salaried,Education Loan,0,0,0,1,2,2
49,2,29.588528274381055,20226.96,242723.57,3,1491.24,464298.11,676186.27,518,256005.03,10.17,48,0.0737,1.0547,Female,Divorced,Graduate,Business,Agricultural Loan,1,0,0,0,0,0
28,1,25.88527999998037,63679.72,764156.62,0,13394.09,253116.34,1265470.91,576,692607.08,9.23,48,0.2103,0.9064,Male,Divorced,Graduate,Salaried,Gold Loan,0,1,0,0,2,3
21,0,19.189729518043094,61422.15,737065.86,1,4834.05,1224304.24,3765020.08,751,520212.26,8.98,120,0.0787,0.7058,Male,Married,Post Graduate,Business,Vehicle Loan,0,1,1,3,0,6
23,0,0.27406778779275554,27447.31,329367.76,1,11727.22,547995.65,2542491.31,727,381729.81,13.03,180,0.4273,1.159,Female,Divorced,PhD,Self-employed,Agricultural Loan,0,0,0,2,3,0
44,2,8.877754850043667,124211.99,1490543.84,4,35903.28,1235474.13,6016049.04,382,118605.09,9.95,180,0.289,0.0796,Male,Married,High School,Self-employed,Personal Loan,1,1,1,1,3,5
43,0,12.52931353338608,30591.36,367096.37,0,5632.82,108008.36,359297.47,517,438189.17,9.37,180,0.1841,1.1937,Male,Divorced,PhD,Student,Home Loan,0,1,0,2,4,4
28,2,19.584447292055557,13805.03,165660.42,4,480.57,328148.22,463802.92,826,757781.84,11.22,240,0.0348,4.5743,Male,Single,High School,Salaried,Gold Loan,0,1,2,1,2,3
57,0,11.865692192668355,22754.75,273057.01,4,6724.35,365865.44,1204935.09,703,573307.75,8.54,12,0.2955,2.0996,Male,Married,High School,Student,Education Loan,0,1,1,1,4,2
23,0,24.834716551257113,19409.45,232913.41,4,1130.92,457878.67,1552469.57,589,139952.84,8.61,240,0.0583,0.6009,Male,Single,PhD,Government,Personal Loan,1,1,2,2,1,5
53,3,19.887158146106973,45604.48,547253.77,4,16947.09,552912.23,2298330.4,719,1199774.43,10.64,180,0.3716,2.1924,Female,Single,High School,Self-employed,Education Loan,0,0,2,1,3,2
48,3,10.414802557968217,17305.54,207666.53,3,6946.08,174603.23,208287.17,638,1653386.44,9.86,12,0.4014,7.9617,Male,Single,PhD,Student,Vehicle Loan,1,1,2,2,4,6
28,0,23.533021420296627,26277.59,315331.03,3,7147.19,175672.65,503348.07,718,405307.84,9.06,120,0.272,1.2853,Male,Single,Graduate,Government,Vehicle Loan,0,1,2,0,1,6
54,3,9.092709431094978,43858.83,526305.94,0,3280.7,1036040.08,4860147.97,506,2810466.59,7.38,240,0.0748,5.34,Female,Married,High School,Business,Home Loan,1,0,1,1,0,4
55,2,1.8835982170976673,39465.71,473588.55,0,15527.05,269350.22,1337376.72,564,227831.1,10.65,48,0.3934,0.4811,Female,Divorced,PhD,Salaried,Vehicle Loan,1,0,0,2,2,6
52,4,5.176688591915054,36041.05,432492.54,2,5547.22,55739.04,98408.99,335,159902.7,12.72,240,0.1539,0.3697,Female,Married,Graduate,Government,Gold Loan,0,0,1,0,1,3
44,2,0.08221478318375941,39167.41,470008.92,1,4360.37,500824.81,2244895.09,672,196445.94,12.96,12,0.1113,0.418,Male,Single,Graduate,Salaried,Education Loan,0,1,2,0,2,2
34,3,24.970508407335693,29076.92,348923.02,3,6841.17,281236.64,445760.71,787,538267.55,8.65,240,0.2353,1.5427,Female,Single,Graduate,Self-employed,Education Loan,0,0,2,0,3,2
52,1,18.81325487728733,13873.68,166484.15,0,6400.25,97279.43,424595.32,558,106651.45,11.2,84,0.4613,0.6406,Female,Divorced,Graduate,Business,Gold Loan,1,0,0,0,0,3
63,0,17.117079322596524,28621.03,343452.37,4,4255.57,446373.21,941450.62,830,344989.66,12.99,48,0.1487,1.0045,Female,Single,High School,Self-employed,Vehicle Loan,0,0,2,1,3,6
36,3,19.8614476366249,48110.22,577322.62,3,21783.79,451186.2,2183064.89,322,4628022.68,9.86,60,0.4528,8.0164,Male,Married,PhD,Government,Vehicle Loan,1,1,1,2,1,6
24,3,19.60794975004699,33451.07,401412.82,1,897.38,342932.67,1296966.92,403,132845.29,13.52,120,0.0268,0.3309,Male,Married,PhD,Business,Gold Loan,1,1,1,2,0,3
57,3,16.964998225670847,45930.88,551170.61,3,1918.16,70276.5,182468.88,540,285589.97,13.32,48,0.0418,0.5182,Male,Married,Graduate,Government,Home Loan,1,1,1,0,1,4
41,2,25.27230137006006,25538.19,306458.26,1,8919.99,371545.68,789123.4,552,193135.13,8.46,180,0.3493,0.6302,Male,Married,Post Graduate,Salaried,Agricultural Loan,0,1,1,3,2,0
34,0,13.228410301089612,65946.67,791360.03,2,6284.48,251100.76,487374.04,441,352267.56,8.81,36,0.0953,0.4451,Male,Single,Post Graduate,Self-employed,Agricultural Loan,0,1,2,3,3,0
51,4,24.144283412931696,10000.0,120000.0,0,1583.1,59175.12,220318.98,750,334862.17,8.26,24,0.1583,2.7905,Male,Divorced,Post Graduate,Salaried,Personal Loan,0,1,0,3,2,5
38,3,23.599010540467305,39531.94,474383.32,1,2695.54,691560.34,3169534.47,606,258939.83,8.37,12,0.0682,0.5458,Male,Married,Post Graduate,Business,Personal Loan,0,1,1,3,0,5
27,1,5.985145075630682,81579.09,978949.03,2,13552.26,669322.36,2690520.51,799,390411.34,13.36,84,0.1661,0.3988,Male,Single,Graduate,Student,Vehicle Loan,0,1,2,0,4,6
30,0,13.612901388444769,89198.46,1070381.58,3,12508.3,424034.74,1839957.21,307,734220.35,13.52,24,0.1402,0.6859,Male,Married,Post Graduate,Salaried,Business Loan,1,1,1,3,2,1
27,4,25.047966718855825,31599.74,379196.93,0,11634.04,451268.21,1861722.84,368,1340129.32,7.36,180,0.3682,3.5341,Male,Divorced,Post Graduate,Business,Personal Loan,0,1,0,3,0,5
53,1,24.925655755874487,16387.61,196651.37,1,5752.24,97388.37,478818.75,874,352377.95,11.16,48,0.351,1.7919,Female,Single,Graduate,Business,Personal Loan,0,0,2,0,0,5
43,4,0.7201968662350511,82444.75,989337.05,1,39364.37,596281.6,2403742.13,367,444465.68,10.95,240,0.4775,0.4493,Female,Married,PhD,Government,Business Loan,1,0,1,2,1,1
41,4,6.691503672887613,35202.8,422433.6,0,12750.84,538279.12,990925.6,707,640884.58,9.73,48,0.3622,1.5171,Male,Divorced,PhD,Salaried,Personal Loan,0,1,0,2,2,5
39,0,12.716231899623649,33011.73,396140.78,3,11468.57,594766.46,2478031.31,817,164617.07,11.42,48,0.3474,0.4156,Male,Single,High School,Self-employed,Vehicle Loan,0,1,2,1,3,6
39,2,1.41463060002328,21253.72,255044.64,3,7377.21,382825.68,876011.36,418,391554.19,13.63,180,0.3471,1.5352,Male,Single,PhD,Salaried,Agricultural Loan,1,1,2,2,2,0
56,1,7.818738686840811,17155.39,205864.64,4,7573.82,207436.05,1033695.21,330,295249.37,8.19,180,0.4415,1.4342,Female,Married,High School,Government,Education Loan,1,0,1,1,1,2
49,3,7.748995166452717,50935.63,611227.53,3,7544.5,583153.28,1461784.78,817,947466.05,7.84,60,0.1481,1.5501,Male,Single,High School,Business,Vehicle Loan,0,1,2,1,0,6
38,4,6.437051459624609,54280.64,651367.66,0,8144.6,1037619.96,2252854.53,782,1796696.68,7.23,36,0.15,2.7583,Female,Single,High School,Self-employed,Vehicle Loan,0,0,2,1,3,6
22,1,11.899769360454176,40983.56,491802.77,2,15188.79,222942.34,436267.83,506,237601.45,9.55,24,0.3706,0.4831,Female,Married,PhD,Student,Business Loan,1,0,1,2,4,1
21,0,24.390323217529325,22961.46,275537.55,0,2625.7,103341.65,375549.61,878,1231806.3,9.36,240,0.1144,4.4706,Male,Married,Graduate,Self-employed,Home Loan,0,1,1,0,3,4
25,1,7.32340923721737,19168.06,230016.74,1,8740.83,312209.13,448608.41,686,137764.65,10.02,240,0.456,0.5989,Female,Single,Graduate,Salaried,Home Loan,0,0,2,0,2,4
40,3,17.46201935973798,15377.35,184528.18,4,4111.76,160211.35,771295.83,711,519456.81,10.52,60,0.2674,2.8151,Male,Married,PhD,Self-employed,Vehicle Loan,0,1,1,2,3,6
31,3,16.727341808488895,25943.41,311320.92,4,3893.13,449598.37,978888.38,669,544703.8,12.3,180,0.1501,1.7497,Male,Married,High School,Salaried,Gold Loan,0,1,1,1,2,3
62,0,24.537722487124974,19860.49,238325.94,2,7706.86,137073.27,299039.37,652,134978.18,9.74,120,0.388,0.5664,Female,Single,Post Graduate,Self-employed,Gold Loan,0,0,2,3,3,3
22,1,11.819982165985456,13022.24,156266.92,1,2033.56,110325.14,130654.13,635,228035.95,9.31,36,0.1562,1.4593,Female,Married,Graduate,Salaried,Agricultural Loan,0,0,1,0,2,0
23,2,6.70705854403557,53680.6,644167.24,3,25854.68,1160767.13,2303043.33,588,210959.9,12.79,60,0.4816,0.3275,Female,Divorced,Post Graduate,Business,Home Loan,1,0,0,3,0,4
43,2,26.745619469543765,16457.91,197494.96,3,8088.98,176068.4,471144.51,439,154953.54,12.95,240,0.4915,0.7846,Female,Single,Post Graduate,Business,Business Loan,1,0,2,3,0,1
32,4,24.988411892603445,65535.92,786430.99,3,21849.55,956295.49,2370107.18,599,52419.07,8.63,48,0.3334,0.0667,Male,Single,Post Graduate,Salaried,Home Loan,1,1,2,3,2,4
40,4,18.64511038821735,46002.13,552025.59,0,2613.7,158877.13,332383.61,312,374819.72,9.2,36,0.0568,0.679,Female,Divorced,PhD,Salaried,Education Loan,0,0,0,2,2,2
25,1,2.797181283703214,43330.18,519962.18,3,5702.44,221550.29,257657.53,727,412743.22,12.78,120,0.1316,0.7938,Female,Married,High School,Student,Home Loan,0,0,1,1,4,4
57,4,0.4835348763970271,98635.39,1183624.71,1,25419.18,180050.8,396530.46,699,410158.78,7.56,180,0.2577,0.3465,Male,Married,PhD,Salaried,Agricultural Loan,0,1,1,2,2,0
58,3,5.478738634239882,16789.66,201475.9,4,7147.76,180665.6,743136.12,408,816322.59,9.28,60,0.4257,4.0517,Female,Married,High School,Government,Business Loan,1,0,1,1,1,1
50,0,5.899156753095134,61344.65,736135.77,0,5670.9,1456638.47,4013285.37,784,93876.46,10.14,180,0.0924,0.1275,Female,Single,High School,Salaried,Agricultural Loan,0,0,2,1,2,0
29,4,4.087422524642533,30376.19,364514.32,3,1585.69,640909.8,1386352.89,655,326165.4,8.31,60,0.0522,0.8948,Male,Married,Post Graduate,Business,Agricultural Loan,0,1,1,3,0,0
54,2,7.865441139051098,169845.09,2038141.14,1,6324.82,2642264.01,5863629.16,448,3429696.48,8.26,240,0.0372,1.6828,Male,Married,Post Graduate,Self-employed,Personal Loan,0,1,1,3,3,5
64,3,10.136656837690838,28897.87,346774.5,2,7325.14,601226.63,1934597.16,606,899329.47,9.97,120,0.2535,2.5934,Female,Single,Graduate,Business,Vehicle Loan,0,0,2,0,0,6
55,2,22.633151991185684,26228.84,314746.13,1,11602.34,384669.48,849800.54,832,903445.38,12.28,60,0.4424,2.8704,Female,Single,PhD,Government,Agricultural Loan,0,0,2,2,1,0
42,4,21.285664159084988,46878.83,562545.96,4,992.88,444490.26,1566023.33,359,196167.55,12.88,240,0.0212,0.3487,Male,Married,Graduate,Self-employed,Vehicle Loan,1,1,1,0,3,6
64,4,3.1313796508198566,32037.26,384447.12,1,3401.1,159916.14,792835.11,734,378237.23,13.85,60,0.1062,0.9838,Female,Divorced,High School,Business,Business Loan,0,0,0,1,0,1
44,3,29.31320920601326,23038.5,276462.06,1,7985.8,369079.64,429869.12,320,70270.79,7.52,180,0.3466,0.2542,Female,Single,PhD,Salaried,Vehicle Loan,1,0,2,2,2,6
37,2,22.564177625108524,20289.0,243467.95,0,8377.97,110375.78,184873.58,681,706717.19,8.52,48,0.4129,2.9027,Female,Divorced,PhD,Salaried,Business Loan,0,0,0,2,2,1
30,0,4.902997782600423,87109.63,1045315.53,4,35166.14,923436.41,1585014.12,544,1356257.0,12.3,240,0.4037,1.2975,Female,Divorced,Graduate,Self-employed,Education Loan,1,0,0,0,3,2
50,0,3.7348971278988707,18068.46,216821.49,3,7092.48,361250.66,1007268.46,372,138712.94,10.78,84,0.3925,0.6398,Female,Single,PhD,Student,Education Loan,1,0,2,2,4,2
43,3,2.6264065878154828,41516.76,498201.15,4,2694.43,164915.95,192238.38,748,175061.49,9.29,84,0.0649,0.3514,Female,Divorced,Post Graduate,Government,Personal Loan,0,0,0,3,1,5
52,4,21.953659999768266,68439.85,821278.16,2,13593.44,271534.59,790189.08,375,431221.68,8.44,36,0.1986,0.5251,Female,Married,Post Graduate,Business,Agricultural Loan,1,0,1,3,0,0
37,3,7.088596814169863,70452.71,845432.53,4,34688.97,434077.15,2046977.22,889,500135.93,8.96,36,0.4924,0.5916,Female,Divorced,Post Graduate,Business,Vehicle Loan,0,0,0,3,0,6
37,2,2.1890398554966284,25311.36,303736.31,0,12515.04,346616.24,362649.44,689,286822.72,10.01,48,0.4944,0.9443,Male,Married,High School,Government,Personal Loan,0,1,1,1,1,5
34,0,12.6548282828442,32089.66,385075.91,3,9665.84,217877.23,535924.72,876,230430.44,8.24,12,0.3012,0.5984,Female,Single,Graduate,Business,Home Loan,0,0,2,0,0,4
29,4,21.260952942012217,28563.47,342761.64,4,10129.57,359144.29,1452226.9,641,232413.69,13.75,84,0.3546,0.6781,Male,Married,Post Graduate,Self-employed,Vehicle Loan,0,1,1,3,3,6
60,2,9.136692475384613,14457.79,173493.5,3,6876.73,114875.83,185866.56,589,425395.69,7.75,12,0.4756,2.4519,Male,Single,High School,Student,Personal Loan,1,1,2,1,4,5
22,0,14.479367172539456,50136.79,601641.53,0,11278.97,633908.1,830569.22,867,707087.54,13.9,48,0.225,1.1753,Female,Divorced,High School,Self-employed,Education Loan,0,0,0,1,3,2
45,0,5.7802490457012645,37164.24,445970.84,1,2543.28,274477.33,967014.98,630,425303.45,12.89,120,0.0684,0.9537,Female,Single,Graduate,Student,Business Loan,0,0,2,0,4,1
59,1,12.87445562613756,86193.59,1034323.03,2,28829.55,2029021.55,2109783.99,558,394002.36,9.96,84,0.3345,0.3809,Male,Married,Post Graduate,Salaried,Education Loan,0,1,1,3,2,2
29,4,10.768266942753929,22160.73,265928.72,4,10638.28,273297.42,1149784.66,725,108293.08,12.18,180,0.4801,0.4072,Female,Single,PhD,Student,Education Loan,0,0,2,2,4,2
42,3,13.017552455625156,69788.04,837456.49,3,24328.32,1263428.66,1601283.4,305,885269.1,11.7,48,0.3486,1.0571,Male,Divorced,High School,Student,Business Loan,1,1,0,1,4,1
63,1,13.971347965437317,72805.04,873660.5,4,29242.91,1245881.44,3859014.4,305,424593.64,8.49,240,0.4017,0.486,Male,Divorced,PhD,Student,Personal Loan,1,1,0,2,4,5
24,0,2.76896525126765,37355.78,448269.4,0,7896.06,458836.06,1817225.2,490,311981.45,9.37,180,0.2114,0.696,Female,Married,High School,Business,Personal Loan,1,0,1,1,0,5
46,4,2.8010505681153965,10000.0,120000.0,1,482.32,64938.27,127801.38,447,542590.77,10.59,60,0.0482,4.5216,Female,Married,Post Graduate,Student,Personal Loan,1,0,1,3,4,5
49,4,7.8183175156473395,26701.08,320413.0,0,2254.67,340345.9,481303.78,704,225246.83,11.46,84,0.0844,0.703,Male,Single,High School,Government,Gold Loan,0,1,2,1,1,3
54,1,3.4727506234764594,106034.81,1272417.67,3,52097.81,1766788.76,3007942.08,557,317207.87,10.8,60,0.4913,0.2493,Female,Married,High School,Salaried,Vehicle Loan,1,0,1,1,2,6
43,2,7.583529409422881,43400.81,520809.76,4,10702.3,502500.83,2220417.67,778,482178.72,10.31,84,0.2466,0.9258,Female,Single,Graduate,Salaried,Gold Loan,0,0,2,0,2,3
57,2,0.7363195075158102,55052.35,660628.2,3,330.88,158786.25,607059.08,389,257083.51,10.1,12,0.006,0.3892,Male,Married,Graduate,Business,Gold Loan,1,1,1,0,0,3
31,3,10.522182322568149,34423.68,413084.19,0,16443.63,48661.81,87221.05,309,118593.82,10.49,48,0.4777,0.2871,Female,Divorced,PhD,Self-employed,Business Loan,1,0,0,2,3,1
26,4,6.402305986300995,31759.09,381109.08,4,7904.52,271259.68,1048278.46,386,104111.97,10.04,240,0.2489,0.2732,Female,Divorced,Graduate,Government,Agricultural Loan,1,0,0,0,1,0
38,1,26.76439049633579,11844.2,142130.36,3,4952.46,52767.67,202336.21,450,631963.08,10.79,48,0.4181,4.4464,Male,Married,Graduate,Self-employed,Home Loan,1,1,1,0,3,4
41,0,25.74472784386652,58503.6,702043.17,4,16043.39,1277857.56,6377659.79,329,431538.91,13.22,24,0.2742,0.6147,Female,Single,PhD,Student,Agricultural Loan,1,0,2,2,4,0
62,2,9.012565198011465,69411.56,832938.74,2,3529.66,350122.43,898492.6,427,419502.27,11.43,84,0.0509,0.5036,Female,Divorced,PhD,Self-employed,Home Loan,1,0,0,2,3,4
56,1,14.264553435530818,20526.72,246320.61,0,6317.81,206673.31,921641.84,377,174653.24,12.06,24,0.3078,0.709,Male,Single,Graduate,Government,Agricultural Loan,1,1,2,0,1,0
61,3,28.673763162351054,32620.2,391442.37,0,16267.7,566866.7,1579160.68,720,435199.81,11.18,36,0.4987,1.1118,Female,Divorced,Post Graduate,Business,Education Loan,0,0,0,3,0,2
58,3,15.722891209165157,30084.2,361010.34,2,522.53,594304.19,2728474.86,354,321141.25,11.5,120,0.0174,0.8896,Female,Married,High School,Business,Business Loan,0,0,1,1,0,1
54,4,25.452998111039967,46727.68,560732.15,1,19667.54,560143.5,765381.2,779,273744.51,11.05,48,0.4209,0.4882,Male,Married,Post Graduate,Student,Gold Loan,0,1,1,3,4,3
37,3,24.791243304390655,26196.52,314358.24,3,3084.39,135333.98,230237.0,604,416632.32,7.19,12,0.1177,1.3253,Male,Married,Post Graduate,Government,Agricultural Loan,0,1,1,3,1,0
57,3,28.2386691629314,63500.59,762007.14,1,12505.37,459146.78,2020162.0,845,560814.09,14.0,240,0.1969,0.736,Female,Divorced,Graduate,Business,Home Loan,0,0,0,0,0,4
45,2,9.1710192947699,37903.34,454840.11,4,7063.47,403150.35,1724355.21,404,1793935.54,7.24,84,0.1864,3.9441,Female,Married,Post Graduate,Student,Agricultural Loan,1,0,1,3,4,0
58,2,1.3033702874110331,10000.0,120000.0,3,4493.99,93856.76,208524.85,471,695394.54,9.77,240,0.4494,5.795,Female,Married,High School,Self-employed,Gold Loan,1,0,1,1,3,3
32,3,3.1186120123966443,47364.68,568376.21,3,11947.41,427204.51,1447024.23,798,878569.37,7.74,36,0.2522,1.5458,Male,Married,Post Graduate,Government,Agricultural Loan,0,1,1,3,1,0
43,4,17.138925567358292,66026.44,792317.32,3,14762.66,266260.71,673852.3,321,1070593.85,7.68,60,0.2236,1.3512,Female,Single,PhD,Business,Vehicle Loan,1,0,2,2,0,6
62,2,15.908339164822584,18192.47,218309.63,2,7440.95,400345.95,416867.98,586,240093.07,12.55,240,0.409,1.0998,Female,Married,Post Graduate,Government,Gold Loan,1,0,1,3,1,3
42,2,8.953590995221361,46408.42,556901.03,0,1134.85,78170.43,86332.71,690,342248.49,9.98,84,0.0245,0.6146,Male,Single,Graduate,Business,Education Loan,0,1,2,0,0,2
41,3,7.461398921979771,108877.19,1306526.24,2,4706.56,1210719.65,1473476.64,448,214501.41,12.61,24,0.0432,0.1642,Female,Single,Post Graduate,Business,Personal Loan,1,0,2,3,0,5
47,4,21.281442888388426,38841.32,466095.8,2,421.21,914611.8,3087993.42,571,256412.43,8.91,12,0.0108,0.5501,Male,Divorced,Post Graduate,Government,Education Loan,1,1,0,3,1,2
51,3,10.21508616007779,72040.04,864480.45,2,24781.16,1165150.39,2466519.62,598,314080.96,8.8,240,0.344,0.3633,Male,Married,PhD,Business,Gold Loan,1,1,1,2,0,3
26,0,18.11855357798414,27853.31,334239.7,1,7320.07,255538.65,402676.06,471,251569.8,8.76,12,0.2628,0.7527,Female,Divorced,Graduate,Self-employed,Agricultural Loan,0,0,0,0,3,0
47,0,21.368807595248313,35926.18,431114.1,2,15736.06,156646.91,746348.01,346,529284.81,11.31,60,0.438,1.2277,Male,Married,High School,Student,Business Loan,1,1,1,1,4,1
60,4,12.913961318994332,32119.78,385437.32,0,8006.38,744185.36,1105319.67,506,625479.92,12.7,12,0.2493,1.6228,Male,Single,Graduate,Salaried,Agricultural Loan,0,1,2,0,2,0
54,0,5.802187964296831,28788.4,345460.78,3,3192.92,38049.23,140627.18,752,155606.53,10.17,60,0.1109,0.4504,Male,Divorced,Graduate,Government,Gold Loan,0,1,0,0,1,3
32,4,25.82340483161402,33235.26,398823.17,1,13379.64,554095.47,2535895.92,694,344667.17,9.65,60,0.4026,0.8642,Male,Single,Post Graduate,Government,Personal Loan,0,1,2,3,1,5
27,0,2.80592847746394,13651.31,163815.75,2,2008.95,289997.04,480037.51,600,347699.78,13.82,120,0.1472,2.1225,Male,Married,Graduate,Student,Education Loan,0,1,1,0,4,2
30,1,24.88412048771299,29776.42,357316.98,2,13930.74,47007.77,87383.62,475,136226.6,7.82,120,0.4678,0.3812,Female,Divorced,Graduate,Self-employed,Education Loan,1,0,0,0,3,2
37,2,25.100387284428066,81038.84,972466.13,3,10147.03,1432687.49,4721069.39,409,239685.68,10.41,12,0.1252,0.2465,Male,Married,High School,Salaried,Agricultural Loan,1,1,1,1,2,0
46,3,17.12997795656247,20369.34,244432.05,3,1708.18,488319.59,1481461.4,501,889808.78,9.86,240,0.0839,3.6403,Male,Divorced,Post Graduate,Self-employed,Gold Loan,1,1,0,3,3,3
41,4,18.88428154270886,19155.02,229860.23,1,4724.82,300959.38,928191.73,467,880690.91,7.69,12,0.2467,3.8314,Female,Married,High School,Government,Vehicle Loan,1,0,1,1,1,6
48,0,10.740511832532277,37674.07,452088.88,0,951.56,396994.91,1277812.43,385,120168.25,8.88,60,0.0253,0.2658,Male,Single,High School,Salaried,Business Loan,1,1,2,1,2,1
22,1,25.24752666379267,38820.74,465848.86,1,706.77,819553.02,3933536.24,350,645450.12,7.2,120,0.0182,1.3855,Female,Single,Graduate,Business,Business Loan,1,0,2,0,0,1
63,0,7.91111056684167,45546.03,546552.41,3,11295.75,626081.37,760909.35,411,136457.72,13.14,180,0.248,0.2497,Male,Divorced,High School,Government,Home Loan,1,1,0,1,1,4
21,1,16.79328191034344,33919.89,407038.68,0,3648.2,618601.77,2500260.98,762,320877.3,11.25,24,0.1076,0.7883,Female,Married,PhD,Self-employed,Gold Loan,0,0,1,2,3,3
56,3,0.053845063801659654,37915.62,454987.47,2,177.31,550493.76,1062467.1,741,409275.81,12.71,12,0.0047,0.8995,Female,Married,High School,Student,Gold Loan,0,0,1,1,4,3
46,2,28.195293177655564,29421.15,353053.82,2,4355.17,55332.22,138037.87,570,807921.59,10.65,48,0.148,2.2884,Female,Single,Graduate,Business,Business Loan,0,0,2,0,0,1
49,2,28.448895726302226,16890.77,202689.18,4,4031.55,99694.95,135302.45,876,384742.52,11.2,48,0.2387,1.8982,Female,Divorced,Graduate,Salaried,Home Loan,0,0,0,0,2,4
41,1,21.312500554411933,34792.77,417513.24,3,6859.2,97822.04,272190.51,643,196596.77,11.91,84,0.1971,0.4709,Male,Married,Post Graduate,Government,Personal Loan,0,1,1,3,1,5
31,0,12.697194955697453,56092.55,673110.54,4,3799.41,193733.47,816950.22,482,171587.18,13.36,12,0.0677,0.2549,Male,Married,Graduate,Student,Gold Loan,1,1,1,0,4,3
60,2,5.358333041149288,49465.6,593587.21,1,14336.98,66992.57,93452.04,802,506050.09,7.64,12,0.2898,0.8525,Male,Single,Graduate,Student,Vehicle Loan,0,1,2,0,4,6
31,0,14.773886581210125,12752.14,153025.73,1,4529.13,136279.55,286516.08,309,266454.94,9.32,36,0.3552,1.7412,Male,Married,PhD,Self-employed,Personal Loan,1,1,1,2,3,5
56,4,23.742314170417114,42241.36,506896.37,0,14267.85,215810.6,537853.29,793,319031.49,11.96,60,0.3378,0.6294,Female,Single,Graduate,Student,Personal Loan,0,0,2,0,4,5
59,0,18.15820865532078,21254.81,255057.66,3,4184.67,439571.05,622255.38,533,961617.15,13.71,84,0.1969,3.7702,Male,Divorced,Post Graduate,Self-employed,Personal Loan,1,1,0,3,3,5
60,4,15.82489714352276,83725.46,1004705.53,0,5760.15,1528061.95,6187531.19,597,626508.95,13.87,60,0.0688,0.6236,Female,Married,High School,Salaried,Gold Loan,0,0,1,1,2,3
55,4,25.483326399800415,44168.27,530019.2,0,11030.73,626441.66,2598347.28,543,1574607.63,11.47,60,0.2497,2.9709,Male,Married,Graduate,Government,Business Loan,1,1,1,0,1,1
54,2,9.39401807728113,62178.86,746146.34,1,27683.02,761535.04,3307788.38,808,195916.15,8.36,240,0.4452,0.2626,Female,Single,Post Graduate,Salaried,Personal Loan,0,0,2,3,2,5
44,4,25.798919107239417,36779.68,441356.2,1,8619.74,253227.34,844661.26,650,250859.13,7.83,24,0.2344,0.5684,Male,Single,Graduate,Self-employed,Education Loan,0,1,2,0,3,2
42,0,13.183602082148427,34904.36,418852.31,3,3415.06,416195.52,1260637.61,566,512445.61,13.62,12,0.0978,1.2235,Male,Married,High School,Salaried,Gold Loan,1,1,1,1,2,3
25,3,0.07241494022968809,89099.32,1069191.81,1,4145.49,1403160.4,2876773.18,500,1895584.91,10.04,84,0.0465,1.7729,Male,Single,High School,Government,Gold Loan,1,1,2,1,1,3
53,0,21.958260231002058,65099.01,781188.13,3,30724.35,1236312.49,4476232.41,538,234241.45,8.36,240,0.472,0.2999,Male,Single,Graduate,Government,Home Loan,1,1,2,0,1,4
56,1,26.335301539355832,38976.54,467718.47,4,14479.97,112201.28,311723.64,633,456219.13,13.54,120,0.3715,0.9754,Male,Divorced,Graduate,Student,Business Loan,0,1,0,0,4,1
40,1,14.530825170578142,32215.41,386584.9,2,5041.18,557155.44,2720648.84,714,1273123.74,7.73,180,0.1565,3.2933,Male,Single,Post Graduate,Self-employed,Personal Loan,0,1,2,3,3,5
39,0,13.642436074653164,13038.94,156467.22,4,1925.54,235780.29,1148890.85,783,460439.53,12.11,60,0.1477,2.9427,Male,Married,High School,Salaried,Gold Loan,0,1,1,1,2,3
55,1,24.16345276592957,44123.18,529478.15,1,19749.94,611386.68,2825108.11,736,1000492.65,11.38,48,0.4476,1.8896,Female,Single,Graduate,Student,Agricultural Loan,0,0,2,0,4,0
63,3,26.54324240868403,33669.16,404029.94,2,2989.29,199635.96,487182.92,545,2118018.5,7.61,84,0.0888,5.2422,Male,Married,Graduate,Student,Business Loan,1,1,1,0,4,1
37,1,29.232603173693395,50633.75,607605.0,2,13545.47,678555.31,1677313.98,307,560227.97,9.37,36,0.2675,0.922,Female,Married,Graduate,Salaried,Vehicle Loan,0,0,1,0,2,6
63,2,10.369508733617746,60760.26,729123.17,0,21676.35,763283.34,3366608.21,451,638440.97,8.05,12,0.3568,0.8756,Female,Single,Graduate,Self-employed,Vehicle Loan,0,0,2,0,3,6
54,3,17.84066300204954,76096.13,913153.53,2,15081.89,908689.14,3558917.12,691,801592.82,11.23,48,0.1982,0.8778,Female,Married,Post Graduate,Self-employed,Business Loan,0,0,1,3,3,1
29,2,24.687550346139005,44453.36,533440.28,3,886.9,515424.13,1967602.7,510,214593.93,10.34,240,0.02,0.4023,Female,Divorced,PhD,Government,Gold Loan,1,0,0,2,1,3
46,2,15.955557705706202,19383.62,232603.45,1,2207.4,68792.24,145732.51,666,135231.94,7.03,48,0.1139,0.5814,Male,Divorced,Post Graduate,Self-employed,Gold Loan,0,1,0,3,3,3
22,3,13.855599995780489,10000.72,120008.58,1,4509.36,52068.99,225635.49,869,502204.11,13.83,12,0.4509,4.1847,Female,Married,High School,Student,Vehicle Loan,0,0,1,1,4,6
29,2,17.157962435752097,22140.86,265690.33,0,5791.15,71706.23,237898.5,385,268309.51,9.45,48,0.2616,1.0099,Female,Divorced,High School,Government,Agricultural Loan,1,0,0,1,1,0
29,1,10.706009978019047,80829.16,969949.95,0,32955.72,531612.6,1481850.07,354,1027055.55,8.81,120,0.4077,1.0589,Female,Single,PhD,Business,Vehicle Loan,1,0,2,2,0,6
60,0,5.762282822898635,108455.46,1301465.55,1,30133.57,765691.88,3416278.64,745,568887.36,8.56,36,0.2778,0.4371,Female,Single,Post Graduate,Government,Education Loan,0,0,2,3,1,2
37,3,1.9989334022965544,31484.78,377817.37,0,14854.55,208956.45,538447.15,603,1013225.25,8.11,84,0.4718,2.6818,Male,Single,PhD,Student,Vehicle Loan,0,1,2,2,4,6
21,0,18.2994229334158,15114.72,181376.65,2,6870.65,88441.8,319779.32,431,169173.63,13.99,12,0.4546,0.9327,Male,Married,PhD,Salaried,Agricultural Loan,1,1,1,2,2,0
45,3,11.37403084445983,24611.08,295332.91,2,5942.2,440900.21,1262570.99,720,985820.08,9.07,48,0.2414,3.338,Male,Single,High School,Salaried,Agricultural Loan,0,1,2,1,2,0
63,3,26.488590097583085,71874.98,862499.75,3,11437.97,1425065.52,4803826.36,684,70332.79,9.84,36,0.1591,0.0815,Female,Single,Post Graduate,Salaried,Education Loan,0,0,2,3,2,2
60,2,6.688775373070319,25473.45,305681.43,0,7663.29,217123.27,252337.61,497,180649.12,13.1,12,0.3008,0.591,Female,Married,Graduate,Student,Gold Loan,0,0,1,0,4,3
62,0,9.321349500267367,51713.51,620562.14,1,17450.41,414637.1,1179418.91,346,733652.49,11.49,36,0.3374,1.1822,Male,Divorced,Graduate,Government,Personal Loan,0,1,0,0,1,5
45,1,29.115187086807286,40180.42,482164.99,4,10012.06,820192.54,2645912.61,502,295951.5,9.58,48,0.2492,0.6138,Male,Single,PhD,Salaried,Business Loan,1,1,2,2,2,1
59,0,16.688736141450732,55603.53,667242.35,1,22860.92,853528.06,2535727.18,560,319642.55,13.29,60,0.4111,0.4791,Female,Married,Post Graduate,Self-employed,Business Loan,1,0,1,3,3,1
55,3,10.402591285479525,108099.42,1297192.99,4,9908.85,837671.18,3677076.17,323,482042.43,12.25,84,0.0917,0.3716,Female,Divorced,Graduate,Business,Business Loan,1,0,0,0,0,1
23,1,25.826829714254817,51733.92,620807.01,4,8650.22,900846.98,2021947.36,639,1379958.53,8.6,24,0.1672,2.2228,Female,Divorced,Graduate,Salaried,Personal Loan,0,0,0,0,2,5
57,2,22.301252686058593,39662.04,475944.45,3,13611.54,354008.85,1605892.53,711,95090.51,11.51,24,0.3432,0.1998,Female,Divorced,Post Graduate,Salaried,Home Loan,0,0,0,3,2,4
64,1,17.194288017477895,115499.81,1385997.69,4,14245.97,1673682.2,4374750.66,560,1201360.34,13.46,84,0.1233,0.8668,Male,Single,Graduate,Business,Business Loan,1,1,2,0,0,1
64,1,26.672990727162887,44789.6,537475.21,2,9850.24,1067362.28,4032608.82,585,1259176.0,10.48,60,0.2199,2.3428,Female,Divorced,High School,Self-employed,Education Loan,0,0,0,1,3,2
50,0,2.818845732228419,22566.72,270800.63,2,10874.15,179104.62,241234.38,812,295522.75,12.14,12,0.4819,1.0913,Male,Divorced,Graduate,Business,Vehicle Loan,0,1,0,0,0,6
58,3,11.834818305897256,54856.68,658280.11,3,17166.74,1228904.63,2212785.76,385,253746.79,13.8,36,0.3129,0.3855,Male,Divorced,High School,Salaried,Education Loan,1,1,0,1,2,2
54,3,24.3165031147717,47499.45,569993.35,1,22539.85,397808.12,1609000.21,729,402569.67,11.83,60,0.4745,0.7063,Male,Single,PhD,Salaried,Home Loan,0,1,2,2,2,4
32,3,11.578289819689848,30189.78,362277.31,1,10905.17,405345.87,425335.39,880,249462.19,7.72,24,0.3612,0.6886,Female,Married,Post Graduate,Government,Agricultural Loan,0,0,1,3,1,0
39,4,27.802095802852445,26620.81,319449.67,1,9645.61,308259.01,1502488.61,330,582929.34,8.71,12,0.3623,1.8248,Male,Divorced,High School,Student,Home Loan,1,1,0,1,4,4
57,2,4.5756338414353435,30364.95,364379.42,1,8985.86,577318.8,1017533.39,739,646940.63,11.17,240,0.2959,1.7755,Female,Married,Graduate,Government,Education Loan,0,0,1,0,1,2
64,0,10.099119186998161,26393.32,316719.89,2,1876.68,63479.43,292336.49,648,127627.66,8.93,60,0.0711,0.403,Female,Divorced,High School,Government,Vehicle Loan,0,0,0,1,1,6
37,3,12.772276864479394,30962.87,371554.47,2,8045.92,477565.56,1463155.86,711,211867.22,13.7,24,0.2599,0.5702,Female,Divorced,Graduate,Government,Gold Loan,0,0,0,0,1,3
30,1,20.608862588098944,21901.75,262821.06,3,2766.92,405080.39,1319874.04,827,171422.88,9.84,48,0.1263,0.6522,Male,Single,Graduate,Government,Gold Loan,0,1,2,0,1,3
32,4,5.860484462765515,45784.13,549409.57,3,22861.68,542969.18,725693.06,609,525313.23,10.2,36,0.4993,0.9561,Male,Divorced,High School,Government,Gold Loan,0,1,0,1,1,3
36,2,0.29591506139666324,43770.74,525248.85,3,5842.56,149771.64,368569.3,695,889011.71,11.91,120,0.1335,1.6926,Male,Divorced,Graduate,Self-employed,Business Loan,0,1,0,0,3,1
44,3,29.295279425616783,44672.84,536074.12,1,5152.7,296203.97,481294.56,637,187447.04,10.67,12,0.1153,0.3497,Female,Married,High School,Student,Home Loan,0,0,1,1,4,4
39,4,26.962712966875518,34981.63,419779.58,1,10912.23,581830.75,1805843.21,736,884007.55,9.68,48,0.3119,2.1059,Male,Single,PhD,Student,Business Loan,0,1,2,2,4,1
28,2,9.006662561632742,32643.53,391722.4,2,8339.59,704939.05,2257869.43,664,211115.44,7.54,120,0.2555,0.5389,Male,Married,PhD,Student,Education Loan,0,1,1,2,4,2
51,1,14.504425196402998,86267.09,1035205.1,2,921.03,922798.9,3542318.43,412,786145.81,11.18,60,0.0107,0.7594,Female,Married,PhD,Self-employed,Home Loan,1,0,1,2,3,4
41,4,14.667606311611104,37814.33,453772.02,0,2449.11,525221.32,2370382.99,475,352573.66,13.07,48,0.0648,0.777,Male,Married,PhD,Self-employed,Vehicle Loan,0,1,1,2,3,6
37,0,26.076766668787865,77517.59,930211.03,0,31435.05,484706.29,1392425.1,448,310717.51,11.8,48,0.4055,0.334,Male,Married,Graduate,Self-employed,Business Loan,1,1,1,0,3,1
43,2,17.911804234399643,19973.28,239679.3,1,4830.46,209338.02,404742.82,477,1103459.09,9.67,24,0.2418,4.6039,Male,Single,Post Graduate,Salaried,Personal Loan,1,1,2,3,2,5
57,4,24.7929306827361,51715.18,620582.2,2,3775.6,452309.56,1055820.16,681,1848994.59,7.89,180,0.073,2.9795,Female,Divorced,Post Graduate,Student,Home Loan,0,0,0,3,4,4
36,4,27.359824540351475,23369.29,280431.52,1,5436.19,375710.17,1648751.21,522,93582.67,12.71,48,0.2326,0.3337,Male,Single,High School,Business,Vehicle Loan,1,1,2,1,0,6
26,2,16.97859395137793,26011.89,312142.62,4,3292.44,615131.04,974031.67,558,714650.25,13.59,24,0.1266,2.2895,Female,Divorced,PhD,Government,Agricultural Loan,1,0,0,2,1,0
28,4,8.564474032161174,28363.45,340361.36,0,3170.91,558929.49,1961297.17,488,509847.73,9.72,240,0.1118,1.498,Female,Divorced,PhD,Salaried,Vehicle Loan,0,0,0,2,2,6
45,4,14.96123417528937,27316.35,327796.17,3,13080.78,148048.74,155798.14,605,748859.01,12.1,120,0.4789,2.2845,Male,Married,High School,Salaried,Vehicle Loan,0,1,1,1,2,6
38,2,25.526088261725526,27398.33,328779.92,1,4959.43,391429.14,776077.67,677,139970.73,9.88,36,0.181,0.4257,Male,Divorced,Post Graduate,Government,Personal Loan,0,1,0,3,1,5
45,1,17.508575231947667,75385.11,904621.32,4,1750.11,190533.56,641266.23,642,185821.81,10.52,120,0.0232,0.2054,Male,Single,Post Graduate,Salaried,Gold Loan,0,1,2,3,2,3
32,0,26.87165720202482,37318.58,447823.0,3,18105.61,249252.92,704301.05,455,258553.06,12.86,12,0.4852,0.5774,Male,Divorced,PhD,Self-employed,Education Loan,1,1,0,2,3,2
35,2,26.86308027845944,41565.81,498789.72,4,16519.08,206208.26,613304.17,354,524632.14,7.58,12,0.3974,1.0518,Male,Single,PhD,Salaried,Home Loan,1,1,2,2,2,4
46,3,11.20078860139014,27603.67,331244.04,2,3511.37,240636.3,876457.14,741,246194.46,10.71,48,0.1272,0.7432,Female,Single,Post Graduate,Student,Personal Loan,0,0,2,3,4,5
61,4,13.443416867882345,60728.21,728738.5,2,12415.63,1008860.8,1955519.37,499,341663.53,8.5,48,0.2044,0.4688,Male,Single,PhD,Student,Vehicle Loan,0,1,2,2,4,6
46,0,20.33741280722909,44937.76,539253.16,2,19374.68,561094.99,1191327.97,702,859771.85,9.38,48,0.4311,1.5944,Female,Divorced,PhD,Business,Personal Loan,0,0,0,2,0,5
52,0,3.3319336563896975,30171.19,362054.29,3,5391.8,677551.81,2532575.42,476,2278552.42,11.51,240,0.1787,6.2934,Male,Married,PhD,Student,Home Loan,1,1,1,2,4,4
30,2,13.96671652316268,14036.69,168440.24,3,3982.24,82721.33,260834.05,748,812084.93,7.19,84,0.2837,4.8212,Male,Single,Post Graduate,Government,Education Loan,0,1,2,3,1,2
36,3,4.48156335429418,41347.94,496175.28,2,11057.61,387711.79,410333.73,840,879858.31,11.16,36,0.2674,1.7733,Male,Married,PhD,Government,Home Loan,0,1,1,2,1,4
27,3,25.438685523790994,51298.03,615576.41,3,10292.81,440476.18,1621529.88,600,382513.48,8.98,84,0.2006,0.6214,Female,Single,PhD,Student,Agricultural Loan,0,0,2,2,4,0
37,1,28.283532923029675,20184.92,242219.09,2,6454.15,129731.81,451514.46,606,216970.63,11.69,24,0.3198,0.8958,Male,Divorced,PhD,Self-employed,Business Loan,0,1,0,2,3,1
43,3,4.246466265943757,30417.19,365006.29,1,7198.09,725234.89,953270.71,566,340862.21,7.99,24,0.2366,0.9339,Male,Single,Graduate,Student,Personal Loan,0,1,2,0,4,5
46,2,20.020242761876684,50126.06,601512.71,2,532.1,496558.15,1981305.72,513,422387.41,12.15,120,0.0106,0.7022,Female,Divorced,High School,Self-employed,Business Loan,1,0,0,1,3,1
41,0,19.096296872955445,14149.62,169795.46,0,5761.61,320230.09,989000.46,893,174886.02,11.52,36,0.4072,1.03,Male,Divorced,High School,Government,Vehicle Loan,0,1,0,1,1,6
42,0,22.80224403103986,24604.6,295255.2,1,1392.08,245575.8,446699.72,782,849239.52,13.8,120,0.0566,2.8763,Female,Divorced,PhD,Student,Business Loan,0,0,0,2,4,1
27,3,20.873389586161995,45530.85,546370.18,2,10565.2,259257.6,839327.15,561,1491899.1,13.38,36,0.232,2.7306,Male,Divorced,Post Graduate,Business,Vehicle Loan,0,1,0,3,0,6
34,4,6.513871059461895,70474.84,845698.09,0,20434.21,263698.93,891786.01,366,487935.03,8.98,24,0.29,0.577,Male,Married,High School,Government,Gold Loan,0,1,1,1,1,3
35,1,8.736379627359648,134789.27,1617471.26,2,47547.32,2787166.28,13045261.88,873,1053110.98,7.19,48,0.3528,0.6511,Male,Divorced,PhD,Business,Gold Loan,0,1,0,2,0,3
27,3,4.956966470043179,117617.47,1411409.64,1,24158.42,204448.07,811368.04,432,1163270.18,11.59,48,0.2054,0.8242,Female,Single,PhD,Government,Education Loan,1,0,2,2,1,2
29,2,27.634319971850225,39587.22,475046.67,2,14559.16,917674.4,2025947.41,839,193354.36,11.22,36,0.3678,0.407,Male,Married,High School,Salaried,Education Loan,0,1,1,1,2,2
28,1,15.654703953569538,27159.0,325908.04,3,1783.67,288385.1,424656.25,811,110167.28,7.19,240,0.0657,0.338,Female,Married,Graduate,Salaried,Business Loan,0,0,1,0,2,1
43,3,29.284834562427758,63188.23,758258.78,2,20645.03,422704.63,1865284.08,510,296792.15,7.86,84,0.3267,0.3914,Male,Married,Graduate,Salaried,Business Loan,1,1,1,0,2,1
49,1,13.47965554298527,26208.64,314503.63,1,10828.61,398404.31,1746712.38,552,477684.69,11.09,60,0.4132,1.5189,Female,Married,High School,Business,Gold Loan,1,0,1,1,0,3
38,4,16.58169513728386,22988.35,275860.2,4,10223.42,93263.71,158663.95,337,169921.97,13.38,84,0.4447,0.616,Female,Single,PhD,Self-employed,Gold Loan,1,0,2,2,3,3
51,2,23.678817659894243,30237.57,362850.8,2,8762.34,80412.22,100396.64,342,1380255.06,13.35,180,0.2898,3.8039,Male,Divorced,Graduate,Government,Home Loan,0,1,0,0,1,4
50,3,23.916709794659013,28045.85,336550.22,3,4387.71,562011.31,2162315.24,704,2103348.7,8.06,60,0.1564,6.2497,Male,Single,Post Graduate,Salaried,Home Loan,0,1,2,3,2,4
59,0,6.934487768968002,46517.24,558206.93,1,3799.45,500871.07,1948552.42,345,510608.05,9.69,48,0.0817,0.9147,Male,Divorced,High School,Business,Business Loan,1,1,0,1,0,1
55,2,8.648485983893138,25299.98,303599.8,0,4371.32,326872.32,558485.88,753,201705.13,7.3,120,0.1728,0.6644,Male,Married,Graduate,Government,Vehicle Loan,0,1,1,0,1,6
38,4,2.934205126426168,38218.43,458621.2,4,10318.49,193538.46,710837.24,604,652806.66,10.28,60,0.27,1.4234,Male,Married,Graduate,Salaried,Agricultural Loan,0,1,1,0,2,0
62,4,24.16393504725946,94558.32,1134699.85,2,9282.33,228146.31,482688.0,532,201198.6,12.27,48,0.0982,0.1773,Female,Married,High School,Salaried,Business Loan,0,0,1,1,2,1
59,0,23.815845650800266,39076.81,468921.7,1,18610.62,369621.71,754940.55,544,1104026.86,12.53,60,0.4763,2.3544,Female,Married,PhD,Salaried,Vehicle Loan,1,0,1,2,2,6
37,2,2.4377642447581094,90223.52,1082682.18,3,40471.36,1140548.28,2621061.77,594,367638.25,10.49,48,0.4486,0.3396,Female,Divorced,High School,Business,Gold Loan,1,0,0,1,0,3
34,3,7.722977720552208,74699.89,896398.74,3,1230.95,1389784.39,4282739.38,682,791592.71,7.67,180,0.0165,0.8831,Female,Married,Post Graduate,Self-employed,Home Loan,0,0,1,3,3,4
51,0,13.496010302885148,51804.08,621648.93,1,14555.96,648804.42,2736537.47,457,910289.36,9.67,180,0.281,1.4643,Male,Divorced,PhD,Salaried,Gold Loan,0,1,0,2,2,3
44,3,16.253368307487406,29363.52,352362.23,3,11588.44,557838.19,1670488.29,704,680352.56,13.52,12,0.3947,1.9308,Female,Married,Graduate,Salaried,Gold Loan,0,0,1,0,2,3
55,1,15.676326571909314,67799.14,813589.68,4,8318.68,247802.73,543225.91,300,1845433.16,8.61,36,0.1227,2.2683,Female,Single,PhD,Self-employed,Education Loan,1,0,2,2,3,2
64,3,29.49225863082407,31257.51,375090.16,0,8187.85,77241.81,350360.9,516,510230.82,9.24,48,0.2619,1.3603,Male,Married,High School,Self-employed,Gold Loan,0,1,1,1,3,3
54,1,22.923763494176868,36271.74,435260.88,3,7363.02,168801.5,205998.57,806,295801.45,12.23,24,0.203,0.6796,Female,Divorced,PhD,Student,Vehicle Loan,0,0,0,2,4,6
23,3,3.3956346666556856,44272.51,531270.11,3,4350.8,830387.53,3477966.85,880,82310.04,12.14,60,0.0983,0.1549,Female,Divorced,Graduate,Salaried,Education Loan,0,0,0,0,2,2
57,1,8.805071338232727,36198.74,434384.85,0,11126.36,668395.04,2765502.53,329,71170.31,13.39,180,0.3074,0.1638,Male,Single,Graduate,Government,Home Loan,0,1,2,0,1,4
63,2,10.362817099404282,23572.58,282870.94,4,11711.94,100217.86,201857.54,819,745365.87,9.72,24,0.4968,2.635,Female,Divorced,Graduate,Student,Vehicle Loan,1,0,0,0,4,6
60,4,9.454442023523152,14526.66,174319.88,4,2653.2,24880.37,44615.01,574,381904.08,10.6,240,0.1826,2.1908,Female,Single,Graduate,Government,Personal Loan,1,0,2,0,1,5
46,2,23.57836969425979,64568.36,774820.3,4,17833.1,1082261.54,4868880.63,791,230425.61,10.27,120,0.2762,0.2974,Female,Married,High School,Self-employed,Home Loan,0,0,1,1,3,4
43,0,10.816837961671407,51134.02,613608.22,3,8382.26,1057015.89,3419959.24,335,181475.49,13.49,84,0.1639,0.2958,Male,Married,High School,Student,Business Loan,1,1,1,1,4,1
64,2,14.772801572655293,12934.24,155210.89,3,5671.33,237271.88,280940.69,610,800317.23,12.39,180,0.4385,5.1563,Male,Married,Post Graduate,Business,Personal Loan,1,1,1,3,0,5
59,2,16.00362503528056,23200.46,278405.58,4,10029.59,131416.17,599695.35,343,201424.92,12.82,24,0.4323,0.7235,Male,Divorced,High School,Student,Vehicle Loan,1,1,0,1,4,6
35,4,8.112710198649243,40434.52,485214.29,3,3614.31,583335.2,1397685.1,454,1630714.45,7.93,60,0.0894,3.3608,Female,Married,Graduate,Student,Home Loan,1,0,1,0,4,4
24,2,9.680873903409207,47360.48,568325.76,2,21311.01,872352.18,2066276.24,376,2901647.66,12.54,48,0.45,5.1056,Female,Married,Post Graduate,Self-employed,Personal Loan,1,0,1,3,3,5
49,0,23.399927064621995,14602.2,175226.46,3,1106.18,100522.46,359181.99,889,215339.37,10.03,180,0.0758,1.2289,Female,Married,PhD,Salaried,Personal Loan,0,0,1,2,2,5
42,2,26.000488917193366,34422.19,413066.32,4,1642.63,452224.27,1648467.7,737,756047.98,7.16,12,0.0477,1.8303,Male,Married,High School,Self-employed,Home Loan,0,1,1,1,3,4
45,2,1.1124030812013341,50201.13,602413.52,1,16389.03,413285.26,997366.64,731,629082.24,7.42,36,0.3265,1.0443,Female,Married,High School,Self-employed,Gold Loan,0,0,1,1,3,3
33,2,18.1546368112599,29410.08,352921.02,4,5674.74,181996.51,286301.56,841,200763.11,11.75,180,0.193,0.5689,Male,Divorced,Post Graduate,Self-employed,Agricultural Loan,0,1,0,3,3,0
38,2,19.0030653532286,42340.43,508085.2,1,11235.89,986555.58,3165934.86,338,201674.35,9.6,60,0.2654,0.3969,Male,Divorced,High School,Government,Vehicle Loan,0,1,0,1,1,6
53,4,22.119276046425895,27104.87,325258.5,3,8843.92,596019.53,2086495.49,538,401084.35,13.08,48,0.3263,1.2331,Male,Divorced,High School,Business,Vehicle Loan,1,1,0,1,0,6
36,4,20.8154031963578,62662.46,751949.51,3,1655.46,704975.09,3130716.44,312,177955.44,12.14,84,0.0264,0.2367,Female,Divorced,High School,Government,Education Loan,1,0,0,1,1,2
62,0,26.32273473489965,22481.06,269772.75,1,3292.95,93204.13,273811.37,421,1059179.99,7.15,60,0.1465,3.9262,Male,Married,Graduate,Student,Home Loan,1,1,1,0,4,4
64,0,2.3541693675484696,18301.77,219621.24,4,4217.7,324707.59,1163357.25,443,363346.28,11.81,36,0.2305,1.6544,Female,Divorced,Post Graduate,Self-employed,Vehicle Loan,1,0,0,3,3,6
22,0,11.651167155891065,36951.3,443415.6,0,4925.38,254266.55,309603.93,754,180502.03,8.35,60,0.1333,0.4071,Female,Single,Post Graduate,Salaried,Personal Loan,0,0,2,3,2,5
55,2,23.462683444205194,15365.57,184386.81,0,376.24,74921.12,342995.74,667,412012.31,9.96,48,0.0245,2.2345,Female,Married,Graduate,Self-employed,Home Loan,0,0,1,0,3,4
62,3,25.397400357832772,10269.5,123233.96,4,445.06,100386.05,231777.66,546,642510.63,11.37,12,0.0433,5.2137,Female,Married,Post Graduate,Government,Business Loan,1,0,1,3,1,1
54,2,7.943053148419747,69580.61,834967.29,3,27893.05,917527.85,3237849.82,344,247816.01,13.11,12,0.4009,0.2968,Female,Single,PhD,Business,Personal Loan,1,0,2,2,0,5
50,3,17.55852132120426,20119.91,241438.96,1,9168.51,65211.21,304158.53,674,89816.78,10.19,120,0.4557,0.372,Female,Divorced,High School,Government,Home Loan,0,0,0,1,1,4
33,0,5.422950464529144,16314.49,195773.9,1,1241.8,230852.81,979301.44,590,489477.72,12.66,48,0.0761,2.5002,Female,Single,Graduate,Self-employed,Personal Loan,1,0,2,0,3,5
33,2,25.52683049547749,22313.45,267761.35,4,2780.95,30190.37,107200.45,506,167108.79,12.48,12,0.1246,0.6241,Male,Divorced,PhD,Business,Personal Loan,1,1,0,2,0,5
38,0,21.912904471531157,21720.45,260645.43,4,7083.58,467271.85,1782376.37,818,234450.87,9.9,84,0.3261,0.8995,Male,Single,Graduate,Salaried,Home Loan,0,1,2,0,2,4
52,4,6.661952369974142,33347.33,400168.01,2,15911.21,739545.8,3463751.84,541,643890.61,10.51,12,0.4771,1.6091,Male,Married,Graduate,Government,Education Loan,1,1,1,0,1,2
52,0,18.713194584467676,18843.21,226118.53,1,2822.62,336551.58,1429796.53,413,276421.15,11.9,180,0.1498,1.2225,Female,Divorced,Post Graduate,Government,Agricultural Loan,1,0,0,3,1,0
55,2,15.279611279956155,48967.48,587609.76,2,20938.83,574419.7,1975679.95,601,395185.51,7.22,240,0.4276,0.6725,Male,Divorced,PhD,Student,Agricultural Loan,0,1,0,2,4,0
59,4,7.764801936488852,53516.24,642194.91,3,13540.27,367261.32,1334925.44,575,1414718.15,13.24,36,0.253,2.2029,Male,Divorced,PhD,Business,Personal Loan,1,1,0,2,0,5
49,4,26.79367804438228,16898.92,202787.07,1,8082.41,306116.85,486442.23,395,333824.32,12.39,120,0.4783,1.6462,Male,Married,Graduate,Government,Home Loan,1,1,1,0,1,4
49,3,4.4351789308450185,25062.85,300754.22,4,1707.52,562193.24,1619493.62,593,2228976.15,8.75,60,0.0681,7.4113,Female,Divorced,Graduate,Student,Gold Loan,1,0,0,0,4,3
64,1,14.023794079460481,26533.56,318402.73,4,12917.5,123282.23,271712.87,659,799651.84,13.87,36,0.4868,2.5114,Male,Single,PhD,Salaried,Business Loan,0,1,2,2,2,1
36,4,17.483948539530143,32892.36,394708.28,3,7252.41,385297.96,1051047.59,587,210007.93,8.26,60,0.2205,0.5321,Male,Divorced,Graduate,Government,Gold Loan,1,1,0,0,1,3
64,1,24.70636938981168,69536.71,834440.53,0,33132.1,573748.63,2093601.57,453,302221.99,13.4,120,0.4765,0.3622,Female,Divorced,Post Graduate,Government,Business Loan,1,0,0,3,1,1
30,0,4.505397371027506,71983.2,863798.41,2,16509.0,662609.77,1057925.65,869,161116.94,9.27,120,0.2293,0.1865,Female,Married,Post Graduate,Self-employed,Agricultural Loan,0,0,1,3,3,0
50,0,18.275238245953794,162644.23,1951730.71,4,43107.4,1680509.91,1797311.83,722,736721.43,12.34,240,0.265,0.3775,Female,Single,Post Graduate,Government,Agricultural Loan,0,0,2,3,1,0
45,4,0.19679231684556764,10000.0,120000.0,1,4023.88,228913.16,592358.04,349,1276473.4,10.19,180,0.4024,10.6373,Male,Single,Graduate,Salaried,Agricultural Loan,1,1,2,0,2,0
59,3,24.677439427032937,20856.53,250278.41,1,7535.76,144924.86,331694.92,506,332131.06,12.16,48,0.3613,1.327,Female,Single,High School,Student,Education Loan,1,0,2,1,4,2
40,0,7.041973474268443,107840.17,1294082.05,1,33409.06,1329835.84,3566258.33,863,99796.08,8.09,60,0.3098,0.0771,Male,Divorced,PhD,Business,Home Loan,0,1,0,2,0,4
25,1,21.627459418531313,12327.4,147928.82,3,2570.14,282102.86,1332903.21,864,590293.89,8.89,60,0.2085,3.9904,Female,Divorced,Post Graduate,Salaried,Business Loan,0,0,0,3,2,1
21,4,18.056333678844354,106378.53,1276542.35,0,42149.21,1271149.86,4866389.27,512,221995.79,7.7,24,0.3962,0.1739,Female,Married,High School,Business,Education Loan,1,0,1,1,0,2
50,4,1.5038214887312273,39672.39,476068.68,2,18809.24,827676.71,1911796.71,365,250562.78,13.06,120,0.4741,0.5263,Male,Married,High School,Salaried,Business Loan,1,1,1,1,2,1
23,3,5.496900482141643,40557.65,486691.78,1,198.95,95374.95,163769.79,531,567628.1,9.07,120,0.0049,1.1663,Male,Divorced,Post Graduate,Student,Personal Loan,1,1,0,3,4,5
34,4,8.03222087663157,16850.26,202203.09,1,4952.67,386202.84,1341635.12,619,1185395.81,11.86,240,0.2939,5.8624,Female,Single,Post Graduate,Self-employed,Business Loan,0,0,2,3,3,1
50,2,26.60183063968131,27703.17,332438.02,4,11995.21,147192.93,534355.22,436,799387.74,12.74,240,0.433,2.4046,Female,Single,High School,Student,Business Loan,1,0,2,1,4,1
24,1,14.424101660178616,103613.8,1243365.61,0,33835.74,2438914.06,7156970.71,865,623809.8,13.31,48,0.3266,0.5017,Male,Divorced,Post Graduate,Business,Gold Loan,0,1,0,3,0,3
38,2,27.405096543159196,35291.24,423494.91,4,14131.13,177806.73,329127.93,364,390115.57,7.74,60,0.4004,0.9212,Male,Single,High School,Business,Education Loan,1,1,2,1,0,2
57,2,1.423497016244224,27814.16,333769.94,3,12447.69,312086.49,347733.33,813,153837.36,13.25,120,0.4475,0.4609,Female,Single,High School,Government,Personal Loan,0,0,2,1,1,5
45,1,0.19691621148352656,46324.74,555896.92,3,17393.81,375143.95,773787.96,431,584407.44,8.38,120,0.3755,1.0513,Male,Divorced,Graduate,Self-employed,Agricultural Loan,1,1,0,0,3,0
21,4,28.447398621159753,32359.71,388316.53,2,11601.24,354802.31,1003622.92,633,785585.02,12.16,180,0.3585,2.0231,Male,Married,High School,Student,Gold Loan,0,1,1,1,4,3
35,4,21.717507201023558,44671.49,536057.84,3,21548.32,302071.67,1254122.19,331,274837.18,12.1,180,0.4824,0.5127,Male,Divorced,Graduate,Student,Education Loan,1,1,0,0,4,2
29,2,23.499503946409586,21810.68,261728.2,2,9418.78,506058.03,2234253.97,797,330020.23,7.06,24,0.4318,1.2609,Male,Married,Graduate,Business,Personal Loan,0,1,1,0,0,5
35,1,27.47416842305035,34672.72,416072.61,4,14135.68,278479.98,738456.02,542,1075226.12,8.54,240,0.4077,2.5842,Male,Single,Post Graduate,Self-employed,Business Loan,1,1,2,3,3,1
44,0,29.536160768954876,24719.66,296635.94,1,1067.93,396140.57,1657648.71,491,323197.73,10.44,48,0.0432,1.0895,Male,Married,PhD,Student,Vehicle Loan,1,1,1,2,4,6
24,1,2.931365037359094,12303.27,147639.19,1,1470.42,51197.48,254626.15,441,356308.24,9.94,12,0.1195,2.4134,Male,Married,Post Graduate,Self-employed,Gold Loan,1,1,1,3,3,3
32,2,4.7487403236631796,48493.0,581915.96,0,13499.38,967964.45,3742577.92,860,412206.68,13.43,12,0.2784,0.7084,Female,Divorced,PhD,Self-employed,Personal Loan,0,0,0,2,3,5
57,1,5.657203468614344,17322.06,207864.76,3,6145.52,233461.27,913859.89,490,753471.19,9.52,60,0.3548,3.6248,Female,Single,High School,Student,Agricultural Loan,1,0,2,1,4,0
57,1,24.55252976356601,32897.62,394771.38,0,4987.52,773990.77,3589882.2,448,559425.12,13.56,120,0.1516,1.4171,Male,Single,Post Graduate,Self-employed,Vehicle Loan,0,1,2,3,3,6
63,0,10.666497395977427,63300.02,759600.26,0,2953.84,679731.52,1599120.41,898,527239.61,10.22,60,0.0467,0.6941,Male,Single,Post Graduate,Salaried,Education Loan,0,1,2,3,2,2
26,3,17.79814341698807,14784.16,177409.97,1,2299.67,81243.44,84884.89,715,1490013.07,13.75,36,0.1555,8.3987,Male,Married,Post Graduate,Business,Vehicle Loan,0,1,1,3,0,6
59,3,25.65665736004442,52198.57,626382.89,3,20123.31,467617.64,2313729.56,819,318820.93,12.16,120,0.3855,0.509,Male,Married,Post Graduate,Self-employed,Business Loan,0,1,1,3,3,1
44,0,20.494795192635095,30336.65,364039.83,1,13308.71,544549.26,1612885.37,315,206813.54,12.81,12,0.4387,0.5681,Male,Divorced,High School,Self-employed,Gold Loan,1,1,0,1,3,3
31,1,1.9624618192049714,20334.74,244016.86,0,9281.83,328598.19,1361287.13,405,1002170.24,7.73,12,0.4565,4.107,Male,Single,PhD,Salaried,Home Loan,1,1,2,2,2,4
33,2,13.370215701744701,122241.51,1466898.14,3,23156.62,2310607.88,9820001.59,582,532184.38,11.1,24,0.1894,0.3628,Female,Single,PhD,Government,Education Loan,1,0,2,2,1,2
54,0,2.025001548218647,36303.38,435640.6,1,6762.21,97649.45,252918.58,403,276123.37,8.0,12,0.1863,0.6338,Male,Married,Graduate,Self-employed,Vehicle Loan,0,1,1,0,3,6
45,3,14.365306340566773,25826.19,309914.25,2,5251.85,370566.58,1172877.38,660,331740.29,9.08,240,0.2034,1.0704,Male,Married,Graduate,Student,Personal Loan,0,1,1,0,4,5
27,3,6.579081461790018,22739.81,272877.67,2,4272.92,510278.51,1612307.68,334,159668.65,11.36,48,0.1879,0.5851,Male,Married,Graduate,Government,Home Loan,1,1,1,0,1,4
24,0,0.03924598575290594,61617.27,739407.25,4,20524.61,214535.57,403512.24,412,532503.18,12.08,120,0.3331,0.7202,Male,Single,Post Graduate,Government,Home Loan,1,1,2,3,1,4
28,1,24.39455375376135,25153.85,301846.21,4,4506.6,79730.44,117248.05,607,137429.06,7.27,60,0.1792,0.4553,Male,Single,PhD,Salaried,Education Loan,0,1,2,2,2,2
40,4,29.081485332085787,57177.22,686126.65,3,581.6,999566.48,3172913.09,352,763464.91,10.72,120,0.0102,1.1127,Male,Divorced,Post Graduate,Student,Vehicle Loan,1,1,0,3,4,6
49,2,28.923980453127463,36261.51,435138.11,4,7959.85,299128.31,442881.28,380,291291.4,10.96,120,0.2195,0.6694,Male,Divorced,PhD,Government,Gold Loan,1,1,0,2,1,3
30,4,8.975555812899712,70948.73,851384.81,3,7951.65,1145632.04,2731593.37,668,145041.52,7.55,12,0.1121,0.1704,Male,Single,High School,Self-employed,Vehicle Loan,0,1,2,1,3,6
63,2,24.863208301885297,19428.11,233137.34,0,279.83,263131.3,458988.7,541,1064269.31,10.5,12,0.0144,4.565,Male,Divorced,PhD,Salaried,Vehicle Loan,1,1,0,2,2,6
54,4,20.363307042447527,21123.94,253487.23,2,4973.03,500204.93,1914616.62,330,2690171.52,12.0,36,0.2354,10.6127,Female,Married,Graduate,Salaried,Education Loan,1,0,1,0,2,2
46,4,24.002291708980092,30680.94,368171.25,3,3159.44,658053.88,2953369.11,660,627724.34,7.37,24,0.103,1.705,Male,Divorced,High School,Salaried,Education Loan,0,1,0,1,2,2
61,2,25.387141447875806,32246.35,386956.19,0,7299.64,535149.89,1772233.66,532,352097.47,12.32,120,0.2264,0.9099,Female,Married,PhD,Business,Personal Loan,0,0,1,2,0,5
23,2,29.408362171539967,29356.4,352276.77,2,4076.87,206038.36,544069.68,333,205242.06,11.03,36,0.1389,0.5826,Male,Divorced,Graduate,Government,Gold Loan,0,1,0,0,1,3
26,3,4.551889130011335,176110.03,2113320.35,1,53159.59,1236977.07,6168273.45,542,545505.24,12.83,120,0.3019,0.2581,Male,Single,High School,Student,Agricultural Loan,0,1,2,1,4,0
25,1,23.092380719529057,125235.12,1502821.43,0,62046.32,2666456.99,2892669.98,358,736295.06,8.53,240,0.4954,0.4899,Female,Married,High School,Student,Education Loan,1,0,1,1,4,2
25,1,22.024608122460126,43452.91,521434.89,1,11889.41,628452.64,1393508.48,828,444859.83,12.83,12,0.2736,0.8531,Female,Divorced,High School,Business,Personal Loan,0,0,0,1,0,5
43,3,8.632075130655522,46638.57,559662.89,4,15085.15,893291.04,1889035.96,377,905597.6,7.66,36,0.3234,1.6181,Female,Single,Graduate,Self-employed,Business Loan,1,0,2,0,3,1
29,4,11.777626674103455,31512.54,378150.42,3,14484.35,357568.85,867038.1,601,1485276.86,9.83,84,0.4596,3.9277,Male,Married,Post Graduate,Government,Home Loan,0,1,1,3,1,4
55,2,5.302741430234789,19343.36,232120.36,2,3617.21,65200.55,125340.43,411,161498.23,8.4,240,0.187,0.6958,Male,Married,Graduate,Salaried,Personal Loan,1,1,1,0,2,5
40,0,27.398195792573013,32557.29,390687.51,4,2711.18,281678.81,579427.77,712,559746.59,13.13,60,0.0833,1.4327,Male,Single,PhD,Business,Gold Loan,0,1,2,2,0,3
62,4,26.380071743978142,57680.28,692163.38,0,8155.91,271468.29,551272.95,616,96503.48,11.93,36,0.1414,0.1394,Male,Single,Post Graduate,Business,Personal Loan,0,1,2,3,0,5
55,1,18.421050438042656,79489.17,953870.03,4,16008.92,1508875.72,4561295.38,444,230674.05,7.18,180,0.2014,0.2418,Female,Married,High School,Government,Business Loan,1,0,1,1,1,1
38,2,15.348899996541194,66000.99,792011.9,1,21285.9,1129394.18,2896016.39,317,786927.32,7.07,60,0.3225,0.9936,Female,Single,Graduate,Student,Personal Loan,1,0,2,0,4,5
37,3,6.986650811503462,14678.45,176141.35,1,33.67,44527.02,158387.99,650,426153.95,9.04,84,0.0023,2.4194,Female,Divorced,Post Graduate,Government,Education Loan,0,0,0,3,1,2
44,4,23.688106710899024,30529.95,366359.38,3,13026.87,466859.82,1427472.76,454,121939.62,8.0,24,0.4267,0.3328,Female,Divorced,Graduate,Student,Gold Loan,1,0,0,0,4,3
23,0,0.2461473696117633,15043.17,180518.06,4,572.35,317487.89,550424.76,805,1024718.94,11.41,48,0.038,5.6765,Male,Married,Graduate,Government,Personal Loan,0,1,1,0,1,5
52,4,13.883600747161443,73226.02,878712.27,2,32975.7,1247725.93,5290582.44,659,286476.84,11.65,12,0.4503,0.326,Male,Married,PhD,Student,Agricultural Loan,0,1,1,2,4,0
55,3,25.816535313790705,28355.3,340263.64,1,13460.75,361688.17,1044837.84,631,873890.0,13.59,48,0.4747,2.5683,Female,Divorced,Graduate,Business,Vehicle Loan,0,0,0,0,0,6
58,0,18.55456003298259,35303.38,423640.54,0,17476.99,288529.41,465376.61,827,666733.42,13.66,12,0.4951,1.5738,Female,Single,High School,Student,Personal Loan,0,0,2,1,4,5
33,4,19.053685247148863,48437.53,581250.33,4,19605.34,1036719.32,1728749.55,311,227179.96,11.61,48,0.4048,0.3908,Female,Single,Post Graduate,Government,Agricultural Loan,1,0,2,3,1,0
45,3,2.1212227685833263,190934.16,2291209.96,2,13542.53,2047675.78,8575407.42,374,886578.45,7.04,24,0.0709,0.3869,Female,Married,High School,Self-employed,Home Loan,0,0,1,1,3,4
29,4,8.601141883377156,42657.78,511893.37,2,15061.76,881909.19,3361813.78,511,570856.6,9.51,84,0.3531,1.1152,Female,Single,PhD,Government,Home Loan,0,0,2,2,1,4
24,2,20.21586616788546,31477.79,377733.43,2,3200.05,598361.12,1810707.66,582,508915.95,10.59,84,0.1017,1.3473,Male,Married,PhD,Business,Personal Loan,0,1,1,2,0,5
34,4,1.4885190375924817,17246.68,206960.12,2,7736.24,341022.33,758544.85,494,304211.67,10.49,180,0.4486,1.4699,Male,Single,PhD,Student,Business Loan,1,1,2,2,4,1
57,3,9.928072604569035,87132.36,1045588.37,1,13793.31,2070730.52,5885198.66,329,183106.05,11.22,240,0.1583,0.1751,Male,Single,PhD,Student,Personal Loan,0,1,2,2,4,5
54,1,10.618336906796081,32565.81,390789.67,3,5321.19,593396.07,2104143.39,308,316492.86,13.72,180,0.1634,0.8099,Male,Single,Post Graduate,Student,Vehicle Loan,1,1,2,3,4,6
31,3,14.961551671027305,98153.27,1177839.2,4,45035.33,175001.53,790504.55,608,311028.97,13.2,12,0.4588,0.2641,Female,Divorced,PhD,Business,Personal Loan,0,0,0,2,0,5
61,4,10.871257571539912,70499.99,845999.9,1,466.4,403611.08,1301028.79,744,874401.71,7.76,36,0.0066,1.0336,Female,Married,High School,Government,Education Loan,0,0,1,1,1,2
23,2,13.623526123917095,27507.84,330094.08,3,2667.79,49775.12,104873.25,609,118280.28,8.86,84,0.097,0.3583,Male,Single,Graduate,Student,Agricultural Loan,0,1,2,0,4,0
48,1,16.409920393368083,15750.61,189007.3,2,3322.85,84549.46,99004.0,725,1434851.49,12.83,12,0.211,7.5915,Female,Single,High School,Self-employed,Gold Loan,0,0,2,1,3,3
49,3,3.8504352460961133,42767.83,513213.96,0,14984.17,103203.43,175633.68,890,1499251.19,12.77,180,0.3504,2.9213,Male,Divorced,Graduate,Self-employed,Business Loan,0,1,0,0,3,1
29,1,5.414262440219913,25110.91,301330.98,2,8130.49,314820.36,1133576.97,390,264923.65,8.93,84,0.3238,0.8792,Female,Divorced,Post Graduate,Salaried,Vehicle Loan,1,0,0,3,2,6
23,2,24.975329830670336,37183.02,446196.25,3,12445.38,61305.24,100647.75,755,1357640.8,12.11,12,0.3347,3.0427,Male,Divorced,Post Graduate,Self-employed,Personal Loan,0,1,0,3,3,5
45,0,13.793038274093927,68147.5,817770.01,3,29985.65,808864.45,2366865.34,743,197903.44,11.7,24,0.44,0.242,Female,Married,PhD,Salaried,Business Loan,0,0,1,2,2,1
54,1,10.654562215393305,13465.02,161580.28,0,814.84,291832.04,1107741.91,378,1090013.28,10.31,84,0.0605,6.746,Female,Divorced,Graduate,Student,Education Loan,1,0,0,0,4,2
32,3,13.016445425450376,42564.18,510770.15,1,11112.69,775402.21,1731395.3,774,229641.06,8.41,180,0.2611,0.4496,Male,Divorced,Graduate,Business,Business Loan,0,1,0,0,0,1
62,2,5.24455658435988,57282.92,687395.0,0,20778.74,1300951.53,4782848.84,402,1011302.35,13.22,60,0.3627,1.4712,Female,Single,PhD,Business,Personal Loan,0,0,2,2,0,5
29,3,7.195417642577969,58974.85,707698.18,2,18757.49,366403.41,1218030.55,755,140096.31,11.74,12,0.3181,0.198,Male,Single,High School,Business,Vehicle Loan,0,1,2,1,0,6
35,2,15.465706276996032,16024.51,192294.12,4,3592.01,211763.48,583568.57,613,1052082.22,8.18,24,0.2242,5.4712,Male,Divorced,High School,Student,Vehicle Loan,0,1,0,1,4,6
60,3,10.767794889043934,46704.78,560457.41,1,399.67,388926.03,1784774.52,546,1240300.76,11.93,48,0.0086,2.213,Female,Single,High School,Student,Home Loan,0,0,2,1,4,4
45,2,14.263683090156338,74766.26,897195.08,4,2259.89,923950.58,3481663.44,533,136535.73,12.19,48,0.0302,0.1522,Male,Single,Post Graduate,Government,Home Loan,1,1,2,3,1,4
25,4,4.49114018464618,44620.13,535441.51,4,2653.59,616326.37,1505308.22,893,1804524.27,13.21,120,0.0595,3.3702,Female,Divorced,Graduate,Self-employed,Personal Loan,0,0,0,0,3,5
31,3,4.694049969690955,33880.11,406561.35,1,5814.3,62077.89,261786.06,534,999286.9,8.56,24,0.1716,2.4579,Female,Divorced,Post Graduate,Student,Agricultural Loan,0,0,0,3,4,0
54,2,11.518290588978884,71952.95,863435.45,2,4232.76,457972.72,1810095.42,686,89465.32,13.92,120,0.0588,0.1036,Female,Divorced,Graduate,Self-employed,Gold Loan,0,0,0,0,3,3
44,0,11.365728980861903,23942.46,287309.52,3,5100.73,412044.32,1716879.83,337,298950.05,8.07,120,0.213,1.0405,Female,Divorced,Graduate,Business,Education Loan,1,0,0,0,0,2
35,2,26.499970305743606,14502.85,174034.16,2,1295.41,272324.96,970518.19,460,1014677.56,11.2,120,0.0893,5.8303,Female,Divorced,PhD,Self-employed,Home Loan,1,0,0,2,3,4
58,0,1.0035414221645211,32197.41,386368.93,3,12543.57,453899.18,1142683.22,761,788974.51,11.6,36,0.3896,2.042,Male,Single,Post Graduate,Government,Agricultural Loan,0,1,2,3,1,0
28,1,29.785663249576302,50062.48,600749.77,3,21814.42,361905.06,866514.37,748,483801.54,9.93,84,0.4357,0.8053,Female,Married,High School,Business,Home Loan,0,0,1,1,0,4
25,2,28.69569177679506,67735.25,812823.04,1,13196.44,698820.19,2527356.9,416,929471.78,10.33,84,0.1948,1.1435,Male,Single,High School,Self-employed,Agricultural Loan,0,1,2,1,3,0
46,1,16.267528519739898,49926.22,599114.61,1,12764.43,160205.58,244089.22,540,219866.68,13.24,48,0.2557,0.367,Male,Divorced,Post Graduate,Government,Gold Loan,0,1,0,3,1,3
38,1,21.56273285865082,59963.58,719562.95,0,28587.52,1374552.99,5882615.87,325,459498.22,11.52,12,0.4767,0.6386,Female,Married,PhD,Self-employed,Business Loan,1,0,1,2,3,1
26,4,28.057639724452354,67994.82,815937.88,4,18205.88,1426502.97,3539641.06,861,224927.87,10.48,240,0.2678,0.2757,Male,Married,Graduate,Government,Vehicle Loan,0,1,1,0,1,6
57,2,7.535817175607614,29625.0,355499.97,4,14739.52,74324.79,261733.86,597,492794.44,7.9,24,0.4975,1.3862,Female,Married,Post Graduate,Self-employed,Personal Loan,1,0,1,3,3,5
33,4,9.468918241923255,33230.93,398771.19,4,2361.57,160481.65,480844.06,453,985421.52,7.05,240,0.0711,2.4711,Male,Single,High School,Business,Personal Loan,1,1,2,1,0,5
48,4,3.327740501943474,78613.65,943363.85,4,33891.38,1129298.67,3475197.54,767,826742.35,7.87,180,0.4311,0.8764,Male,Divorced,PhD,Business,Education Loan,0,1,0,2,0,2
25,1,16.915383519751636,17569.26,210831.06,0,4367.74,111492.59,440621.46,348,528771.56,13.69,12,0.2486,2.508,Male,Single,Graduate,Salaried,Gold Loan,1,1,2,0,2,3
33,3,4.783451270115682,46980.12,563761.39,3,533.56,1056639.93,3705298.33,345,976524.38,12.35,120,0.0114,1.7322,Male,Married,PhD,Government,Agricultural Loan,1,1,1,2,1,0
37,1,27.926118491920633,23622.97,283475.61,0,11483.4,434156.67,868849.94,584,1056574.27,13.77,36,0.4861,3.7272,Female,Single,Post Graduate,Self-employed,Agricultural Loan,1,0,2,3,3,0
60,1,12.947005413178472,70273.99,843287.83,1,33908.88,511995.51,664008.89,381,1863297.45,7.25,240,0.4825,2.2096,Male,Divorced,High School,Self-employed,Business Loan,1,1,0,1,3,1
52,0,27.590601786020276,35926.8,431121.56,2,6884.85,40968.49,178660.98,343,1125766.35,11.76,60,0.1916,2.6113,Female,Single,Graduate,Self-employed,Gold Loan,0,0,2,0,3,3
49,3,6.15299704902222,36481.35,437776.16,3,17404.19,707274.45,3210726.33,572,747985.16,7.31,36,0.4771,1.7086,Male,Married,PhD,Student,Gold Loan,1,1,1,2,4,3
23,1,20.82109423458994,102470.26,1229643.17,3,7224.65,1101971.71,1827053.82,693,934038.64,12.47,180,0.0705,0.7596,Female,Married,Post Graduate,Government,Vehicle Loan,0,0,1,3,1,6
60,3,19.42776234160892,19041.47,228497.6,0,6475.15,300373.18,672207.63,894,537587.88,9.67,36,0.3401,2.3527,Male,Single,Post Graduate,Self-employed,Gold Loan,0,1,2,3,3,3
54,0,11.990270413524854,41336.11,496033.3,1,3966.8,314171.82,668987.91,357,353642.03,7.67,120,0.096,0.7129,Female,Divorced,High School,Salaried,Vehicle Loan,0,0,0,1,2,6
60,3,26.950293813177783,32595.33,391143.97,1,4019.77,139706.36,663576.45,864,885658.81,10.98,120,0.1233,2.2643,Female,Divorced,Post Graduate,Business,Personal Loan,0,0,0,3,0,5
47,2,13.04406152766769,49983.43,599801.14,3,19476.98,826334.36,1503192.71,300,810737.39,8.96,120,0.3897,1.3517,Female,Divorced,PhD,Student,Agricultural Loan,1,0,0,2,4,0
33,0,5.952915913935523,115566.16,1386793.94,0,21804.91,1312538.7,2186895.44,515,558809.67,11.62,12,0.1887,0.403,Female,Single,Post Graduate,Student,Agricultural Loan,0,0,2,3,4,0
53,3,29.30956143438888,25256.91,303082.93,4,90.01,161869.09,279605.26,616,378633.74,11.61,60,0.0036,1.2493,Female,Married,Post Graduate,Business,Vehicle Loan,0,0,1,3,0,6
26,4,13.244442089956763,17704.27,212451.29,3,3666.9,73746.16,289046.37,527,362201.84,11.94,12,0.2071,1.7049,Female,Single,PhD,Student,Personal Loan,1,0,2,2,4,5
44,3,6.242189330332044,22346.02,268152.25,4,2548.22,320688.43,1459799.19,772,319027.18,13.95,120,0.114,1.1897,Male,Married,Post Graduate,Salaried,Agricultural Loan,0,1,1,3,2,0
39,0,10.908979814442858,31580.94,378971.32,2,10790.1,558592.62,1437521.16,783,1208108.25,9.71,180,0.3417,3.1879,Male,Single,High School,Salaried,Education Loan,0,1,2,1,2,2
36,4,18.405283696115607,37742.37,452908.39,1,3669.48,284177.37,438860.69,586,1135679.34,10.26,120,0.0972,2.5075,Female,Married,Graduate,Business,Gold Loan,0,0,1,0,0,3
60,3,15.360826068341174,38898.75,466784.94,3,16381.3,696609.56,2328687.73,810,1097342.07,12.63,12,0.4211,2.3509,Female,Divorced,Graduate,Government,Education Loan,0,0,0,0,1,2
48,3,19.05351068490801,107108.39,1285300.65,2,14303.95,558228.63,1026995.44,877,190710.74,11.05,36,0.1335,0.1484,Male,Single,Post Graduate,Student,Gold Loan,0,1,2,3,4,3
53,0,19.855718355554313,96269.17,1155230.07,4,18918.25,845586.14,1062568.44,757,331892.81,7.26,36,0.1965,0.2873,Female,Divorced,High School,Self-employed,Business Loan,0,0,0,1,3,1
61,4,3.7014309513851362,79361.44,952337.29,3,11826.32,1439004.86,6540169.9,394,360081.97,12.9,120,0.149,0.3781,Male,Single,Post Graduate,Self-employed,Education Loan,1,1,2,3,3,2
33,4,9.446548919205881,164170.89,1970050.69,2,52856.73,2656826.93,11911525.17,792,272415.68,7.36,48,0.322,0.1383,Female,Divorced,Post Graduate,Salaried,Home Loan,0,0,0,3,2,4
63,3,22.461029723648036,59543.3,714519.61,3,3011.81,430024.3,2108684.66,449,1963179.83,8.2,36,0.0506,2.7476,Female,Married,Post Graduate,Government,Home Loan,1,0,1,3,1,4
45,2,19.511017474603804,70616.07,847392.87,2,16880.75,268984.04,778982.89,322,609486.19,7.71,84,0.239,0.7192,Male,Married,Post Graduate,Government,Vehicle Loan,1,1,1,3,1,6
62,0,2.650450104782447,58856.78,706281.36,2,9842.47,116353.31,253185.35,514,575438.34,7.55,84,0.1672,0.8147,Female,Married,Graduate,Student,Business Loan,0,0,1,0,4,1
56,0,9.454427564935255,53345.41,640144.9,4,23582.35,1081420.74,4411261.18,698,304755.08,7.18,60,0.4421,0.4761,Male,Married,Post Graduate,Student,Education Loan,0,1,1,3,4,2
47,1,27.939664481094407,46011.1,552133.18,1,1688.89,125530.46,216160.91,709,881758.59,7.39,84,0.0367,1.597,Female,Single,Post Graduate,Business,Gold Loan,0,0,2,3,0,3
58,4,25.860379676503243,28620.71,343448.49,0,11873.23,104220.55,205644.68,430,2554148.37,10.1,36,0.4148,7.4368,Female,Married,Post Graduate,Salaried,Personal Loan,1,0,1,3,2,5
27,4,20.119285577385664,17187.42,206249.05,2,1441.0,111156.97,224840.6,447,472012.53,8.77,60,0.0838,2.2886,Female,Divorced,Graduate,Business,Vehicle Loan,1,0,0,0,0,6
25,1,2.185914616092921,33577.37,402928.44,1,1487.1,377758.96,1815689.97,680,367026.07,7.89,240,0.0443,0.9109,Male,Divorced,High School,Business,Business Loan,0,1,0,1,0,1
63,3,18.21165559763157,50994.05,611928.59,0,5158.63,977306.19,3830348.03,408,411486.66,11.61,48,0.1012,0.6724,Female,Single,High School,Government,Vehicle Loan,0,0,2,1,1,6
51,3,0.365643955188546,37924.67,455096.06,4,1946.54,253793.7,389517.29,851,341929.02,8.58,24,0.0513,0.7513,Male,Single,High School,Student,Business Loan,0,1,2,1,4,1
43,0,19.8337921550908,19164.19,229970.25,3,4992.12,258729.75,354817.71,420,441400.17,7.13,60,0.2605,1.9194,Male,Married,High School,Self-employed,Home Loan,1,1,1,1,3,4
62,3,21.93634647019665,32875.08,394500.95,1,16243.82,101208.17,442407.15,594,271256.67,9.93,36,0.4941,0.6876,Male,Single,High School,Business,Business Loan,1,1,2,1,0,1
30,2,14.917308588134771,31862.92,382355.07,3,546.88,372278.52,1566956.52,419,217675.55,9.17,36,0.0172,0.5693,Male,Married,PhD,Salaried,Education Loan,1,1,1,2,2,2
52,2,0.11419933203055899,34981.94,419783.28,3,8065.58,177907.54,655407.53,755,434959.74,9.23,48,0.2306,1.0362,Female,Single,Post Graduate,Business,Education Loan,0,0,2,3,0,2
63,2,19.998303552116663,48754.33,585051.91,0,9411.3,285573.87,509578.77,829,472068.26,10.12,48,0.193,0.8069,Male,Married,Post Graduate,Self-employed,Business Loan,0,1,1,3,3,1
50,1,24.59220256616732,55478.72,665744.65,1,9420.46,523555.69,1529376.4,468,355581.0,11.68,60,0.1698,0.5341,Male,Divorced,High School,Self-employed,Vehicle Loan,0,1,0,1,3,6
59,2,17.576024039435183,26902.36,322828.27,2,4463.96,497989.43,1698594.01,442,1419169.83,11.32,120,0.1659,4.3961,Female,Married,PhD,Salaried,Agricultural Loan,0,0,1,2,2,0
51,1,21.275925141952754,65425.85,785110.19,0,29278.48,1184972.57,5603202.16,336,616857.01,13.56,48,0.4475,0.7857,Female,Divorced,Graduate,Self-employed,Home Loan,1,0,0,0,3,4
38,0,2.7096407796651,71609.49,859313.87,1,679.44,755077.55,1266789.81,560,801280.63,10.62,120,0.0095,0.9325,Female,Divorced,PhD,Self-employed,Personal Loan,0,0,0,2,3,5
56,0,21.459655550285525,44010.4,528124.75,2,17052.19,164133.98,502543.32,530,818491.16,10.31,240,0.3875,1.5498,Female,Single,Post Graduate,Self-employed,Home Loan,1,0,2,3,3,4
22,2,18.42578886124846,54114.11,649369.27,3,6843.63,403469.75,658061.81,553,481045.32,8.49,36,0.1265,0.7408,Male,Divorced,High School,Business,Education Loan,1,1,0,1,0,2
34,1,9.930591750925036,65548.06,786576.7,4,12562.14,827425.12,2296433.51,628,526981.74,12.29,60,0.1916,0.67,Male,Married,PhD,Salaried,Personal Loan,0,1,1,2,2,5
33,2,20.56001985914444,18796.26,225555.12,4,3948.62,394655.13,710592.31,596,222318.4,7.99,48,0.2101,0.9856,Male,Single,Graduate,Business,Agricultural Loan,1,1,2,0,0,0
49,3,19.367486472282604,68380.21,820562.57,0,10418.81,1591197.76,6913348.23,309,747721.81,10.44,240,0.1524,0.9112,Female,Single,High School,Salaried,Agricultural Loan,1,0,2,1,2,0
32,1,17.98380719996743,22605.84,271270.06,2,1057.49,354048.83,714805.15,745,338862.01,9.95,60,0.0468,1.2492,Female,Married,Graduate,Self-employed,Vehicle Loan,0,0,1,0,3,6
59,1,5.488362099492682,23965.7,287588.43,2,1370.01,217268.01,579762.05,529,265189.22,11.61,24,0.0572,0.9221,Male,Single,High School,Self-employed,Agricultural Loan,1,1,2,1,3,0
22,1,8.886651742761133,40854.55,490254.61,4,6090.01,692461.33,1821970.05,835,1253653.68,13.42,12,0.1491,2.5571,Female,Married,Post Graduate,Student,Personal Loan,0,0,1,3,4,5
52,1,29.741483152972048,10032.41,120388.9,2,4122.36,87615.96,391221.01,377,152391.35,13.63,120,0.4109,1.2658,Male,Divorced,High School,Self-employed,Vehicle Loan,1,1,0,1,3,6
33,3,12.993275221848586,40351.03,484212.35,1,2716.18,620836.48,2502709.71,724,1750235.0,8.17,12,0.0673,3.6146,Female,Single,High School,Salaried,Home Loan,0,0,2,1,2,4
47,2,1.7827957066480815,65451.75,785421.05,1,24303.54,432415.6,532001.75,492,1642852.35,8.83,180,0.3713,2.0917,Female,Divorced,High School,Government,Personal Loan,1,0,0,1,1,5
61,0,26.970159324414833,13527.04,162324.44,4,1953.78,96593.05,122513.78,700,370351.24,12.68,240,0.1444,2.2815,Female,Single,High School,Salaried,Gold Loan,0,0,2,1,2,3
37,4,5.187962622749007,69801.14,837613.66,3,30833.43,190570.27,610737.5,408,1845312.62,10.63,120,0.4417,2.2031,Male,Married,PhD,Self-employed,Education Loan,1,1,1,2,3,2
60,4,12.105594583919892,23878.35,286540.19,3,5113.89,254620.72,690245.23,562,217363.4,10.17,240,0.2142,0.7586,Female,Married,PhD,Self-employed,Vehicle Loan,1,0,1,2,3,6
51,1,8.339967403829908,41114.54,493374.46,3,3530.16,625681.62,1315393.54,628,979964.04,11.97,84,0.0859,1.9862,Female,Married,PhD,Government,Personal Loan,0,0,1,2,1,5
54,1,28.916263594852893,26052.14,312625.71,4,12841.68,498697.51,2079809.85,662,448399.43,11.21,120,0.4929,1.4343,Male,Married,High School,Self-employed,Personal Loan,0,1,1,1,3,5
44,0,11.342957367293927,51213.12,614557.48,0,4523.0,1005724.16,1523210.16,677,104285.22,13.79,36,0.0883,0.1697,Male,Single,Graduate,Student,Agricultural Loan,0,1,2,0,4,0
55,4,21.261508917310653,67169.1,806029.15,2,19063.26,1600385.81,7835853.24,640,267050.01,11.09,240,0.2838,0.3313,Male,Divorced,PhD,Government,Business Loan,0,1,0,2,1,1
26,1,17.951489157962097,53541.17,642494.07,1,15240.13,161607.7,177188.3,558,384768.77,10.26,36,0.2846,0.5989,Female,Divorced,Post Graduate,Business,Gold Loan,0,0,0,3,0,3
39,3,1.289255148055608,36228.86,434746.32,1,6753.3,447141.86,658605.49,634,825054.77,10.8,84,0.1864,1.8978,Female,Single,PhD,Student,Agricultural Loan,0,0,2,2,4,0
50,4,11.529440354990218,27295.76,327549.17,0,12985.8,354616.06,796207.6,384,302045.84,12.66,48,0.4757,0.9221,Male,Single,PhD,Salaried,Business Loan,1,1,2,2,2,1
27,3,11.700658878190888,34836.42,418037.09,2,14698.79,679458.98,2063242.67,821,355572.28,11.29,240,0.4219,0.8506,Female,Divorced,Post Graduate,Student,Business Loan,0,0,0,3,4,1
30,0,29.69499976213535,53829.82,645957.85,3,22334.52,383604.54,715247.78,870,682001.45,11.53,12,0.4149,1.0558,Male,Divorced,Post Graduate,Student,Business Loan,0,1,0,3,4,1
61,0,24.35786103175651,54948.95,659387.39,1,26764.31,142623.48,562629.74,607,653747.72,13.8,240,0.4871,0.9914,Female,Single,Graduate,Self-employed,Home Loan,0,0,2,0,3,4
52,4,25.69962828364565,50538.77,606465.18,3,11550.87,415249.37,1009125.57,561,411111.41,11.33,48,0.2286,0.6779,Female,Single,High School,Business,Gold Loan,1,0,2,1,0,3
54,2,9.405635100635243,16822.18,201866.15,3,817.44,397513.81,458791.89,751,347223.4,9.66,60,0.0486,1.7201,Female,Single,Post Graduate,Government,Personal Loan,0,0,2,3,1,5
48,4,9.871638453400193,35817.31,429807.7,4,13708.29,776775.25,3503946.04,550,937943.67,11.84,12,0.3827,2.1822,Male,Single,Graduate,Student,Education Loan,1,1,2,0,4,2
35,3,15.468171253073365,24833.35,298000.15,4,4728.43,250585.35,1196660.99,623,345665.45,11.62,12,0.1904,1.16,Male,Single,High School,Self-employed,Personal Loan,0,1,2,1,3,5
50,2,18.930453981853066,54119.91,649438.92,2,5150.73,1144866.42,3977557.3,528,170841.44,7.1,84,0.0952,0.2631,Female,Divorced,Post Graduate,Student,Personal Loan,0,0,0,3,4,5
57,3,21.84880464345099,22948.71,275384.5,1,5544.95,40237.19,170048.22,895,322700.41,10.27,12,0.2416,1.1718,Male,Divorced,Graduate,Business,Personal Loan,0,1,0,0,0,5
49,3,24.62405567358564,47630.67,571568.09,4,22046.31,391842.97,581669.8,596,685191.29,12.2,24,0.4629,1.1988,Male,Married,Graduate,Government,Business Loan,1,1,1,0,1,1
42,3,26.196066580216627,30659.18,367910.14,2,2626.83,543178.62,1127248.33,536,392608.22,10.49,36,0.0857,1.0671,Female,Married,PhD,Self-employed,Gold Loan,1,0,1,2,3,3
24,1,0.738777325021226,11760.98,141131.72,0,4990.76,71664.36,164894.44,516,295903.56,12.46,120,0.4243,2.0966,Female,Divorced,Post Graduate,Student,Agricultural Loan,1,0,0,3,4,0
40,2,23.882876491558008,63486.06,761832.67,3,13275.09,353172.41,1710418.48,545,162130.61,10.16,24,0.2091,0.2128,Male,Divorced,High School,Business,Gold Loan,1,1,0,1,0,3
52,1,18.32510969379101,35768.67,429224.05,1,2446.61,744760.01,2270691.75,747,394293.44,13.88,60,0.0684,0.9186,Male,Married,Graduate,Salaried,Vehicle Loan,0,1,1,0,2,6
56,1,15.962543384024091,78087.59,937051.04,1,33124.06,1184349.82,1219470.81,618,530900.7,9.05,240,0.4242,0.5666,Female,Married,PhD,Salaried,Vehicle Loan,0,0,1,2,2,6
24,3,18.853990105750007,13370.61,160447.36,2,6482.21,317518.94,800383.75,731,197618.26,7.64,180,0.4848,1.2317,Female,Married,Graduate,Business,Business Loan,0,0,1,0,0,1
47,0,26.45814737307565,30487.96,365855.55,4,4440.13,124921.46,128794.32,703,380244.71,10.01,180,0.1456,1.0393,Female,Single,High School,Government,Agricultural Loan,0,0,2,1,1,0
37,4,16.358726829226924,31893.49,382721.94,3,4840.42,293131.62,571965.16,336,184403.85,10.79,24,0.1518,0.4818,Female,Married,Graduate,Student,Business Loan,1,0,1,0,4,1
32,0,4.865640176969016,42707.24,512486.9,3,8339.57,348401.73,982074.88,875,399104.02,9.44,12,0.1953,0.7788,Female,Single,PhD,Student,Vehicle Loan,0,0,2,2,4,6
42,3,13.103314505860201,16397.56,196770.68,1,6674.87,348333.98,798929.13,641,1759246.75,8.7,240,0.4071,8.9406,Male,Single,High School,Business,Personal Loan,1,1,2,1,0,5
37,4,27.73378600677634,50333.33,603999.93,1,262.17,345881.57,391170.21,688,507560.21,11.7,48,0.0052,0.8403,Male,Married,Post Graduate,Student,Vehicle Loan,0,1,1,3,4,6
30,4,24.434512707217635,114347.51,1372170.15,3,12804.44,1043947.38,1529740.88,333,124834.15,9.64,240,0.112,0.091,Male,Divorced,PhD,Government,Agricultural Loan,1,1,0,2,1,0
21,3,6.091368042447933,48277.57,579330.88,0,17039.56,206878.05,662743.4,338,576600.09,11.42,120,0.3529,0.9953,Male,Married,High School,Business,Vehicle Loan,0,1,1,1,0,6
42,1,21.424312523189027,38396.57,460758.85,2,7787.58,723169.57,2735330.76,878,1263569.67,12.45,84,0.2028,2.7424,Male,Married,Graduate,Salaried,Home Loan,0,1,1,0,2,4
46,4,7.686801644676946,15891.28,190695.31,0,2624.41,102771.67,269076.38,508,146203.5,12.33,240,0.1651,0.7667,Female,Married,PhD,Salaried,Business Loan,1,0,1,2,2,1
38,4,10.456109909708339,22821.36,273856.35,4,9953.34,58682.08,230381.57,451,191684.38,9.63,48,0.4361,0.6999,Female,Married,High School,Self-employed,Business Loan,1,0,1,1,3,1
34,4,14.067520919274132,35118.84,421426.1,0,16107.85,386570.68,639129.5,664,543986.0,10.98,12,0.4587,1.2908,Female,Married,High School,Salaried,Gold Loan,0,0,1,1,2,3
49,4,13.226088835820752,26426.81,317121.66,0,12526.12,264361.52,393431.22,498,412630.43,10.15,60,0.474,1.3012,Female,Single,PhD,Student,Vehicle Loan,1,0,2,2,4,6
32,2,0.8783948004043285,67221.87,806662.39,4,9160.68,341823.97,1489605.59,378,1165820.28,13.1,84,0.1363,1.4452,Male,Married,High School,Government,Gold Loan,1,1,1,1,1,3
56,1,23.220276749404963,50022.19,600266.24,2,22822.94,203727.55,480155.98,776,382885.15,13.15,84,0.4563,0.6379,Male,Divorced,High School,Government,Education Loan,0,1,0,1,1,2
55,2,25.391579825053395,182668.29,2192019.45,3,67310.12,3949437.42,10777981.9,733,856284.53,9.41,12,0.3685,0.3906,Male,Divorced,Graduate,Self-employed,Business Loan,0,1,0,0,3,1
32,2,15.928297190379876,20160.59,241927.07,0,1554.53,51619.64,247274.92,331,1502262.12,7.64,120,0.0771,6.2096,Female,Single,Post Graduate,Student,Home Loan,1,0,2,3,4,4
27,3,5.188532486053159,37044.26,444531.15,2,11303.5,121658.99,328047.3,386,221002.33,8.17,180,0.3051,0.4972,Male,Single,Post Graduate,Business,Education Loan,1,1,2,3,0,2
49,1,7.4381407645603215,15833.84,190006.06,4,208.49,105074.73,106541.62,850,804630.0,9.57,60,0.0132,4.2348,Female,Married,PhD,Self-employed,Business Loan,0,0,1,2,3,1
31,0,3.790026322774432,10000.0,120000.0,2,3541.89,229153.01,1088909.4,692,321036.74,10.95,24,0.3542,2.6753,Female,Married,PhD,Student,Gold Loan,0,0,1,2,4,3
53,1,5.085187629991603,56029.44,672353.31,0,20550.69,166062.18,175440.46,543,75192.85,11.6,24,0.3668,0.1118,Male,Single,High School,Business,Gold Loan,0,1,2,1,0,3
26,0,26.291921813387667,48921.35,587056.23,3,19307.75,967093.97,3529066.26,531,647646.74,9.32,60,0.3947,1.1032,Female,Divorced,Post Graduate,Salaried,Education Loan,1,0,0,3,2,2
35,4,14.404883727299874,21747.32,260967.82,4,1875.98,467941.39,1072317.47,879,714653.31,11.67,120,0.0863,2.7385,Male,Married,Graduate,Salaried,Vehicle Loan,0,1,1,0,2,6
52,0,3.3304040355220654,38400.19,460802.32,4,12062.46,372134.66,1072329.48,491,128105.04,13.56,120,0.3141,0.278,Male,Divorced,Graduate,Business,Home Loan,1,1,0,0,0,4
31,0,7.642357859660609,24895.43,298745.13,0,2226.36,193177.84,616071.32,839,307692.64,11.56,48,0.0894,1.03,Female,Single,Post Graduate,Self-employed,Gold Loan,0,0,2,3,3,3
43,0,28.485042486902888,26996.85,323962.22,2,12778.29,447599.37,1178905.22,569,268765.86,8.11,36,0.4733,0.8296,Female,Divorced,PhD,Business,Personal Loan,1,0,0,2,0,5
46,4,15.277970704178225,29966.32,359595.79,3,10113.79,514239.84,2107084.96,376,845759.4,11.06,240,0.3375,2.352,Female,Divorced,Post Graduate,Student,Home Loan,1,0,0,3,4,4
54,4,15.469028889620045,21206.45,254477.46,4,1010.76,401639.12,1896871.52,466,128110.3,10.79,120,0.0477,0.5034,Male,Divorced,PhD,Business,Education Loan,1,1,0,2,0,2
54,2,15.76934591404705,23623.8,283485.63,0,2209.21,474910.15,639061.99,583,481859.11,13.09,24,0.0935,1.6998,Male,Married,Graduate,Student,Gold Loan,1,1,1,0,4,3
49,0,3.348504431042907,24027.13,288325.52,0,7970.52,172348.87,724039.59,388,68066.83,9.45,12,0.3317,0.2361,Male,Single,High School,Student,Gold Loan,1,1,2,1,4,3
24,1,29.10940975981944,46804.16,561649.89,1,11155.08,786315.31,1191019.66,843,599354.08,9.96,24,0.2383,1.0671,Male,Married,High School,Salaried,Business Loan,0,1,1,1,2,1
37,3,2.534572420446434,10000.0,120000.0,1,3681.49,41028.32,54202.87,455,488992.86,11.19,36,0.3681,4.0749,Female,Divorced,Graduate,Student,Education Loan,1,0,0,0,4,2
55,2,21.0011526326209,31679.42,380153.0,2,4447.61,403811.85,1947716.1,549,293969.56,10.67,60,0.1404,0.7733,Female,Married,Post Graduate,Government,Personal Loan,0,0,1,3,1,5
33,0,1.7329445687246392,18908.95,226907.45,0,6220.27,285457.12,844151.27,394,1386977.92,12.03,36,0.329,6.1125,Female,Married,Post Graduate,Salaried,Business Loan,1,0,1,3,2,1
61,2,13.307753112555774,19323.33,231879.94,2,1709.73,91202.91,146874.37,316,54256.61,7.28,240,0.0885,0.234,Male,Married,Post Graduate,Salaried,Personal Loan,1,1,1,3,2,5
59,0,26.990348190185316,26492.26,317907.15,2,7202.06,73109.38,239786.23,416,436034.24,10.94,48,0.2719,1.3716,Male,Single,Post Graduate,Business,Gold Loan,0,1,2,3,0,3
35,0,23.053336271550425,36004.39,432052.69,3,17242.5,197273.98,404993.34,632,1153231.83,7.85,120,0.4789,2.6692,Male,Single,Post Graduate,Student,Vehicle Loan,0,1,2,3,4,6
49,2,10.040280648996113,31931.65,383179.77,1,10030.09,340823.76,973813.93,821,490434.43,9.21,48,0.3141,1.2799,Female,Divorced,PhD,Business,Personal Loan,0,0,0,2,0,5
49,0,16.540432978394982,19178.86,230146.27,2,479.41,410817.66,1437302.43,379,1319618.08,11.63,36,0.025,5.7338,Female,Married,Post Graduate,Student,Personal Loan,1,0,1,3,4,5
31,0,4.958239668547075,55995.01,671940.16,3,27682.87,741039.78,3317693.87,731,308519.78,8.1,12,0.4944,0.4591,Male,Divorced,Post Graduate,Salaried,Agricultural Loan,0,1,0,3,2,0
52,3,28.683607182739138,21129.76,253557.08,3,1657.27,384885.63,389629.58,502,387035.46,9.16,240,0.0784,1.5264,Female,Married,Post Graduate,Government,Vehicle Loan,1,0,1,3,1,6
22,1,21.260320312459914,23369.25,280430.98,1,8390.37,116970.66,217163.36,415,1186603.46,11.92,12,0.359,4.2314,Male,Divorced,High School,Salaried,Agricultural Loan,1,1,0,1,2,0
34,4,11.228812829299997,43074.87,516898.45,1,11469.33,148069.81,205088.85,519,904957.26,11.56,12,0.2663,1.7507,Male,Single,High School,Self-employed,Business Loan,0,1,2,1,3,1
40,3,9.53803785462834,44012.16,528145.87,0,6477.72,286571.91,397873.81,552,3015881.29,7.64,12,0.1472,5.7103,Female,Divorced,Post Graduate,Business,Personal Loan,1,0,0,3,0,5
42,4,7.1591624866584125,25159.23,301910.79,2,2230.5,206790.01,989099.29,468,480341.9,11.04,60,0.0887,1.591,Male,Single,Post Graduate,Government,Vehicle Loan,0,1,2,3,1,6
31,4,23.59558647760813,10000.0,120000.0,3,888.51,136063.46,645530.21,615,519279.29,8.03,120,0.0889,4.3273,Male,Married,PhD,Business,Agricultural Loan,0,1,1,2,0,0
47,1,13.038427512342333,21347.83,256173.98,0,9162.49,454038.42,1814897.06,671,305859.14,8.77,120,0.4292,1.194,Female,Married,High School,Student,Education Loan,0,0,1,1,4,2
23,3,9.906516631332739,40019.93,480239.19,2,17466.95,432220.48,1544000.54,882,375779.18,10.21,12,0.4365,0.7825,Female,Married,Graduate,Business,Business Loan,0,0,1,0,0,1
37,0,27.156652411206526,54894.3,658731.62,2,12766.92,709912.78,3117853.02,455,1048061.11,7.77,84,0.2326,1.591,Male,Divorced,High School,Salaried,Home Loan,1,1,0,1,2,4
64,1,4.506538427143817,34628.14,415537.71,0,1794.11,38302.58,47251.4,312,442319.48,13.96,240,0.0518,1.0645,Male,Divorced,Post Graduate,Salaried,Home Loan,0,1,0,3,2,4
48,0,7.915064821918428,27244.54,326934.47,3,12044.34,48118.69,71116.69,807,231924.42,8.16,84,0.4421,0.7094,Female,Divorced,High School,Business,Education Loan,0,0,0,1,0,2
49,0,10.342971374395503,143763.75,1725165.0,0,35007.66,420752.16,954455.95,764,327472.23,12.47,48,0.2435,0.1898,Female,Single,Post Graduate,Student,Personal Loan,0,0,2,3,4,5
41,0,7.795544566452679,29042.29,348507.48,2,6371.33,495951.24,2147453.74,519,411571.13,12.81,240,0.2194,1.181,Male,Married,High School,Student,Home Loan,0,1,1,1,4,4
36,0,17.56209123663315,52435.53,629226.31,0,10679.99,638790.63,1845421.51,314,244260.6,13.96,36,0.2037,0.3882,Male,Married,High School,Government,Education Loan,0,1,1,1,1,2
57,3,18.03093334508792,16300.79,195609.46,0,2975.01,88645.44,267203.87,416,306702.25,10.0,48,0.1825,1.5679,Female,Single,High School,Salaried,Home Loan,1,0,2,1,2,4
40,4,1.6424691745084863,18880.77,226569.26,2,4965.69,276221.66,529533.98,630,198821.87,13.12,48,0.263,0.8775,Male,Single,Post Graduate,Business,Personal Loan,0,1,2,3,0,5
26,4,4.335871921944728,53551.3,642615.61,1,16186.98,724339.15,2602948.9,355,315500.69,13.7,48,0.3023,0.491,Male,Married,Graduate,Government,Business Loan,1,1,1,0,1,1
39,3,5.955862691380346,67964.23,815570.72,3,15850.35,206773.27,941101.38,650,1124633.0,8.21,84,0.2332,1.379,Female,Married,Post Graduate,Self-employed,Vehicle Loan,0,0,1,3,3,6
25,4,2.1098420554506045,28743.58,344923.01,2,12886.44,452122.03,1048044.58,431,459875.7,10.36,120,0.4483,1.3333,Male,Single,Graduate,Government,Agricultural Loan,1,1,2,0,1,0
23,1,3.742859678979391,11977.9,143734.8,1,1902.46,223322.7,776435.82,525,3169408.44,7.42,240,0.1588,22.0504,Female,Single,Graduate,Self-employed,Education Loan,1,0,2,0,3,2
21,0,7.189541669568676,32842.07,394104.84,0,9496.48,249295.99,580310.17,607,240123.27,11.35,36,0.2892,0.6093,Female,Married,Graduate,Self-employed,Business Loan,0,0,1,0,3,1
58,0,10.36861822163307,40686.17,488234.05,1,6101.99,684025.83,2852987.23,774,652388.55,11.07,180,0.15,1.3362,Male,Married,Graduate,Government,Home Loan,0,1,1,0,1,4
35,0,23.739270361877008,38533.79,462405.49,2,14514.72,215540.64,625033.15,521,528482.33,8.43,180,0.3767,1.1429,Female,Single,Graduate,Salaried,Personal Loan,1,0,2,0,2,5
54,2,6.537152366679746,25899.17,310790.04,2,1322.43,476668.08,1123924.26,472,744413.25,12.59,12,0.0511,2.3952,Female,Married,PhD,Government,Business Loan,0,0,1,2,1,1
55,1,20.10077494330045,33132.49,397589.83,0,3126.03,727947.42,1951041.33,639,272432.09,7.26,60,0.0943,0.6852,Female,Single,Graduate,Government,Home Loan,0,0,2,0,1,4
45,2,1.7364305875417307,23158.89,277906.65,2,9277.47,258521.36,352858.41,805,329465.81,12.64,60,0.4006,1.1855,Male,Married,PhD,Salaried,Personal Loan,0,1,1,2,2,5
44,3,19.747227789112223,18636.87,223642.42,4,1707.11,123493.63,551333.42,456,612806.57,7.19,180,0.0916,2.7401,Female,Divorced,Post Graduate,Salaried,Personal Loan,1,0,0,3,2,5
32,2,23.841576169656232,57148.08,685776.99,1,17880.1,581828.29,2811555.02,450,295452.87,11.6,180,0.3129,0.4308,Male,Divorced,Post Graduate,Salaried,Personal Loan,0,1,0,3,2,5
38,4,18.144238465338898,38510.22,462122.66,4,18682.15,260012.62,756547.46,477,107068.54,7.55,24,0.4851,0.2317,Female,Married,PhD,Salaried,Personal Loan,1,0,1,2,2,5
35,4,6.041768711246505,33176.26,398115.13,4,8673.78,34121.97,64331.82,832,1262193.0,8.76,36,0.2614,3.1704,Female,Single,High School,Salaried,Education Loan,0,0,2,1,2,2
64,1,9.912240415872182,26788.05,321456.66,1,2509.99,427550.81,1564247.98,411,900293.46,12.05,24,0.0937,2.8007,Female,Divorced,Graduate,Salaried,Business Loan,1,0,0,0,2,1
36,2,24.15544046583786,32594.4,391132.84,2,5226.37,64475.4,181145.32,437,316883.72,8.96,12,0.1603,0.8102,Female,Single,PhD,Government,Vehicle Loan,0,0,2,2,1,6
47,2,12.959156774737684,39982.21,479786.51,1,16461.84,233455.6,469059.07,532,526840.83,10.58,24,0.4117,1.0981,Female,Divorced,Post Graduate,Business,Education Loan,1,0,0,3,0,2
28,0,7.657039437851178,102458.07,1229496.87,0,18015.25,1804936.22,2082413.71,631,990004.17,13.41,84,0.1758,0.8052,Male,Divorced,Post Graduate,Business,Home Loan,0,1,0,3,0,4
45,1,27.98074609726617,53783.51,645402.07,4,19456.49,877299.08,3999446.66,841,1296756.87,7.35,12,0.3618,2.0092,Male,Divorced,Post Graduate,Business,Education Loan,0,1,0,3,0,2
37,0,19.120645698317716,24348.23,292178.79,4,9463.55,65413.11,273880.59,606,480896.55,12.68,84,0.3887,1.6459,Female,Married,Post Graduate,Government,Education Loan,0,0,1,3,1,2
49,1,24.171441316446593,24502.78,294033.33,2,6140.19,396485.79,1711242.27,460,276983.3,7.46,12,0.2506,0.942,Female,Married,PhD,Salaried,Home Loan,1,0,1,2,2,4
28,1,0.7350565471891335,22314.49,267773.83,1,8738.5,499916.39,1379448.76,701,1427470.8,7.89,24,0.3916,5.3309,Male,Single,High School,Self-employed,Vehicle Loan,0,1,2,1,3,6
35,2,10.180097494892994,32198.9,386386.84,3,5101.96,87373.55,350631.95,889,477240.29,7.84,180,0.1585,1.2351,Female,Married,Post Graduate,Salaried,Education Loan,0,0,1,3,2,2
47,0,13.766907071489909,22304.17,267650.09,2,5756.26,235550.58,783182.36,577,393266.03,13.96,84,0.2581,1.4693,Female,Single,High School,Student,Personal Loan,1,0,2,1,4,5
27,3,17.62264662407289,48285.87,579430.44,2,16575.53,858376.92,2145170.77,619,546107.21,8.26,240,0.3433,0.9425,Male,Divorced,Graduate,Salaried,Education Loan,0,1,0,0,2,2
23,0,5.699156594103933,10000.0,120000.0,2,840.37,163576.29,714986.79,832,1114349.49,13.28,12,0.084,9.2862,Female,Married,High School,Business,Agricultural Loan,0,0,1,1,0,0
49,3,14.938606581575511,50066.18,600794.15,1,6849.6,310898.08,1552945.28,796,428892.26,13.94,60,0.1368,0.7139,Male,Divorced,Post Graduate,Salaried,Home Loan,0,1,0,3,2,4
64,4,20.568761030690627,42839.96,514079.47,2,13966.61,203513.24,935576.66,662,973642.44,9.69,120,0.326,1.894,Female,Single,PhD,Salaried,Agricultural Loan,0,0,2,2,2,0
44,1,10.376281700760725,77469.96,929639.49,0,25385.36,1474848.34,6053910.09,671,374432.29,11.42,240,0.3277,0.4028,Male,Married,Graduate,Student,Vehicle Loan,0,1,1,0,4,6
23,0,20.74326609114177,61455.81,737469.77,0,15158.16,1413092.08,5638282.46,335,720171.23,12.45,240,0.2467,0.9765,Male,Married,PhD,Self-employed,Agricultural Loan,1,1,1,2,3,0
40,1,11.689621211155218,24095.52,289146.27,4,9585.02,449488.0,1618604.2,602,207218.55,9.75,48,0.3978,0.7167,Male,Divorced,PhD,Self-employed,Education Loan,0,1,0,2,3,2
35,0,14.083902071153236,57444.75,689336.97,4,13845.76,1330058.62,5871503.87,737,1040994.98,8.13,48,0.241,1.5101,Male,Married,High School,Business,Education Loan,0,1,1,1,0,2
45,4,4.028787017167998,32832.02,393984.23,1,14467.79,489686.11,1455506.27,331,257600.89,10.04,48,0.4407,0.6538,Female,Single,High School,Self-employed,Agricultural Loan,1,0,2,1,3,0
50,0,19.53823698185413,11377.76,136533.13,3,4186.47,254512.25,439521.8,485,638853.01,12.4,36,0.368,4.6791,Female,Married,High School,Business,Home Loan,1,0,1,1,0,4
34,4,6.728270640701162,39946.61,479359.35,4,6285.5,674299.66,2745882.35,473,134691.93,12.47,180,0.1573,0.281,Male,Divorced,Post Graduate,Government,Gold Loan,1,1,0,3,1,3
27,1,24.865503871412773,24970.44,299645.26,4,4934.83,546961.21,2558698.48,865,451283.7,8.61,60,0.1976,1.5061,Female,Single,Graduate,Student,Gold Loan,0,0,2,0,4,3
37,2,16.60330113140871,36320.33,435843.96,4,12125.3,171306.52,405210.0,549,514267.35,8.22,120,0.3338,1.1799,Female,Married,High School,Salaried,Business Loan,1,0,1,1,2,1
64,3,16.80770248845614,97818.59,1173823.05,4,43747.05,1932699.66,7985785.86,578,256514.21,13.44,84,0.4472,0.2185,Female,Divorced,Post Graduate,Student,Agricultural Loan,1,0,0,3,4,0
40,1,27.37429567241126,41559.11,498709.38,2,3713.49,229620.48,481029.84,301,405217.93,7.31,240,0.0894,0.8125,Female,Divorced,PhD,Self-employed,Education Loan,0,0,0,2,3,2
56,2,5.022081339284588,19724.15,236689.81,4,5075.65,32167.51,153451.94,493,545621.43,12.14,36,0.2573,2.3052,Male,Divorced,Graduate,Salaried,Business Loan,1,1,0,0,2,1
29,1,15.907040336329986,64773.32,777279.79,1,3847.03,835866.03,3120993.33,465,694269.1,7.32,84,0.0594,0.8932,Female,Divorced,PhD,Student,Personal Loan,1,0,0,2,4,5
58,1,11.466150313376628,45140.07,541680.81,2,6307.31,375555.92,1230735.8,409,479315.58,12.87,36,0.1397,0.8849,Female,Divorced,High School,Student,Education Loan,0,0,0,1,4,2
42,0,28.989722252990312,18377.88,220534.53,2,6303.44,36778.2,151507.08,679,1284596.3,13.34,24,0.343,5.8249,Female,Single,Graduate,Business,Business Loan,0,0,2,0,0,1
22,4,23.78142140544151,13853.0,166236.04,1,538.43,326196.68,1387289.91,882,1117505.85,9.08,36,0.0389,6.7224,Female,Divorced,Post Graduate,Government,Agricultural Loan,0,0,0,3,1,0
44,4,22.725025938871617,20203.22,242438.69,3,6690.89,329892.79,1507438.36,584,431707.3,7.52,24,0.3312,1.7807,Female,Divorced,Graduate,Student,Gold Loan,1,0,0,0,4,3
28,0,6.123640684040689,59980.88,719770.53,4,27015.72,1304085.04,6004631.06,720,152624.41,10.36,24,0.4504,0.212,Male,Married,Graduate,Salaried,Education Loan,0,1,1,0,2,2
31,0,7.119697375450685,30304.11,363649.35,0,14687.95,726659.28,879812.38,412,299640.6,9.09,120,0.4847,0.824,Female,Single,Graduate,Government,Personal Loan,1,0,2,0,1,5
33,1,0.8754248217548644,38127.29,457527.45,3,4129.8,381853.74,569584.66,527,74361.92,9.92,36,0.1083,0.1625,Female,Divorced,High School,Government,Vehicle Loan,1,0,0,1,1,6
37,4,19.156060858273676,16266.81,195201.74,4,6091.09,111573.27,480238.54,770,382122.34,11.65,180,0.3744,1.9576,Female,Married,PhD,Salaried,Education Loan,0,0,1,2,2,2
28,1,11.125061455145426,60957.45,731489.42,0,28234.59,318767.3,1525048.64,827,1357835.92,8.47,24,0.4632,1.8563,Female,Single,PhD,Government,Home Loan,0,0,2,2,1,4
41,2,9.361220831229987,10838.82,130065.89,2,495.17,139271.34,310670.83,795,833015.03,9.5,120,0.0457,6.4046,Male,Single,High School,Self-employed,Personal Loan,0,1,2,1,3,5
38,2,19.110936765327153,24508.46,294101.48,2,5073.54,366152.85,378751.17,330,472980.03,12.48,36,0.207,1.6082,Female,Divorced,High School,Government,Education Loan,1,0,0,1,1,2
50,0,24.860628457696357,46680.34,560164.05,2,21459.18,553895.95,1268876.34,461,247218.68,11.51,240,0.4597,0.4413,Female,Single,PhD,Business,Gold Loan,1,0,2,2,0,3
38,4,3.9908863797957848,18516.57,222198.81,4,1877.46,183439.86,464370.03,677,487889.11,9.28,120,0.1014,2.1957,Male,Married,High School,Government,Business Loan,0,1,1,1,1,1
51,2,27.559843617179045,52495.23,629942.75,1,24508.99,255665.88,1033946.96,745,2433842.84,11.65,240,0.4669,3.8636,Female,Single,High School,Student,Education Loan,0,0,2,1,4,2
58,4,1.0281368728893292,21557.6,258691.18,2,5682.5,240642.54,286446.12,726,1454479.82,12.36,24,0.2636,5.6225,Male,Divorced,High School,Government,Business Loan,0,1,0,1,1,1
52,4,2.8531902070540194,17402.3,208827.6,2,869.18,51521.11,95342.96,803,392292.81,11.15,84,0.0499,1.8785,Female,Divorced,High School,Business,Gold Loan,0,0,0,1,0,3
31,3,25.143844173659236,78581.32,942975.79,2,17675.98,1642042.91,7513782.04,826,135190.8,8.68,60,0.2249,0.1434,Female,Married,PhD,Business,Agricultural Loan,0,0,1,2,0,0
45,2,14.781114804526624,39829.3,477951.61,4,6497.38,82795.6,134069.39,831,2588209.9,7.0,24,0.1631,5.4152,Male,Single,Post Graduate,Government,Home Loan,0,1,2,3,1,4
53,2,28.177645628126314,49583.91,595006.91,0,6996.39,483684.06,1952628.02,881,246946.76,12.62,48,0.1411,0.415,Male,Married,Post Graduate,Self-employed,Vehicle Loan,0,1,1,3,3,6
58,1,13.849589897736617,66898.09,802777.12,3,18111.84,220975.84,540339.34,819,676075.66,12.76,48,0.2707,0.8422,Male,Single,PhD,Government,Gold Loan,0,1,2,2,1,3
61,1,27.783689578673254,10000.0,120000.0,2,2417.96,188245.51,687216.77,333,127137.76,11.88,180,0.2418,1.0595,Female,Single,Graduate,Salaried,Education Loan,1,0,2,0,2,2
28,4,7.1888887689208305,53149.8,637797.58,3,12808.23,435453.67,564080.59,789,341646.62,7.54,120,0.241,0.5357,Female,Single,Graduate,Business,Home Loan,0,0,2,0,0,4
31,0,18.493488683057294,23003.11,276037.37,1,1013.77,82844.08,177802.61,722,126724.83,11.1,60,0.0441,0.4591,Female,Single,Post Graduate,Government,Personal Loan,0,0,2,3,1,5
42,1,29.834040088372642,24895.35,298744.2,1,9987.0,329223.58,888626.76,767,174641.69,12.75,240,0.4012,0.5846,Male,Divorced,PhD,Self-employed,Education Loan,0,1,0,2,3,2
44,1,11.281884241729431,47214.89,566578.71,1,11365.55,1042239.07,4615921.02,323,211129.63,9.73,12,0.2407,0.3726,Male,Divorced,Post Graduate,Self-employed,Business Loan,1,1,0,3,3,1
61,4,0.043640535266386005,29207.35,350488.15,2,11988.24,639606.77,2081269.82,515,647972.56,8.39,48,0.4105,1.8488,Female,Married,Graduate,Self-employed,Agricultural Loan,1,0,1,0,3,0
37,2,1.9215661644611681,51881.25,622574.95,3,21390.5,349782.01,413057.98,354,409678.45,11.11,60,0.4123,0.658,Female,Single,Post Graduate,Student,Agricultural Loan,1,0,2,3,4,0
32,1,25.77178810640135,35436.38,425236.54,0,5619.06,621985.43,2616982.75,325,3874035.5,12.78,180,0.1586,9.1103,Male,Married,Post Graduate,Student,Business Loan,1,1,1,3,4,1
52,0,14.756569054640625,40172.0,482063.95,4,87.3,68153.25,83016.52,580,1095846.7,7.34,36,0.0022,2.2732,Male,Married,Post Graduate,Student,Agricultural Loan,1,1,1,3,4,0
35,4,16.101545951631124,27061.49,324737.91,3,12329.83,109127.94,516989.93,626,1115031.08,11.18,60,0.4556,3.4336,Female,Divorced,Graduate,Salaried,Business Loan,0,0,0,0,2,1
36,2,23.98278314027082,19168.82,230025.78,4,7290.81,239377.57,442099.19,485,661942.54,11.5,36,0.3803,2.8777,Female,Married,Graduate,Salaried,Agricultural Loan,1,0,1,0,2,0
42,3,24.347370262276915,23290.7,279488.41,3,1248.99,145832.35,430454.01,794,551745.18,11.22,120,0.0536,1.9741,Female,Married,PhD,Government,Personal Loan,0,0,1,2,1,5
48,0,14.322639239563697,34142.75,409712.99,2,11979.45,661004.4,852116.55,311,1145378.67,11.55,36,0.3509,2.7956,Female,Married,High School,Student,Business Loan,0,0,1,1,4,1
40,2,25.741823303051454,109353.72,1312244.63,0,1094.81,2451126.43,7958438.72,733,65842.64,11.42,120,0.01,0.0502,Male,Single,Graduate,Student,Business Loan,0,1,2,0,4,1
53,4,14.052748750190307,87828.72,1053944.65,2,1219.02,96582.28,288676.21,507,268936.67,7.91,24,0.0139,0.2552,Female,Single,High School,Salaried,Gold Loan,0,0,2,1,2,3
30,3,20.250641231220442,24539.08,294469.01,1,6451.61,155996.53,411985.93,432,148985.54,8.64,120,0.2629,0.5059,Male,Married,Post Graduate,Self-employed,Business Loan,1,1,1,3,3,1
60,0,1.0008549318464,37652.5,451829.99,0,1808.02,418308.98,477830.87,638,97984.9,11.33,240,0.048,0.2169,Female,Married,High School,Self-employed,Agricultural Loan,0,0,1,1,3,0
52,1,4.139981605851073,30557.52,366690.29,3,14733.87,426302.63,1925074.17,495,239197.35,7.12,60,0.4822,0.6523,Female,Single,PhD,Business,Home Loan,1,0,2,2,0,4
53,1,25.54260111760847,39267.79,471213.53,2,17549.39,866473.87,3648328.43,561,176622.49,11.44,84,0.4469,0.3748,Female,Single,Post Graduate,Government,Agricultural Loan,1,0,2,3,1,0
22,0,9.39355266912794,42418.83,509025.96,4,13782.13,912569.88,3223306.39,581,1150097.03,11.66,36,0.3249,2.2594,Male,Married,PhD,Government,Vehicle Loan,1,1,1,2,1,6
53,1,10.04231821783791,49836.8,598041.64,2,1587.53,780190.78,2565985.01,668,476063.07,8.67,60,0.0319,0.796,Female,Married,High School,Student,Education Loan,0,0,1,1,4,2
53,4,19.889735914168444,10000.0,120000.0,2,1624.18,69199.24,261558.31,402,88612.54,11.19,60,0.1624,0.7384,Male,Single,Post Graduate,Salaried,Home Loan,1,1,2,3,2,4
61,0,17.776144521898352,45247.34,542968.1,3,8409.74,860406.24,1355965.87,482,568771.03,10.74,36,0.1859,1.0475,Female,Single,Graduate,Government,Home Loan,1,0,2,0,1,4
33,0,2.4656592194696603,28585.29,343023.43,3,6873.04,161821.04,765506.88,722,196859.44,8.82,180,0.2404,0.5739,Female,Single,High School,Self-employed,Vehicle Loan,0,0,2,1,3,6
50,1,22.9729510275448,23790.4,285484.75,1,2009.13,551912.53,1180371.55,308,465020.23,10.24,84,0.0845,1.6289,Male,Single,High School,Salaried,Business Loan,1,1,2,1,2,1
53,0,18.516672885291555,58486.66,701839.94,0,16888.36,66342.48,240555.24,856,606207.34,13.37,36,0.2888,0.8637,Female,Married,Post Graduate,Student,Gold Loan,0,0,1,3,4,3
33,3,25.65995558570013,87561.32,1050735.86,2,19078.33,1235028.07,4232469.26,543,242707.94,9.99,12,0.2179,0.231,Male,Single,Post Graduate,Student,Business Loan,0,1,2,3,4,1
46,0,16.064907301468825,54907.32,658887.8,4,26006.77,166541.4,590631.72,866,526437.49,11.41,12,0.4736,0.799,Male,Single,PhD,Government,Business Loan,0,1,2,2,1,1
42,1,12.429745079506189,26605.39,319264.66,3,12453.92,276025.29,1246477.36,692,610271.21,7.25,24,0.4681,1.9115,Male,Single,Graduate,Government,Vehicle Loan,0,1,2,0,1,6
59,1,11.140213731698118,19041.89,228502.69,3,5383.85,297119.6,648803.68,826,387931.17,7.54,60,0.2827,1.6977,Female,Divorced,High School,Business,Vehicle Loan,0,0,0,1,0,6
22,1,0.13256778737996466,10000.0,120000.0,1,3221.75,168607.65,673721.24,336,248774.05,7.57,120,0.3222,2.0731,Female,Divorced,Graduate,Government,Agricultural Loan,1,0,0,0,1,0
58,1,1.1935266793406851,40518.32,486219.89,0,2791.64,772607.37,2621892.74,477,443526.99,12.45,12,0.0689,0.9122,Male,Single,Graduate,Government,Vehicle Loan,1,1,2,0,1,6
59,4,3.9363427584197996,51400.83,616810.0,1,5739.5,752844.22,981890.54,371,395699.81,9.45,12,0.1117,0.6415,Female,Married,Graduate,Self-employed,Business Loan,0,0,1,0,3,1
46,1,27.886121602887314,34162.43,409949.21,3,15385.32,231633.09,615360.8,651,569900.25,8.59,48,0.4504,1.3902,Female,Single,Post Graduate,Self-employed,Personal Loan,0,0,2,3,3,5
35,3,26.419515970267067,63592.3,763107.64,4,22230.79,1364234.53,5936884.41,448,358248.29,12.23,84,0.3496,0.4695,Female,Single,Graduate,Salaried,Agricultural Loan,1,0,2,0,2,0
54,0,14.915890649849235,16446.79,197361.53,1,1557.76,323269.48,731038.22,404,170481.86,8.19,240,0.0947,0.8638,Male,Single,PhD,Government,Agricultural Loan,1,1,2,2,1,0
62,2,5.405891802475584,32769.6,393235.24,2,9342.78,153401.17,449320.56,520,386463.53,8.73,12,0.2851,0.9828,Male,Single,Graduate,Government,Business Loan,1,1,2,0,1,1
64,2,4.3833408174439406,31251.4,375016.79,3,14606.3,625332.91,1847580.02,673,574549.84,10.02,60,0.4674,1.5321,Female,Divorced,Post Graduate,Student,Education Loan,0,0,0,3,4,2
60,4,7.6839178083235185,33993.85,407926.15,3,5866.85,794464.19,2758411.02,817,513039.65,9.32,240,0.1726,1.2577,Male,Single,Post Graduate,Self-employed,Vehicle Loan,0,1,2,3,3,6
31,2,27.261684867176747,73185.97,878231.62,1,6799.72,1145802.43,5197441.68,559,404844.77,11.1,180,0.0929,0.461,Female,Single,Graduate,Student,Education Loan,0,0,2,0,4,2
23,1,15.644041771067547,34101.43,409217.19,4,16062.21,255130.55,432231.16,598,299751.66,9.36,120,0.471,0.7325,Female,Divorced,PhD,Government,Business Loan,1,0,0,2,1,1
26,2,24.121255348550104,30428.18,365138.2,1,7017.73,454951.79,1373257.2,341,287600.02,9.75,24,0.2306,0.7876,Female,Single,High School,Self-employed,Business Loan,0,0,2,1,3,1
29,3,15.20263063433465,20701.97,248423.58,4,4318.86,183798.39,495716.96,791,312501.98,13.04,240,0.2086,1.2579,Female,Married,High School,Government,Vehicle Loan,0,0,1,1,1,6
26,1,18.283419533140524,80591.44,967097.24,3,10781.81,1333527.88,2911998.64,738,1046464.77,13.19,180,0.1338,1.0821,Female,Divorced,PhD,Business,Gold Loan,0,0,0,2,0,3
29,2,18.30307845201705,15387.06,184644.74,1,6859.44,208193.08,974017.32,346,207257.96,12.79,240,0.4458,1.1225,Female,Single,Post Graduate,Student,Gold Loan,1,0,2,3,4,3
59,1,0.9401332922097894,26061.13,312733.6,0,11018.87,583203.45,602265.08,384,475818.46,13.05,240,0.4228,1.5215,Male,Married,Graduate,Self-employed,Vehicle Loan,1,1,1,0,3,6
51,4,13.358055540957315,100344.27,1204131.23,1,20218.89,1526426.63,2271962.66,357,161716.76,10.99,240,0.2015,0.1343,Female,Single,High School,Self-employed,Home Loan,1,0,2,1,3,4
52,3,25.921471110859184,48095.6,577147.2,1,736.18,284801.88,1120233.4,508,815686.88,11.52,36,0.0153,1.4133,Male,Single,High School,Government,Education Loan,0,1,2,1,1,2
61,0,14.672958956892048,35878.52,430542.22,0,8012.6,634243.47,1302587.95,547,288108.9,10.9,120,0.2233,0.6692,Male,Married,Graduate,Government,Gold Loan,0,1,1,0,1,3
32,1,13.060062639823306,36791.25,441494.96,0,3327.0,291394.08,1134314.7,510,228549.85,12.5,12,0.0904,0.5177,Female,Married,High School,Salaried,Personal Loan,0,0,1,1,2,5
28,3,15.79636722725929,20582.02,246984.25,2,1468.88,149528.22,647309.81,338,525633.16,10.86,240,0.0714,2.1282,Male,Married,High School,Salaried,Home Loan,1,1,1,1,2,4
28,4,11.42301113810491,34852.62,418231.47,0,6850.17,348904.8,704251.81,551,61784.11,7.78,240,0.1965,0.1477,Female,Single,Post Graduate,Student,Agricultural Loan,0,0,2,3,4,0
48,4,15.461999026477374,29439.14,353269.73,4,1458.37,37562.1,66401.42,712,156438.52,12.67,36,0.0495,0.4428,Male,Married,High School,Self-employed,Gold Loan,0,1,1,1,3,3
40,3,4.060344483118939,40448.19,485378.27,2,19363.85,942047.84,1489568.43,745,590501.39,12.32,60,0.4787,1.2166,Female,Married,High School,Government,Home Loan,0,0,1,1,1,4
27,2,29.038403562065245,14709.59,176515.12,4,349.64,194808.2,350723.81,351,996181.63,12.74,180,0.0238,5.6436,Female,Single,Post Graduate,Student,Business Loan,1,0,2,3,4,1
31,3,1.023898199521447,46106.59,553279.1,2,9252.89,866359.44,1792273.77,673,634599.81,8.33,84,0.2007,1.147,Male,Single,High School,Self-employed,Education Loan,0,1,2,1,3,2
40,2,14.496222927175548,66834.71,802016.5,2,5437.09,463204.7,2072840.7,825,494620.64,8.9,240,0.0814,0.6167,Female,Single,Post Graduate,Government,Business Loan,0,0,2,3,1,1
36,2,6.299775971736999,32135.16,385621.95,4,11067.53,583967.15,2382596.29,455,3042856.67,9.07,36,0.3444,7.8908,Female,Single,Graduate,Salaried,Business Loan,1,0,2,0,2,1
24,3,1.7506741779270452,53544.0,642528.01,3,2109.94,752021.29,757569.15,841,655478.13,10.56,120,0.0394,1.0202,Male,Divorced,High School,Self-employed,Home Loan,0,1,0,1,3,4
26,4,19.551161355818746,43748.29,524979.46,3,11960.9,470526.66,2115712.12,389,191834.76,7.94,84,0.2734,0.3654,Female,Single,High School,Government,Personal Loan,1,0,2,1,1,5
42,0,29.555437751911228,25219.07,302628.9,1,9748.45,588244.81,773688.51,650,1004227.79,9.7,60,0.3866,3.3183,Male,Married,PhD,Student,Agricultural Loan,0,1,1,2,4,0
46,0,22.488148621538002,19242.65,230911.83,3,9140.84,237808.5,861119.45,368,264917.1,8.28,48,0.475,1.1473,Female,Married,PhD,Student,Home Loan,1,0,1,2,4,4
23,3,7.620620021513934,20930.59,251167.06,1,7310.3,337433.47,541884.09,462,251050.62,8.85,60,0.3493,0.9995,Female,Single,PhD,Business,Business Loan,1,0,2,2,0,1
61,1,14.80167187473414,43292.54,519510.44,3,2153.63,58569.19,73158.97,541,146569.31,11.94,48,0.0497,0.2821,Male,Married,Post Graduate,Self-employed,Agricultural Loan,1,1,1,3,3,0
62,3,1.4934466793598256,35112.52,421350.19,1,1554.09,278564.08,1125143.39,794,318337.83,12.98,36,0.0443,0.7555,Female,Married,High School,Student,Gold Loan,0,0,1,1,4,3
34,0,15.950107736666068,78046.17,936554.0,1,28549.21,1673302.48,4800391.0,682,165446.64,7.16,120,0.3658,0.1767,Male,Divorced,High School,Self-employed,Agricultural Loan,0,1,0,1,3,0
31,3,2.9838959446289683,58367.94,700415.3,0,6284.17,1077242.13,3658583.65,351,691030.81,10.96,84,0.1077,0.9866,Male,Divorced,PhD,Student,Personal Loan,0,1,0,2,4,5
38,4,23.838229286613903,58294.96,699539.57,1,13035.9,777966.28,2101607.51,362,400179.14,7.25,48,0.2236,0.5721,Male,Single,Post Graduate,Self-employed,Business Loan,1,1,2,3,3,1
32,0,1.7011919699304245,42525.05,510300.54,4,20765.43,922949.69,1170934.69,808,148930.77,7.6,240,0.4883,0.2918,Female,Divorced,PhD,Self-employed,Education Loan,0,0,0,2,3,2
43,0,0.28082897701742326,20387.57,244650.83,4,8357.95,248383.22,983218.17,591,414639.74,11.94,12,0.41,1.6948,Male,Married,High School,Self-employed,Gold Loan,1,1,1,1,3,3
32,0,25.846711157445394,44143.62,529723.38,1,18685.85,619320.02,2651559.51,390,979762.04,12.15,12,0.4233,1.8496,Male,Single,Post Graduate,Business,Education Loan,1,1,2,3,0,2
33,4,28.276266333265323,37733.81,452805.77,4,16240.07,369395.76,430598.05,723,1619793.29,12.7,240,0.4304,3.5772,Female,Single,PhD,Salaried,Business Loan,0,0,2,2,2,1
45,0,2.5966207545007594,18342.41,220108.93,3,5681.98,279922.07,700608.22,664,105694.45,10.32,120,0.3098,0.4802,Male,Married,High School,Self-employed,Vehicle Loan,0,1,1,1,3,6
39,1,8.367499772238562,75054.48,900653.78,4,27917.79,625731.86,2020654.71,449,237357.72,13.02,24,0.372,0.2635,Female,Married,PhD,Salaried,Gold Loan,1,0,1,2,2,3
56,0,22.250918349975414,70359.54,844314.45,0,12628.16,694189.72,2374638.15,570,157711.04,8.17,60,0.1795,0.1868,Male,Married,Graduate,Salaried,Home Loan,0,1,1,0,2,4
28,3,16.18960395795331,18279.04,219348.52,4,9125.32,424540.0,1406336.19,880,587035.66,8.75,48,0.4992,2.6763,Female,Married,Post Graduate,Salaried,Education Loan,1,0,1,3,2,2
49,1,28.477104388077382,24768.38,297220.54,3,3462.89,88177.9,332586.09,415,143325.23,7.94,12,0.1398,0.4822,Female,Divorced,Graduate,Student,Home Loan,1,0,0,0,4,4
52,2,11.675400331338446,26108.86,313306.28,3,7702.21,89315.08,434720.15,815,1032391.01,12.58,240,0.295,3.2951,Female,Married,Graduate,Government,Agricultural Loan,0,0,1,0,1,0
64,0,0.09968667852516377,52360.67,628327.98,1,7384.47,104525.94,267831.64,886,1158868.12,8.6,84,0.141,1.8444,Female,Single,Post Graduate,Salaried,Agricultural Loan,0,0,2,3,2,0
38,2,0.5923691840865064,48865.9,586390.81,2,2738.23,408568.97,1318245.43,540,851278.8,8.09,84,0.056,1.4517,Female,Divorced,Graduate,Self-employed,Business Loan,0,0,0,0,3,1
26,2,16.945633681224546,37296.11,447553.33,3,10584.37,378901.35,1438428.71,329,249239.63,11.36,48,0.2838,0.5569,Female,Single,PhD,Government,Personal Loan,1,0,2,2,1,5
38,4,22.563161936338716,42800.9,513610.78,1,7561.82,135844.05,457753.06,442,262116.53,7.54,24,0.1767,0.5103,Male,Married,High School,Student,Education Loan,0,1,1,1,4,2
39,3,23.718510539089845,16771.24,201254.86,1,4890.65,228592.19,582225.25,625,307024.31,7.31,180,0.2916,1.5255,Male,Married,Post Graduate,Business,Education Loan,0,1,1,3,0,2
42,3,27.345511172609726,45652.64,547831.71,4,12752.57,658125.53,2301015.59,315,1070953.69,7.75,180,0.2793,1.9549,Female,Single,PhD,Salaried,Personal Loan,1,0,2,2,2,5
57,2,6.872236226498702,34182.49,410189.87,4,9267.84,624637.61,2248974.05,410,113729.05,7.0,36,0.2711,0.2773,Male,Single,High School,Salaried,Personal Loan,1,1,2,1,2,5
52,4,22.152177161070867,24162.91,289954.92,1,1489.66,566554.19,1892219.57,406,602533.95,11.88,120,0.0617,2.078,Female,Married,Graduate,Student,Personal Loan,1,0,1,0,4,5
61,1,24.81294285740593,14479.6,173755.23,0,3186.82,220743.02,401850.0,678,209659.69,10.94,120,0.2201,1.2066,Male,Divorced,Post Graduate,Self-employed,Business Loan,0,1,0,3,3,1
23,0,25.088260543434476,36907.74,442892.94,1,14984.62,131685.67,398207.66,461,316305.37,8.47,60,0.406,0.7142,Female,Married,Graduate,Self-employed,Personal Loan,1,0,1,0,3,5
48,1,12.346307066871193,44989.12,539869.43,4,7089.01,136589.56,619765.17,582,797242.96,8.63,60,0.1576,1.4767,Male,Divorced,High School,Government,Agricultural Loan,1,1,0,1,1,0
30,0,18.779490202725942,13075.7,156908.41,3,2901.7,246916.02,1104802.91,568,131615.88,12.68,180,0.2219,0.8388,Male,Married,Post Graduate,Government,Vehicle Loan,1,1,1,3,1,6
55,2,16.546959103300605,36720.54,440646.52,0,9066.88,585974.86,2345746.27,783,354267.51,10.51,48,0.2469,0.804,Female,Divorced,PhD,Self-employed,Education Loan,0,0,0,2,3,2
49,4,17.92457804305432,39079.13,468949.56,2,16857.39,184611.03,699450.94,372,399085.24,11.89,12,0.4314,0.851,Male,Married,Graduate,Business,Business Loan,1,1,1,0,0,1
35,4,8.460937077811439,26041.91,312502.87,3,8536.53,177795.37,286804.65,496,429375.08,10.17,12,0.3278,1.374,Female,Single,PhD,Self-employed,Business Loan,1,0,2,2,3,1
53,3,20.497033449195985,45610.94,547331.3,4,2285.17,832651.87,2362948.32,542,407361.04,8.66,240,0.0501,0.7443,Female,Single,PhD,Business,Agricultural Loan,1,0,2,2,0,0
27,3,21.30051930783739,33536.93,402443.18,3,14507.59,470240.87,678936.23,897,690607.3,13.79,48,0.4326,1.716,Male,Married,PhD,Student,Vehicle Loan,0,1,1,2,4,6
32,1,5.878451531817648,43040.75,516488.99,3,17906.37,622154.09,2656061.55,558,308170.46,10.96,12,0.416,0.5967,Male,Married,Post Graduate,Business,Agricultural Loan,1,1,1,3,0,0
50,3,13.308973157904887,50038.51,600462.1,4,18855.66,291734.48,631363.84,448,592611.04,7.92,24,0.3768,0.9869,Male,Divorced,Graduate,Student,Vehicle Loan,1,1,0,0,4,6
41,0,12.66316728843808,50055.32,600663.88,3,11664.34,774272.44,3149324.86,689,576004.68,9.84,120,0.233,0.9589,Female,Divorced,PhD,Salaried,Agricultural Loan,0,0,0,2,2,0
51,4,22.468519451653478,66842.36,802108.32,1,25318.06,1251586.95,5329652.19,715,556184.22,9.31,24,0.3788,0.6934,Male,Married,High School,Self-employed,Home Loan,0,1,1,1,3,4
44,4,19.99509180748116,44488.91,533866.86,0,10649.36,950318.66,4342941.43,725,674867.03,8.5,12,0.2394,1.2641,Male,Divorced,Post Graduate,Government,Education Loan,0,1,0,3,1,2
40,2,14.285874916929128,27276.36,327316.28,4,10046.2,489460.54,1965340.86,516,554412.53,13.53,240,0.3683,1.6938,Male,Single,PhD,Salaried,Education Loan,1,1,2,2,2,2
57,2,19.575939292199877,24620.28,295443.42,0,10834.28,351002.54,1143887.79,385,411787.15,13.17,60,0.4401,1.3938,Male,Single,PhD,Government,Business Loan,1,1,2,2,1,1
24,1,7.885848156518,19187.51,230250.1,1,8543.64,316305.39,1073141.84,515,160306.39,8.39,48,0.4453,0.6962,Male,Married,Graduate,Business,Education Loan,1,1,1,0,0,2
48,2,6.9704364722262335,39763.62,477163.48,4,9037.85,483428.78,1103343.58,722,1310277.42,9.47,48,0.2273,2.746,Male,Single,PhD,Self-employed,Education Loan,0,1,2,2,3,2
64,0,7.197589582618637,80240.77,962889.25,1,34477.16,498990.04,852267.38,619,1716332.81,12.34,12,0.4297,1.7825,Female,Divorced,PhD,Self-employed,Personal Loan,0,0,0,2,3,5
40,3,0.884930260194392,29287.86,351454.34,2,1485.73,623560.85,949399.34,417,331861.93,8.46,36,0.0507,0.9443,Male,Married,PhD,Self-employed,Agricultural Loan,0,1,1,2,3,0
44,3,20.73228784081944,47560.84,570730.04,2,2421.31,630196.34,1089038.56,714,637383.17,11.14,12,0.0509,1.1168,Female,Single,Graduate,Salaried,Gold Loan,0,0,2,0,2,3
52,1,29.5754426148928,23124.13,277489.58,2,6339.1,339215.31,1606458.42,898,285474.99,11.9,60,0.2741,1.0288,Female,Married,PhD,Student,Home Loan,0,0,1,2,4,4
61,3,9.270964246536685,40818.18,489818.21,0,13303.56,970350.49,1608582.04,339,248655.62,11.58,60,0.3259,0.5076,Male,Single,High School,Business,Home Loan,1,1,2,1,0,4
56,4,27.895000851853432,77312.29,927747.54,2,5914.15,1828850.22,7123279.75,460,462431.01,11.94,240,0.0765,0.4984,Female,Single,Post Graduate,Salaried,Personal Loan,1,0,2,3,2,5
54,3,18.196278281127405,54816.62,657799.49,2,12941.66,794027.17,1380427.48,836,4180597.2,11.95,180,0.2361,6.3554,Male,Single,PhD,Salaried,Agricultural Loan,0,1,2,2,2,0
56,2,6.7480279602324185,14150.61,169807.28,1,667.64,25202.47,123521.32,719,1585289.52,13.75,60,0.0472,9.3358,Female,Single,Graduate,Student,Vehicle Loan,0,0,2,0,4,6
22,4,0.35593911430401914,51144.84,613738.08,3,15397.14,517145.6,1275455.91,394,1406235.55,9.43,60,0.301,2.2913,Male,Married,High School,Government,Gold Loan,1,1,1,1,1,3
35,2,21.71194285562254,52561.3,630735.65,3,22472.43,1185664.52,3140286.69,741,669989.64,13.15,120,0.4275,1.0622,Female,Single,Post Graduate,Government,Home Loan,0,0,2,3,1,4
54,2,20.897227049762108,40299.41,483592.96,2,14863.21,307526.9,805119.67,857,212347.62,7.15,24,0.3688,0.4391,Male,Single,Graduate,Self-employed,Vehicle Loan,0,1,2,0,3,6
56,1,6.877599983805847,54204.18,650450.13,3,10252.49,1299988.54,5545538.88,765,1014039.61,9.02,120,0.1891,1.559,Male,Single,Graduate,Salaried,Agricultural Loan,0,1,2,0,2,0
26,1,9.98115267416977,22024.24,264290.84,2,10943.77,64735.91,121260.85,587,50000.0,7.34,12,0.4969,0.1892,Male,Married,Post Graduate,Student,Education Loan,1,1,1,3,4,2
59,4,26.941402179484925,37720.46,452645.5,2,12503.11,530599.59,2294365.12,711,604828.2,11.56,60,0.3315,1.3362,Female,Single,Post Graduate,Student,Business Loan,0,0,2,3,4,1
62,3,4.716999331044962,70693.18,848318.14,0,28816.25,908784.51,3297284.16,699,1064805.12,7.71,84,0.4076,1.2552,Male,Single,Graduate,Government,Gold Loan,0,1,2,0,1,3
32,0,25.063316043657334,66967.97,803615.61,4,22424.14,460278.68,865839.74,827,499412.36,12.92,12,0.3348,0.6215,Female,Single,High School,Student,Gold Loan,0,0,2,1,4,3
23,3,5.0767032755323775,50454.49,605453.86,3,24960.25,1151268.69,1452475.33,317,1668604.0,11.53,240,0.4947,2.756,Male,Married,High School,Government,Business Loan,1,1,1,1,1,1
38,4,14.451814072154917,21379.82,256557.87,2,8780.26,325848.54,1335969.29,435,141391.77,7.2,240,0.4107,0.5511,Male,Single,High School,Government,Education Loan,1,1,2,1,1,2
60,0,14.968958631142566,19452.32,233427.87,3,5051.99,122457.24,229711.68,763,1592087.37,12.0,12,0.2597,6.8205,Female,Single,Post Graduate,Salaried,Home Loan,0,0,2,3,2,4
41,2,14.162689393077857,38899.09,466789.11,0,7135.64,382499.0,1742767.7,547,389972.16,13.03,48,0.1834,0.8354,Male,Married,PhD,Business,Agricultural Loan,0,1,1,2,0,0
35,2,8.637887072036667,40476.0,485712.03,0,13805.45,711903.13,1081481.32,300,1412153.25,11.63,180,0.3411,2.9074,Female,Divorced,Graduate,Self-employed,Gold Loan,1,0,0,0,3,3
53,0,7.600941866822327,34193.02,410316.29,2,10090.73,268313.5,929829.22,680,1000647.15,7.21,24,0.2951,2.4387,Male,Married,High School,Business,Personal Loan,0,1,1,1,0,5
55,2,21.994643069941798,22407.01,268884.09,3,7050.93,475721.89,1792840.5,808,1485491.73,13.01,180,0.3147,5.5247,Female,Divorced,PhD,Student,Personal Loan,1,0,0,2,4,5
46,3,8.270307095617333,47201.3,566415.56,3,8095.3,227061.82,824418.26,759,965472.03,12.13,240,0.1715,1.7045,Female,Divorced,Post Graduate,Business,Personal Loan,0,0,0,3,0,5
28,1,18.297461136159548,38797.04,465564.47,3,8316.7,274823.37,622232.88,804,769539.81,9.65,240,0.2144,1.6529,Male,Divorced,Graduate,Business,Business Loan,0,1,0,0,0,1
56,3,25.399190612539343,43212.91,518554.93,0,12058.49,187227.2,842914.47,775,1319721.12,9.3,12,0.279,2.545,Male,Divorced,PhD,Government,Gold Loan,0,1,0,2,1,3
50,2,25.111033342016455,51847.41,622168.92,1,21757.34,176079.68,718267.96,856,462491.51,10.36,240,0.4196,0.7434,Female,Divorced,Graduate,Salaried,Home Loan,0,0,0,0,2,4
43,1,5.014542244434551,30816.64,369799.7,1,11755.15,243675.03,740973.22,331,716313.62,13.07,48,0.3815,1.937,Male,Married,Post Graduate,Student,Business Loan,0,1,1,3,4,1
62,3,19.64212928901104,27085.26,325023.13,3,1606.91,649534.65,2216973.55,417,441134.74,8.76,180,0.0593,1.3572,Female,Single,Post Graduate,Self-employed,Vehicle Loan,1,0,2,3,3,6
64,2,18.06837395446159,70582.62,846991.42,3,8665.93,223717.01,730544.52,483,255590.91,7.71,240,0.1228,0.3018,Female,Married,High School,Government,Home Loan,1,0,1,1,1,4
34,3,8.459535325289703,23053.78,276645.33,4,307.28,135995.39,650981.98,490,674385.38,13.05,36,0.0133,2.4377,Male,Married,Graduate,Self-employed,Vehicle Loan,1,1,1,0,3,6
34,2,11.743619429791192,27405.4,328864.84,2,109.08,198612.07,910766.01,373,517827.08,7.18,84,0.004,1.5746,Female,Single,Graduate,Salaried,Agricultural Loan,0,0,2,0,2,0
22,4,8.553390738878054,76156.73,913880.72,0,8543.85,1160627.2,2253925.42,402,1209332.84,13.38,36,0.1122,1.3233,Female,Single,PhD,Business,Gold Loan,1,0,2,2,0,3
57,0,16.111954802528587,26154.73,313856.8,4,10453.01,474524.04,973267.37,885,379343.15,9.14,12,0.3997,1.2087,Female,Married,Graduate,Business,Agricultural Loan,0,0,1,0,0,0
25,2,24.108821938605335,34229.03,410748.37,3,15484.32,626202.13,3084516.58,719,240733.75,10.56,84,0.4524,0.5861,Male,Married,Graduate,Salaried,Education Loan,0,1,1,0,2,2
58,3,26.325100091528114,28362.36,340348.28,1,5555.74,33995.9,66164.28,772,1195897.64,7.93,60,0.1959,3.5137,Male,Married,PhD,Student,Vehicle Loan,0,1,1,2,4,6
61,2,21.684707795931097,12457.36,149488.35,1,3507.98,199225.13,959053.29,413,465409.47,13.32,36,0.2816,3.1133,Male,Married,High School,Government,Vehicle Loan,1,1,1,1,1,6
34,2,14.50351083521819,33725.7,404708.39,4,11906.06,522982.67,1882222.38,678,234923.85,12.25,48,0.353,0.5805,Male,Single,Graduate,Business,Home Loan,0,1,2,0,0,4
59,3,28.742858507607423,19803.76,237645.08,1,9435.86,255588.43,306818.0,612,1344102.13,13.47,24,0.4765,5.6559,Female,Divorced,PhD,Salaried,Gold Loan,1,0,0,2,2,3
45,3,16.91637034435457,42308.71,507704.52,1,19312.49,411316.69,963677.49,629,928576.98,11.78,48,0.4565,1.829,Male,Married,Post Graduate,Government,Home Loan,0,1,1,3,1,4
40,1,14.356400661765466,70501.07,846012.79,2,2016.06,1363576.38,3960666.16,638,1941683.62,8.29,48,0.0286,2.2951,Male,Divorced,High School,Government,Gold Loan,0,1,0,1,1,3
22,2,25.703208689903292,10000.0,120000.0,3,1240.83,89092.58,385982.17,537,336808.0,9.16,36,0.1241,2.8067,Male,Divorced,PhD,Salaried,Agricultural Loan,1,1,0,2,2,0
59,4,5.538699862128197,28448.47,341381.69,4,699.04,178948.93,414148.97,472,301145.06,10.41,84,0.0246,0.8821,Male,Married,Graduate,Business,Vehicle Loan,1,1,1,0,0,6
26,0,4.736350358068165,47638.38,571660.52,0,14685.54,387404.28,868681.75,378,185487.49,11.25,12,0.3083,0.3245,Male,Married,High School,Student,Education Loan,0,1,1,1,4,2
37,2,23.476274142729658,10000.0,120000.0,0,3552.47,111119.02,520154.03,763,281102.88,13.49,240,0.3552,2.3425,Female,Single,High School,Business,Business Loan,0,0,2,1,0,1
45,3,26.117124911161874,80963.95,971567.35,3,12479.92,479575.35,631187.05,800,324782.79,9.69,36,0.1541,0.3343,Male,Divorced,High School,Business,Gold Loan,0,1,0,1,0,3
48,1,2.183243449652786,45612.42,547348.98,0,19473.12,683006.63,2189777.22,861,764059.67,11.92,36,0.4269,1.3959,Male,Married,Post Graduate,Business,Vehicle Loan,0,1,1,3,0,6
22,2,22.922583047906954,69558.8,834705.58,1,15748.56,1484162.98,4477656.01,584,210344.97,13.73,36,0.2264,0.252,Male,Married,PhD,Business,Business Loan,0,1,1,2,0,1
55,4,12.733851612436114,25890.5,310685.97,2,12924.3,380475.95,467733.94,522,260232.45,8.07,120,0.4992,0.8376,Male,Single,High School,Self-employed,Business Loan,1,1,2,1,3,1
57,3,21.11180469302278,27833.83,334005.98,4,5.56,313781.12,423929.86,892,1719124.73,13.04,180,0.0002,5.147,Female,Married,Graduate,Salaried,Education Loan,0,0,1,0,2,2
25,4,4.04908008194378,32972.8,395673.57,4,1805.09,637297.63,1611005.38,565,50000.0,9.94,24,0.0547,0.1264,Male,Divorced,Graduate,Student,Home Loan,1,1,0,0,4,4
21,4,29.19038257977251,130996.44,1571957.28,1,19766.92,2384775.57,3664553.16,672,649662.63,12.13,12,0.1509,0.4133,Female,Married,Graduate,Student,Home Loan,0,0,1,0,4,4
60,0,26.43840882179269,80086.55,961038.61,3,1021.41,756204.19,2202284.09,532,157576.56,9.05,60,0.0128,0.164,Male,Married,High School,Self-employed,Gold Loan,1,1,1,1,3,3
32,0,12.179175848037753,39316.86,471802.28,2,15379.56,585645.41,2012017.32,535,232303.11,9.34,180,0.3912,0.4924,Female,Single,Graduate,Student,Gold Loan,0,0,2,0,4,3
56,2,26.800764784000645,42304.18,507650.1,0,1116.23,752438.38,2833371.98,613,1381512.39,7.19,36,0.0264,2.7214,Male,Divorced,High School,Self-employed,Gold Loan,0,1,0,1,3,3
43,0,26.847771814123515,53153.66,637843.95,4,19905.51,353240.9,1125383.21,679,468485.88,13.8,84,0.3745,0.7345,Female,Divorced,PhD,Self-employed,Home Loan,0,0,0,2,3,4
51,2,13.837590747450582,152501.99,1830023.82,4,4008.4,1437224.34,3619850.8,862,3706730.83,12.69,36,0.0263,2.0255,Female,Divorced,High School,Student,Gold Loan,0,0,0,1,4,3
31,2,28.406565058083455,45689.87,548278.43,3,5773.54,156846.45,238255.17,719,730474.87,7.66,84,0.1264,1.3323,Male,Married,High School,Student,Vehicle Loan,0,1,1,1,4,6
30,3,29.30571376749857,37330.86,447970.33,2,15702.79,885362.83,1761820.38,351,227808.56,14.0,48,0.4206,0.5085,Female,Married,PhD,Business,Business Loan,1,0,1,2,0,1
23,3,6.516382169210885,29638.84,355666.09,0,14094.68,88181.06,236121.26,808,691204.64,11.24,120,0.4755,1.9434,Female,Married,Graduate,Self-employed,Personal Loan,0,0,1,0,3,5
34,1,2.000000389368024,41812.44,501749.26,4,8666.18,203958.6,957883.0,504,1092498.61,12.98,12,0.2073,2.1774,Male,Divorced,High School,Government,Personal Loan,1,1,0,1,1,5
36,0,9.934493520870882,25534.53,306414.35,4,12383.47,307337.04,556403.69,556,671685.93,7.47,12,0.485,2.1921,Female,Divorced,PhD,Salaried,Gold Loan,1,0,0,2,2,3
30,1,14.665057832774966,48906.0,586872.02,0,15329.12,1022196.68,2712273.07,484,372395.33,9.73,60,0.3134,0.6345,Male,Divorced,Post Graduate,Business,Vehicle Loan,0,1,0,3,0,6
49,4,2.780291961500626,15374.14,184489.66,2,3196.55,141215.86,554870.37,444,114365.43,11.69,240,0.2079,0.6199,Female,Divorced,PhD,Self-employed,Vehicle Loan,1,0,0,2,3,6
30,2,4.219786724428728,31060.73,372728.78,2,12467.8,580143.38,2216619.6,313,341821.26,7.75,60,0.4014,0.9171,Male,Married,Post Graduate,Business,Vehicle Loan,1,1,1,3,0,6
32,2,29.150973659350964,56431.33,677175.91,2,8332.89,933869.81,4540820.91,545,1679645.09,10.42,48,0.1477,2.4804,Female,Single,PhD,Business,Business Loan,0,0,2,2,0,1
50,3,22.119017889791028,45318.66,543823.94,4,6022.77,711016.9,1253953.09,486,233894.77,10.1,180,0.1329,0.4301,Female,Divorced,High School,Salaried,Education Loan,1,0,0,1,2,2
61,4,26.248142077800757,27513.31,330159.74,1,9031.9,562245.44,599397.75,636,318234.28,8.51,60,0.3283,0.9639,Female,Single,Graduate,Student,Agricultural Loan,0,0,2,0,4,0
21,2,29.134637365041378,31595.98,379151.8,4,6168.92,41893.64,95906.82,558,979337.28,9.1,12,0.1952,2.583,Female,Divorced,High School,Student,Business Loan,1,0,0,1,4,1
25,2,11.344330779027432,67589.02,811068.23,3,4593.28,1512001.5,2417343.32,339,726331.66,13.77,120,0.068,0.8955,Female,Single,High School,Salaried,Vehicle Loan,1,0,2,1,2,6
40,4,20.63591824733708,17566.68,210800.11,3,588.17,352601.87,1126166.74,717,155139.55,9.02,48,0.0335,0.736,Male,Single,Post Graduate,Business,Home Loan,0,1,2,3,0,4
28,4,5.52065983290412,17628.0,211536.0,4,6944.04,397880.63,1828307.74,650,405593.45,8.49,60,0.3939,1.9174,Male,Single,Graduate,Self-employed,Agricultural Loan,0,1,2,0,3,0
63,2,16.550016023159653,20789.84,249478.07,4,7026.04,400256.82,1502126.74,308,1363514.0,10.75,84,0.338,5.4655,Female,Married,Graduate,Student,Home Loan,1,0,1,0,4,4
32,4,6.296354339405703,36083.58,433003.0,0,7429.58,765246.28,1180924.57,649,451884.94,11.7,120,0.2059,1.0436,Female,Single,High School,Government,Vehicle Loan,0,0,2,1,1,6
21,0,4.812928886974854,16090.06,193080.76,2,7210.18,91243.45,133613.27,383,1390237.01,12.08,24,0.4481,7.2003,Female,Married,PhD,Self-employed,Personal Loan,1,0,1,2,3,5
40,4,2.9533089517487587,64331.26,771975.12,0,13215.47,536668.65,2493254.81,832,1454569.64,12.28,12,0.2054,1.8842,Female,Single,PhD,Business,Education Loan,0,0,2,2,0,2
48,1,17.39209687692129,20856.57,250278.9,3,7407.17,172068.48,507677.42,657,210632.87,7.26,36,0.3551,0.8416,Female,Married,Graduate,Government,Business Loan,0,0,1,0,1,1
63,1,28.495535980011557,41548.36,498580.32,3,18886.12,145869.44,684812.11,677,349396.95,9.76,12,0.4546,0.7008,Female,Divorced,High School,Self-employed,Home Loan,0,0,0,1,3,4
57,2,3.6666538455312967,25656.6,307879.2,1,10784.95,456182.64,1799581.59,471,748691.91,12.42,48,0.4204,2.4318,Female,Divorced,High School,Salaried,Agricultural Loan,1,0,0,1,2,0
57,2,15.069433661410917,34916.05,418992.54,2,8922.88,144270.67,717514.88,324,129294.91,13.33,84,0.2556,0.3086,Male,Single,Post Graduate,Government,Home Loan,1,1,2,3,1,4
32,3,20.61204351794372,13877.06,166524.73,2,4722.62,30636.54,137402.14,692,370111.81,11.22,60,0.3403,2.2226,Female,Married,Graduate,Business,Agricultural Loan,0,0,1,0,0,0
57,4,14.875850421004268,66223.44,794681.27,3,13697.19,1247336.89,3313985.48,402,684845.87,7.37,48,0.2068,0.8618,Female,Divorced,PhD,Government,Home Loan,1,0,0,2,1,4
64,1,27.35327773140809,20396.15,244753.74,0,6600.16,444783.9,1793774.01,535,268928.05,9.78,120,0.3236,1.0988,Male,Married,PhD,Salaried,Business Loan,1,1,1,2,2,1
48,3,4.988869519735271,19154.06,229848.72,4,2466.59,355783.54,1026404.43,709,708202.72,7.52,84,0.1288,3.0812,Male,Married,Graduate,Student,Education Loan,0,1,1,0,4,2
35,2,0.7248978302278741,151358.34,1816300.06,2,32900.92,3024608.95,5844419.13,848,273720.24,12.24,36,0.2174,0.1507,Male,Divorced,Post Graduate,Student,Vehicle Loan,0,1,0,3,4,6
26,0,11.493543656973792,50644.42,607733.07,4,5306.16,744437.49,1462162.35,631,271304.83,7.44,240,0.1048,0.4464,Male,Married,PhD,Student,Education Loan,0,1,1,2,4,2
64,4,16.664664264053425,64695.69,776348.27,3,1235.2,1385662.99,3587881.35,831,802388.94,8.3,60,0.0191,1.0335,Female,Married,Graduate,Salaried,Vehicle Loan,0,0,1,0,2,6
40,3,7.635212742243157,47826.48,573917.82,1,14073.9,594204.86,859139.95,328,1321708.73,9.92,12,0.2943,2.303,Female,Married,High School,Self-employed,Gold Loan,1,0,1,1,3,3
34,0,5.053006431797008,27681.28,332175.36,3,11964.26,656916.1,1124026.23,842,250547.63,10.24,84,0.4322,0.7543,Male,Divorced,Graduate,Salaried,Home Loan,0,1,0,0,2,4
22,2,24.14513491433302,16578.97,198947.6,4,212.03,56012.8,168174.78,318,167864.39,9.85,60,0.0128,0.8438,Female,Married,Graduate,Government,Business Loan,1,0,1,0,1,1
29,1,5.657255762507639,30354.73,364256.81,3,2975.22,595291.43,2866738.95,447,429421.75,10.24,180,0.098,1.1789,Female,Divorced,Graduate,Self-employed,Agricultural Loan,1,0,0,0,3,0
57,3,13.28046623857154,20193.26,242319.18,2,4646.32,318083.43,1053093.23,770,642756.53,11.99,48,0.2301,2.6525,Male,Married,High School,Student,Personal Loan,0,1,1,1,4,5
40,3,28.63443331644618,20934.02,251208.25,4,6969.95,300504.93,791526.07,790,248554.72,9.58,12,0.3329,0.9894,Female,Married,Graduate,Salaried,Education Loan,0,0,1,0,2,2
46,2,18.381145010088964,14045.93,168551.1,4,1202.54,248523.57,489790.58,582,1670362.08,10.83,24,0.0856,9.9101,Female,Divorced,High School,Business,Business Loan,1,0,0,1,0,1
49,2,14.93170358266852,38897.51,466770.15,1,1102.64,790658.27,1410222.21,412,393378.58,9.12,180,0.0283,0.8428,Female,Divorced,PhD,Student,Education Loan,0,0,0,2,4,2
21,1,10.807506980184677,93344.04,1120128.47,2,24225.05,1945880.97,7070607.79,754,246842.43,9.48,180,0.2595,0.2204,Female,Married,Post Graduate,Business,Business Loan,0,0,1,3,0,1
55,1,15.611563591435191,50760.92,609131.03,0,20779.23,255518.39,1122569.29,629,2074771.66,11.3,60,0.4094,3.4061,Male,Married,High School,Self-employed,Home Loan,0,1,1,1,3,4
26,1,22.029211816503352,34082.04,408984.45,1,600.44,188535.91,489330.58,554,1218625.18,10.43,84,0.0176,2.9796,Male,Single,Post Graduate,Student,Agricultural Loan,0,1,2,3,4,0
57,0,24.67581715547243,35442.14,425305.72,2,6191.2,48620.59,155714.05,898,247225.79,12.06,24,0.1747,0.5813,Female,Married,Post Graduate,Salaried,Home Loan,0,0,1,3,2,4
25,0,19.49543210353287,10000.0,120000.0,0,3317.57,40323.77,154315.3,698,1038941.18,10.92,240,0.3318,8.6578,Female,Divorced,PhD,Business,Business Loan,0,0,0,2,0,1
53,2,23.709511641734696,28161.15,337933.83,4,1840.92,199079.56,245501.39,807,261797.0,12.63,84,0.0654,0.7747,Female,Married,High School,Salaried,Personal Loan,0,0,1,1,2,5
34,3,2.6525335384524995,15428.85,185146.21,1,1820.19,271298.2,652089.14,765,817544.99,10.1,240,0.118,4.4157,Female,Single,PhD,Student,Personal Loan,0,0,2,2,4,5
32,0,0.4312335040862725,39365.6,472387.15,4,10539.99,470129.64,1842443.5,706,1833724.21,10.44,36,0.2677,3.8818,Male,Married,High School,Salaried,Home Loan,0,1,1,1,2,4
62,2,22.032330927262354,31070.51,372846.12,4,14808.7,572684.84,2140968.59,397,168203.49,11.69,84,0.4766,0.4511,Female,Single,Post Graduate,Student,Business Loan,1,0,2,3,4,1
40,0,7.851122106842855,21556.17,258674.02,4,3097.0,262776.68,318850.84,589,287731.74,8.55,60,0.1437,1.1123,Male,Divorced,Post Graduate,Government,Vehicle Loan,1,1,0,3,1,6
44,1,26.33034751116167,38837.36,466048.35,2,9467.14,535129.98,1044185.21,455,292826.37,9.7,240,0.2438,0.6283,Female,Divorced,Graduate,Salaried,Home Loan,1,0,0,0,2,4
63,2,16.07552032980522,38637.07,463644.86,0,7726.08,137336.69,510868.97,461,547154.62,11.37,12,0.2,1.1801,Female,Married,High School,Government,Personal Loan,0,0,1,1,1,5
54,1,14.355628438663363,90325.44,1083905.28,2,40528.87,1703613.72,3553166.08,396,646072.88,7.2,240,0.4487,0.5961,Female,Single,Post Graduate,Business,Home Loan,1,0,2,3,0,4
45,4,23.184563173941797,54822.2,657866.4,4,1970.58,1010751.98,4303419.25,676,411975.84,10.06,60,0.0359,0.6262,Male,Divorced,High School,Salaried,Personal Loan,0,1,0,1,2,5
49,3,22.232880106555132,41364.72,496376.67,1,11709.27,333975.32,373390.9,866,115211.92,11.19,12,0.2831,0.2321,Male,Married,PhD,Salaried,Gold Loan,0,1,1,2,2,3
59,1,21.128295971699327,20567.99,246815.89,4,8701.49,176006.38,310015.55,749,165246.15,13.77,180,0.4231,0.6695,Female,Divorced,PhD,Business,Vehicle Loan,1,0,0,2,0,6
51,3,20.69702868001619,19071.24,228854.84,0,9422.31,115431.96,245322.0,416,218198.62,13.14,120,0.4941,0.9534,Female,Married,High School,Salaried,Business Loan,1,0,1,1,2,1
63,2,15.461879915345532,52016.11,624193.35,2,18172.49,1025669.96,4821837.93,805,692398.79,8.97,84,0.3494,1.1093,Male,Single,Post Graduate,Student,Personal Loan,0,1,2,3,4,5
43,4,27.794266079264748,32207.62,386491.45,0,6118.41,585571.79,2450779.47,488,144916.32,10.55,24,0.19,0.375,Female,Married,PhD,Government,Business Loan,0,0,1,2,1,1
64,3,26.719242291821036,42176.54,506118.45,2,8684.66,633086.61,2872048.27,775,213001.32,7.39,60,0.2059,0.4209,Female,Divorced,Post Graduate,Self-employed,Agricultural Loan,0,0,0,3,3,0
58,0,9.882148243814001,65303.46,783641.53,0,11483.03,424009.39,1171078.56,622,178632.48,8.69,36,0.1758,0.228,Male,Married,High School,Student,Agricultural Loan,0,1,1,1,4,0
40,2,24.14083617781742,14648.84,175786.13,0,4421.12,72550.26,311258.62,895,581312.45,12.42,24,0.3018,3.3069,Male,Divorced,Graduate,Self-employed,Education Loan,0,1,0,0,3,2
43,4,26.73325541737605,83970.53,1007646.41,2,31044.15,181055.89,799176.03,479,1094046.4,7.86,12,0.3697,1.0857,Male,Single,Post Graduate,Business,Education Loan,0,1,2,3,0,2
36,0,18.547649133770634,64966.63,779599.59,2,26619.02,133120.79,346091.07,480,500480.17,8.8,240,0.4097,0.642,Female,Divorced,PhD,Business,Business Loan,1,0,0,2,0,1
62,0,16.66737578124346,10586.51,127038.12,2,2205.13,56152.24,279517.28,586,2179928.47,13.61,24,0.2083,17.1596,Female,Divorced,High School,Salaried,Vehicle Loan,1,0,0,1,2,6
28,4,20.15660242783915,149022.93,1788275.17,3,53403.0,493600.94,2174289.69,774,500397.87,12.77,12,0.3584,0.2798,Female,Single,Graduate,Student,Vehicle Loan,0,0,2,0,4,6
41,1,4.891819724361214,44038.78,528465.31,0,20174.66,607315.7,2973653.23,561,410316.37,12.47,120,0.4581,0.7764,Female,Single,PhD,Self-employed,Education Loan,1,0,2,2,3,2
21,4,2.6203102862829253,27251.86,327022.31,3,12547.09,251700.16,1124089.99,822,236253.9,13.05,240,0.4604,0.7224,Female,Married,High School,Government,Business Loan,0,0,1,1,1,1
28,4,24.604508249013445,49584.69,595016.24,3,17454.53,557022.13,2286472.53,461,520420.17,12.25,84,0.352,0.8746,Male,Single,High School,Student,Business Loan,1,1,2,1,4,1
49,4,17.19978681316286,20201.56,242418.75,4,6433.21,296226.52,1414592.87,786,228337.31,7.84,180,0.3185,0.9419,Male,Divorced,Post Graduate,Business,Business Loan,0,1,0,3,0,1
52,3,3.675044710057984,50396.5,604758.0,3,13393.53,814374.19,2181934.02,480,202160.72,10.62,120,0.2658,0.3343,Female,Married,Graduate,Student,Business Loan,1,0,1,0,4,1
58,1,12.489540814346082,22559.29,270711.45,3,2066.4,358887.57,1483402.12,768,197590.27,10.11,240,0.0916,0.7299,Female,Single,High School,Government,Business Loan,0,0,2,1,1,1
25,2,8.94703114350709,122053.62,1464643.42,2,7544.72,854338.89,1581863.84,320,369763.18,9.18,120,0.0618,0.2525,Female,Divorced,Graduate,Student,Gold Loan,0,0,0,0,4,3
42,0,26.264338626770527,37648.94,451787.3,2,9143.25,738725.75,2904060.5,574,296534.25,12.84,84,0.2429,0.6564,Female,Single,Graduate,Salaried,Agricultural Loan,0,0,2,0,2,0
54,3,15.21660543438008,53631.61,643579.27,1,4275.62,1185651.2,4910271.44,559,3699791.85,10.25,12,0.0797,5.7488,Male,Divorced,Post Graduate,Government,Gold Loan,1,1,0,3,1,3
21,1,17.325376383097293,22660.1,271921.2,0,6537.44,187321.57,724203.49,632,523087.46,7.42,240,0.2885,1.9237,Female,Single,High School,Self-employed,Personal Loan,0,0,2,1,3,5
46,4,7.0587121478501755,59272.32,711267.78,3,19136.15,82536.97,363100.95,765,516244.65,8.92,60,0.3229,0.7258,Female,Married,High School,Business,Vehicle Loan,0,0,1,1,0,6
63,3,23.97190642774023,36042.42,432509.09,3,9472.23,781419.44,2073372.85,415,284484.66,8.6,24,0.2628,0.6578,Male,Married,Post Graduate,Student,Education Loan,1,1,1,3,4,2
30,3,27.903038627898784,15566.69,186800.34,0,283.52,346228.53,1100685.6,712,5000000.0,13.21,180,0.0182,26.7665,Female,Married,Post Graduate,Government,Business Loan,0,0,1,3,1,1
50,0,23.77483046095417,31468.5,377622.02,2,908.31,68342.29,71258.43,836,211259.34,11.53,48,0.0289,0.5594,Female,Divorced,High School,Salaried,Business Loan,0,0,0,1,2,1
38,2,14.785774295933587,115689.67,1388276.06,2,6556.2,128878.48,204170.92,556,302861.9,10.92,36,0.0567,0.2182,Female,Married,Post Graduate,Salaried,Agricultural Loan,0,0,1,3,2,0
37,1,25.052667952915904,60802.5,729630.02,0,4671.02,1202509.93,4301108.29,467,983987.59,10.55,12,0.0768,1.3486,Female,Married,High School,Self-employed,Vehicle Loan,0,0,1,1,3,6
46,1,5.638766134872285,28929.44,347153.25,0,14318.37,229516.24,745759.96,832,520154.48,11.55,60,0.4949,1.4983,Male,Married,PhD,Business,Education Loan,0,1,1,2,0,2
28,1,3.4024098011678614,11831.26,141975.13,2,2037.91,260706.45,466489.88,897,159782.9,12.28,36,0.1722,1.1254,Female,Divorced,Graduate,Salaried,Education Loan,0,0,0,0,2,2
60,4,13.146573608689206,22037.6,264451.18,0,3217.2,131897.28,260346.65,314,452179.23,10.88,48,0.146,1.7099,Female,Married,Graduate,Business,Personal Loan,1,0,1,0,0,5
32,4,5.446034012358213,15617.0,187404.05,2,408.12,324936.07,772154.94,349,762034.96,13.57,240,0.0261,4.0663,Female,Married,Post Graduate,Government,Vehicle Loan,1,0,1,3,1,6
47,3,7.774816683429613,12004.0,144048.0,0,3813.19,30956.13,119665.85,603,666380.22,13.84,120,0.3177,4.6261,Female,Single,PhD,Student,Gold Loan,0,0,2,2,4,3
28,2,17.553502760437965,58183.36,698200.32,2,18973.33,406972.09,1399522.65,786,750839.64,13.97,60,0.3261,1.0754,Male,Divorced,Graduate,Self-employed,Agricultural Loan,0,1,0,0,3,0
45,0,12.117093413512267,37700.64,452407.72,1,3307.26,881515.09,1126827.57,715,2542245.52,11.69,180,0.0877,5.6194,Male,Married,High School,Salaried,Vehicle Loan,0,1,1,1,2,6
24,0,25.976348388313223,106624.12,1279489.49,2,49006.66,673600.36,2721181.5,604,549752.84,13.53,84,0.4596,0.4297,Female,Married,Graduate,Student,Agricultural Loan,0,0,1,0,4,0
53,2,6.768370364253833,19958.59,239503.07,2,7988.36,81017.87,166138.35,495,836110.09,9.83,24,0.4002,3.491,Female,Married,Graduate,Salaried,Agricultural Loan,1,0,1,0,2,0
21,1,29.903720968981588,36265.84,435190.04,3,4176.36,751147.33,2769509.29,687,63618.37,13.02,120,0.1152,0.1462,Male,Single,Graduate,Self-employed,Education Loan,0,1,2,0,3,2
39,2,10.781802477791821,15732.68,188792.17,2,3821.86,58359.09,87156.47,754,1967849.58,13.36,12,0.2429,10.4234,Female,Single,High School,Salaried,Gold Loan,0,0,2,1,2,3
51,0,15.462085519777188,25414.52,304974.25,0,5824.89,82380.93,411219.65,609,466027.31,13.33,36,0.2292,1.5281,Male,Single,Post Graduate,Self-employed,Education Loan,0,1,2,3,3,2
36,4,3.9699632942614738,31784.5,381414.0,4,5538.77,268222.34,354413.09,426,220928.74,12.82,12,0.1743,0.5792,Female,Married,High School,Student,Agricultural Loan,1,0,1,1,4,0
34,2,17.378970382384196,29004.54,348054.47,0,11857.56,452834.98,1796367.44,474,378441.77,9.85,12,0.4088,1.0873,Male,Divorced,Post Graduate,Government,Vehicle Loan,1,1,0,3,1,6
25,3,28.83854683304687,37501.06,450012.68,3,2048.77,650537.07,2059158.93,433,751643.56,8.11,60,0.0546,1.6703,Female,Divorced,Graduate,Self-employed,Agricultural Loan,1,0,0,0,3,0
61,4,22.481933336310345,65053.53,780642.35,0,13508.83,1383590.47,1859209.05,365,1012364.07,9.34,84,0.2077,1.2968,Female,Single,Graduate,Government,Education Loan,0,0,2,0,1,2
46,3,7.32163680448555,61074.55,732894.62,1,13070.9,820900.91,908935.83,692,409954.76,12.37,36,0.214,0.5594,Female,Married,PhD,Business,Business Loan,0,0,1,2,0,1
48,3,13.278351325021884,22888.71,274664.57,4,5364.26,229999.74,563651.83,664,715798.21,8.63,36,0.2344,2.6061,Male,Divorced,Graduate,Student,Home Loan,0,1,0,0,4,4
22,2,12.762999420871425,35660.09,427921.13,4,15357.91,329969.14,1388805.72,578,358407.68,10.35,36,0.4307,0.8376,Female,Married,High School,Self-employed,Agricultural Loan,1,0,1,1,3,0
26,3,2.9384330277753,58481.04,701772.44,3,6379.31,1197619.28,1394753.36,662,655597.22,10.96,12,0.1091,0.9342,Female,Single,Graduate,Student,Gold Loan,0,0,2,0,4,3
29,1,26.57550542032998,67605.32,811263.8,4,3479.08,1193081.87,4554702.95,470,521788.91,11.23,60,0.0515,0.6432,Male,Single,PhD,Government,Business Loan,1,1,2,2,1,1
53,2,11.443681499250598,24423.62,293083.44,2,7544.56,533042.27,1930415.31,350,562789.42,13.55,12,0.3089,1.9202,Female,Married,High School,Government,Personal Loan,1,0,1,1,1,5
61,0,14.82778833312284,55542.22,666506.6,3,4827.58,1287069.54,2654131.36,627,344975.47,11.63,36,0.0869,0.5176,Male,Divorced,PhD,Student,Home Loan,0,1,0,2,4,4
45,1,8.737433246297059,44297.69,531572.33,1,1659.66,350003.58,458493.54,891,611045.47,12.5,84,0.0375,1.1495,Female,Divorced,PhD,Student,Business Loan,0,0,0,2,4,1
33,4,4.571868803632126,19156.68,229880.11,4,4086.59,252532.97,1177128.85,444,228379.21,11.07,84,0.2133,0.9935,Female,Single,High School,Government,Education Loan,1,0,2,1,1,2
29,2,27.06331859314421,58694.12,704329.4,4,6445.98,911629.9,2006861.33,573,516946.63,12.84,36,0.1098,0.734,Male,Married,Post Graduate,Student,Vehicle Loan,1,1,1,3,4,6
33,0,1.1219243298030213,39772.3,477267.58,3,7183.21,189655.23,274152.88,454,266312.6,8.85,240,0.1806,0.558,Female,Single,Post Graduate,Government,Agricultural Loan,1,0,2,3,1,0
51,0,11.996385039483918,12773.98,153287.77,4,1658.77,28447.42,105997.04,807,199799.48,8.47,180,0.1299,1.3034,Male,Divorced,Post Graduate,Business,Education Loan,0,1,0,3,0,2
61,2,21.920862808409474,30445.33,365343.95,4,1410.17,638090.56,1191139.55,662,251588.42,13.48,36,0.0463,0.6886,Male,Married,Post Graduate,Government,Personal Loan,0,1,1,3,1,5
31,1,9.265737546025981,37194.44,446333.26,1,10420.9,495319.85,1437677.27,624,374587.17,11.85,60,0.2802,0.8393,Male,Married,PhD,Salaried,Vehicle Loan,0,1,1,2,2,6
24,0,13.380858208867373,25248.08,302976.94,1,341.08,356699.97,428618.6,597,289880.03,11.7,60,0.0135,0.9568,Male,Single,PhD,Government,Gold Loan,0,1,2,2,1,3
54,2,16.934317531023456,75882.17,910586.07,3,36665.33,1044368.61,5192533.69,793,607452.37,10.27,60,0.4832,0.6671,Male,Married,High School,Business,Gold Loan,0,1,1,1,0,3
58,2,29.85244836707422,77550.23,930602.72,4,13235.13,1424139.83,3974040.13,845,471537.34,9.64,36,0.1707,0.5067,Male,Married,High School,Government,Education Loan,0,1,1,1,1,2
24,3,22.749040134025993,28868.49,346421.86,0,10034.07,125478.18,626944.16,603,996145.25,10.89,60,0.3476,2.8755,Female,Married,Post Graduate,Student,Home Loan,0,0,1,3,4,4
58,2,29.01346121270371,27028.97,324347.69,3,10951.64,408762.26,1039359.6,766,413507.16,7.84,60,0.4052,1.2749,Female,Married,Post Graduate,Business,Vehicle Loan,0,0,1,3,0,6
39,0,20.794364219680816,33565.67,402788.08,1,4684.17,396008.78,947019.44,538,511217.11,10.18,48,0.1396,1.2692,Male,Single,Post Graduate,Self-employed,Business Loan,1,1,2,3,3,1
26,3,8.071586642774086,32207.4,386488.85,0,12057.47,696647.37,3245185.02,816,1968410.64,10.19,48,0.3744,5.0931,Male,Married,Post Graduate,Government,Home Loan,0,1,1,3,1,4
54,0,8.624664271200865,25450.71,305408.5,4,10592.85,329619.29,764012.5,475,311430.54,10.77,24,0.4162,1.0197,Male,Divorced,Post Graduate,Student,Education Loan,1,1,0,3,4,2
38,1,24.67392910101733,10000.0,120000.0,3,1206.59,226875.04,618920.15,709,352173.13,11.44,240,0.1207,2.9348,Female,Single,PhD,Self-employed,Business Loan,0,0,2,2,3,1
33,1,12.831404735900254,104077.09,1248925.04,3,51647.98,949684.57,1246405.67,663,1158678.56,13.7,120,0.4962,0.9277,Female,Married,PhD,Self-employed,Business Loan,0,0,1,2,3,1
61,0,11.106725802098126,36324.61,435895.33,1,375.75,844132.31,4070279.02,322,205774.97,11.57,12,0.0103,0.4721,Male,Single,PhD,Self-employed,Vehicle Loan,0,1,2,2,3,6
43,4,28.352820791188147,32630.87,391570.39,2,3540.46,689445.59,924274.18,617,1267173.51,13.19,60,0.1085,3.2361,Male,Divorced,PhD,Salaried,Gold Loan,0,1,0,2,2,3
39,4,0.396994994122557,44139.11,529669.3,2,17214.71,637282.9,2603134.79,824,366034.18,10.89,24,0.39,0.6911,Male,Married,Post Graduate,Student,Gold Loan,0,1,1,3,4,3
31,4,15.749006556055866,34612.33,415348.0,2,3359.66,316195.03,997425.08,575,227148.35,11.39,84,0.0971,0.5469,Male,Married,PhD,Salaried,Education Loan,0,1,1,2,2,2
21,0,23.252299718634585,28051.87,336622.41,3,9793.75,270594.97,337058.66,528,912709.62,7.49,120,0.3491,2.7114,Female,Single,Post Graduate,Student,Vehicle Loan,1,0,2,3,4,6
44,2,22.08507048547401,19862.97,238355.62,1,8496.69,372893.43,375434.82,407,361891.22,7.93,24,0.4278,1.5183,Male,Single,PhD,Student,Business Loan,1,1,2,2,4,1
27,3,11.027231614139456,12050.15,144601.79,1,5779.34,172974.12,820280.4,475,1903928.62,11.06,84,0.4796,13.1667,Female,Single,PhD,Business,Education Loan,1,0,2,2,0,2
45,2,16.069449355104403,16112.85,193354.25,2,3820.74,164939.47,654594.21,619,472090.57,9.77,36,0.2371,2.4416,Female,Single,Graduate,Self-employed,Gold Loan,0,0,2,0,3,3
41,0,0.1673188406362347,18582.87,222994.46,0,9023.0,290436.61,1087901.47,585,469352.24,12.59,240,0.4856,2.1048,Male,Single,Post Graduate,Government,Business Loan,1,1,2,3,1,1
35,2,16.04490809105193,53666.99,644003.83,2,11045.26,958726.79,2640550.36,628,276818.68,10.8,48,0.2058,0.4298,Male,Married,Post Graduate,Business,Business Loan,0,1,1,3,0,1
21,1,17.71203679198265,56093.43,673121.1,3,6117.77,85638.49,167376.59,655,393402.51,13.18,36,0.1091,0.5844,Male,Single,PhD,Government,Personal Loan,0,1,2,2,1,5
32,3,26.243740127766326,21395.17,256742.06,0,5497.72,65615.66,244054.32,313,355714.94,13.81,36,0.257,1.3855,Male,Single,High School,Self-employed,Home Loan,1,1,2,1,3,4
27,0,6.322118094303043,10000.0,120000.0,1,3249.12,31731.65,108941.24,574,1283505.92,8.03,24,0.3249,10.6959,Female,Single,Post Graduate,Student,Education Loan,1,0,2,3,4,2
35,3,24.75437137223426,36514.78,438177.38,4,8361.22,231302.06,903319.86,370,557758.89,9.76,240,0.229,1.2729,Female,Divorced,PhD,Business,Business Loan,1,0,0,2,0,1
41,4,21.541995322659247,28199.93,338399.12,0,7994.29,305145.21,751624.55,494,777967.94,11.65,180,0.2835,2.299,Female,Married,Post Graduate,Salaried,Personal Loan,1,0,1,3,2,5
39,4,19.980925946579987,27784.75,333416.97,1,5784.91,541356.57,2678467.23,822,478684.79,9.14,60,0.2082,1.4357,Male,Single,Post Graduate,Student,Gold Loan,0,1,2,3,4,3
49,1,11.831634729022792,64444.68,773336.18,0,16909.06,584853.39,741614.35,405,318455.6,8.87,240,0.2624,0.4118,Female,Married,High School,Salaried,Agricultural Loan,1,0,1,1,2,0
45,0,11.023031443129518,39465.87,473590.46,2,18797.51,55330.72,72970.52,495,595283.32,12.7,24,0.4763,1.257,Male,Married,High School,Student,Education Loan,1,1,1,1,4,2
53,4,21.097836673013557,20214.84,242578.07,0,5052.0,244949.72,1143303.67,444,1579466.08,13.86,84,0.2499,6.5112,Male,Single,Graduate,Student,Gold Loan,1,1,2,0,4,3
52,3,29.706696427566047,17608.77,211305.2,0,2229.09,421244.98,1512617.33,649,191240.23,12.42,120,0.1266,0.905,Male,Divorced,High School,Self-employed,Agricultural Loan,0,1,0,1,3,0
55,3,12.160612775361136,31021.42,372257.03,0,11768.7,280045.33,645598.66,723,618829.45,10.67,84,0.3794,1.6624,Female,Divorced,PhD,Business,Gold Loan,0,0,0,2,0,3
64,1,27.557993327901478,21081.52,252978.3,3,3558.4,487169.88,1971971.62,770,1464852.51,10.1,36,0.1688,5.7904,Male,Married,High School,Government,Education Loan,1,1,1,1,1,2
58,4,17.596352470932306,34771.78,417261.36,3,14190.49,115822.64,325588.29,515,230540.49,10.78,240,0.4081,0.5525,Male,Single,Graduate,Self-employed,Personal Loan,1,1,2,0,3,5
46,2,26.044969607095847,67217.25,806607.03,2,1910.38,334828.77,363117.13,392,925055.54,10.24,180,0.0284,1.1468,Male,Married,PhD,Government,Education Loan,1,1,1,2,1,2
31,4,6.515713411258001,15869.12,190429.48,4,2635.69,280166.31,1009835.58,559,925914.03,10.52,180,0.1661,4.8622,Female,Married,High School,Student,Agricultural Loan,1,0,1,1,4,0
55,1,22.866962242334637,38279.42,459353.02,3,1806.02,479560.21,945907.45,874,157090.2,8.42,180,0.0472,0.342,Female,Single,Graduate,Salaried,Agricultural Loan,0,0,2,0,2,0
28,4,25.04830532225475,62882.93,754595.14,4,2682.52,1169484.21,1709014.6,840,1075556.95,13.33,240,0.0427,1.4253,Male,Divorced,Graduate,Government,Agricultural Loan,0,1,0,0,1,0
34,0,24.965074197039787,34485.27,413823.26,3,11352.37,719426.28,1367696.08,584,275049.29,12.28,12,0.3292,0.6647,Female,Married,High School,Salaried,Business Loan,1,0,1,1,2,1
30,1,23.541341360985868,55991.13,671893.54,1,10787.67,379337.22,1101834.84,783,589529.42,11.77,180,0.1927,0.8774,Female,Married,High School,Government,Gold Loan,0,0,1,1,1,3
22,2,9.125868891981327,30565.78,366789.41,1,13318.72,510603.6,612431.09,671,1003809.63,13.65,24,0.4357,2.7367,Female,Married,Graduate,Salaried,Vehicle Loan,0,0,1,0,2,6
29,3,15.658506593499787,40235.17,482822.08,0,10388.83,602514.82,2730964.41,369,1155524.55,8.99,48,0.2582,2.3933,Male,Married,PhD,Self-employed,Gold Loan,0,1,1,2,3,3
23,4,8.991143405246154,47309.72,567716.59,4,6986.3,984766.19,3190319.53,678,129485.01,7.57,12,0.1477,0.2281,Female,Married,PhD,Government,Business Loan,0,0,1,2,1,1
41,3,10.288977201261385,25765.68,309188.12,0,9287.1,280649.8,609567.07,578,1850343.77,12.78,84,0.3604,5.9845,Male,Single,PhD,Self-employed,Agricultural Loan,1,1,2,2,3,0
46,1,9.036566507646075,119899.07,1438788.88,0,37409.52,262941.05,985508.17,601,1375520.25,13.99,12,0.312,0.956,Female,Divorced,Graduate,Self-employed,Education Loan,0,0,0,0,3,2
28,3,8.526811440049194,51356.57,616278.81,3,20532.22,729585.83,3076624.03,554,1026378.66,11.05,60,0.3998,1.6654,Female,Single,Graduate,Salaried,Personal Loan,1,0,2,0,2,5
22,0,20.802650175256932,79363.3,952359.58,3,25538.64,1829657.45,6322744.54,563,590770.19,7.41,240,0.3218,0.6203,Female,Single,PhD,Government,Gold Loan,1,0,2,2,1,3
26,1,19.507910979438524,69051.95,828623.37,0,5766.3,92289.11,167041.33,723,312213.24,12.46,12,0.0835,0.3768,Male,Single,Graduate,Government,Personal Loan,0,1,2,0,1,5
48,1,6.127927038693724,44195.29,530343.51,3,14812.27,288415.55,415651.13,512,185991.18,7.52,240,0.3352,0.3507,Male,Divorced,High School,Business,Business Loan,1,1,0,1,0,1
49,4,20.745561603001022,83405.84,1000870.12,1,16328.75,689729.56,3062122.51,399,120683.62,10.78,48,0.1958,0.1206,Female,Single,Post Graduate,Salaried,Personal Loan,0,0,2,3,2,5
46,1,8.732057878234336,40649.79,487797.42,1,9413.33,756667.07,1466988.01,411,740905.83,8.94,36,0.2316,1.5189,Male,Divorced,Graduate,Government,Home Loan,0,1,0,0,1,4
45,0,6.051550036494068,23438.49,281261.88,4,10800.04,197712.32,213594.49,607,1025965.42,13.41,180,0.4608,3.6477,Female,Married,High School,Student,Business Loan,1,0,1,1,4,1
32,4,22.417556412057824,36639.84,439678.12,1,6594.51,238119.73,850470.45,774,413454.58,10.16,84,0.18,0.9404,Female,Married,PhD,Business,Personal Loan,0,0,1,2,0,5
25,0,10.886042784264905,19856.76,238281.14,0,6075.76,316056.78,509338.56,847,305963.29,13.29,120,0.306,1.284,Female,Single,PhD,Government,Gold Loan,0,0,2,2,1,3
54,2,17.080515729739915,10290.51,123486.12,2,1870.21,21273.79,105600.55,411,467862.75,9.09,240,0.1817,3.7888,Female,Married,Graduate,Salaried,Gold Loan,1,0,1,0,2,3
57,4,6.003718813968792,21774.06,261288.73,3,1031.3,107209.55,480183.34,386,265054.15,9.71,60,0.0474,1.0144,Male,Married,Post Graduate,Student,Education Loan,1,1,1,3,4,2
35,1,18.410815119777595,37938.77,455265.28,0,8603.1,393982.6,1352850.73,482,450128.22,13.63,24,0.2268,0.9887,Male,Married,High School,Government,Education Loan,1,1,1,1,1,2
64,1,6.239803037649616,68675.99,824111.83,3,20501.89,630363.08,2732915.55,896,253162.67,8.41,36,0.2985,0.3072,Male,Single,High School,Self-employed,Agricultural Loan,0,1,2,1,3,0
56,1,5.006307703008042,21735.2,260822.43,4,4428.58,195286.75,562844.31,464,721892.45,11.05,36,0.2038,2.7678,Male,Single,PhD,Self-employed,Personal Loan,1,1,2,2,3,5
35,2,11.595857153553297,66575.87,798910.43,0,13004.47,232800.19,967039.18,389,1196720.68,9.72,48,0.1953,1.4979,Female,Divorced,Post Graduate,Student,Business Loan,0,0,0,3,4,1
63,0,23.701855182447467,17563.71,210764.54,0,7204.45,163330.58,585725.39,754,664509.93,12.42,120,0.4102,3.1529,Male,Married,PhD,Student,Business Loan,0,1,1,2,4,1
43,1,5.29603044780143,20916.35,250996.22,0,310.45,404811.6,451194.34,537,414831.47,7.91,84,0.0148,1.6527,Male,Single,Post Graduate,Student,Vehicle Loan,1,1,2,3,4,6
26,3,3.5107970254072463,86638.01,1039656.17,4,12804.47,911294.73,4369686.18,833,976084.63,10.06,36,0.1478,0.9389,Male,Married,High School,Student,Agricultural Loan,0,1,1,1,4,0
64,1,0.949430773854476,37368.1,448417.17,0,15166.91,541162.44,2404751.81,357,449155.78,11.89,120,0.4059,1.0016,Male,Single,PhD,Salaried,Business Loan,1,1,2,2,2,1
63,4,12.478972695912853,32722.78,392673.39,3,15061.15,155836.57,750139.53,841,951579.94,9.85,48,0.4603,2.4233,Female,Divorced,PhD,Self-employed,Agricultural Loan,0,0,0,2,3,0
41,4,8.460751946907308,41821.59,501859.08,2,8621.51,108876.71,427391.58,701,265955.65,7.41,180,0.2061,0.5299,Male,Divorced,PhD,Government,Business Loan,0,1,0,2,1,1
43,3,8.763253518368963,17608.87,211306.44,0,7825.33,373994.6,990428.84,818,294964.43,11.94,120,0.4444,1.3959,Male,Single,Post Graduate,Government,Gold Loan,0,1,2,3,1,3
63,2,29.458258283854423,29776.99,357323.84,4,2961.77,256724.37,469276.97,496,200575.92,10.52,120,0.0995,0.5613,Female,Married,High School,Self-employed,Personal Loan,1,0,1,1,3,5
36,4,5.823702087150635,36373.53,436482.41,4,4027.04,329462.61,566670.87,345,304863.49,7.08,240,0.1107,0.6985,Female,Divorced,Post Graduate,Government,Business Loan,1,0,0,3,1,1
35,2,13.75281151558246,76025.84,912310.08,0,32166.21,1610745.83,2544438.8,829,970063.93,11.29,180,0.4231,1.0633,Female,Single,PhD,Self-employed,Education Loan,0,0,2,2,3,2
45,2,29.591045137170155,13329.7,159956.37,4,6020.08,230320.39,433563.99,696,220268.36,13.44,12,0.4516,1.3771,Female,Divorced,Graduate,Business,Gold Loan,0,0,0,0,0,3
56,3,0.9185415786603868,104589.06,1255068.66,1,11651.52,1923815.51,6161103.92,373,70007.1,7.78,120,0.1114,0.0558,Male,Single,Graduate,Self-employed,Home Loan,0,1,2,0,3,4
31,4,20.89972334026082,33698.59,404383.11,4,999.57,562297.42,2100169.76,715,317549.29,11.13,36,0.0297,0.7853,Female,Divorced,High School,Government,Agricultural Loan,0,0,0,1,1,0
35,1,11.132488567602595,18651.21,223814.51,2,842.33,64033.73,144474.59,634,172994.78,12.1,48,0.0452,0.7729,Female,Single,High School,Business,Business Loan,0,0,2,1,0,1
24,2,27.182928408352996,16731.01,200772.12,1,2186.58,385380.48,1231285.96,874,295513.9,7.5,84,0.1307,1.4719,Female,Divorced,High School,Government,Education Loan,0,0,0,1,1,2
41,2,27.358243131812216,42782.72,513392.65,3,16288.43,937375.18,2216902.27,595,2386875.2,7.16,60,0.3807,4.6492,Male,Divorced,Graduate,Salaried,Business Loan,1,1,0,0,2,1
33,4,11.616382078178669,16182.32,194187.79,1,4126.42,104101.86,394133.78,383,217254.43,10.25,180,0.255,1.1188,Male,Single,Graduate,Government,Home Loan,1,1,2,0,1,4
42,4,6.643903958407929,25949.97,311399.68,2,5911.26,505813.42,2505771.8,314,734413.24,12.54,24,0.2278,2.3584,Male,Divorced,PhD,Business,Gold Loan,0,1,0,2,0,3
39,3,12.840103149024607,31258.86,375106.33,1,9129.77,325595.98,1222960.6,433,414914.52,8.13,60,0.2921,1.1061,Male,Single,High School,Self-employed,Vehicle Loan,1,1,2,1,3,6
54,0,28.959188238431924,72128.57,865542.79,0,32105.26,1206468.57,1491342.72,777,595993.2,12.86,60,0.4451,0.6886,Male,Divorced,Post Graduate,Government,Agricultural Loan,0,1,0,3,1,0
34,0,8.441957673613604,66907.88,802894.6,4,3025.25,321751.25,935955.01,618,294369.7,11.6,36,0.0452,0.3666,Female,Divorced,High School,Self-employed,Personal Loan,0,0,0,1,3,5
24,0,29.439533946990977,24691.26,296295.11,0,8576.81,330535.65,1349097.79,691,1120266.39,9.33,60,0.3474,3.7809,Male,Single,High School,Government,Personal Loan,0,1,2,1,1,5
47,2,24.58174493390481,31964.78,383577.42,0,14812.33,125051.83,396285.04,778,622486.91,10.61,48,0.4634,1.6228,Male,Divorced,PhD,Student,Vehicle Loan,0,1,0,2,4,6
49,3,8.023569946085706,13943.5,167322.06,0,1487.42,185892.64,893075.11,667,636480.03,13.76,60,0.1067,3.8039,Male,Divorced,PhD,Government,Personal Loan,0,1,0,2,1,5
48,0,23.73208401248704,10684.43,128213.14,1,4475.56,70545.66,86001.28,666,478836.83,8.52,240,0.4189,3.7347,Female,Single,High School,Student,Business Loan,0,0,2,1,4,1
55,4,1.493983293963811,17371.19,208454.31,3,6062.76,198148.51,428916.66,587,1208353.19,10.5,120,0.349,5.7967,Female,Married,PhD,Government,Business Loan,1,0,1,2,1,1
28,2,16.441901296631784,71243.47,854921.62,4,515.39,1165777.92,2195011.1,677,692540.01,11.37,12,0.0072,0.8101,Female,Single,Post Graduate,Government,Personal Loan,0,0,2,3,1,5
36,2,10.72047417506361,57991.31,695895.71,1,6715.73,1227833.48,4997882.44,762,595242.27,7.97,36,0.1158,0.8554,Female,Married,Graduate,Student,Agricultural Loan,0,0,1,0,4,0
62,4,12.808079951511239,45709.51,548514.18,0,13846.44,219480.96,679331.38,893,745727.93,7.3,240,0.3029,1.3595,Male,Divorced,Post Graduate,Salaried,Home Loan,0,1,0,3,2,4
56,3,14.185630142227728,15144.99,181739.92,2,3804.42,326301.76,506869.6,312,108230.41,7.09,48,0.2512,0.5955,Female,Married,Graduate,Self-employed,Personal Loan,1,0,1,0,3,5
50,3,15.08138280597792,23694.64,284335.71,2,6254.63,236256.1,506148.71,835,514118.16,9.27,48,0.264,1.8081,Female,Married,PhD,Business,Home Loan,0,0,1,2,0,4
38,0,19.692368234669615,21705.21,260462.46,0,2517.05,442945.09,1368982.62,467,420323.95,7.52,84,0.116,1.6138,Female,Single,Graduate,Government,Personal Loan,1,0,2,0,1,5
22,4,20.903310833467888,32872.8,394473.65,3,11094.63,420397.21,2095476.61,569,1126771.86,12.63,36,0.3375,2.8564,Male,Married,Post Graduate,Business,Business Loan,1,1,1,3,0,1
33,1,29.271121098554882,31652.36,379828.27,4,4216.38,659343.81,1620119.45,369,252502.59,13.98,36,0.1332,0.6648,Male,Married,Graduate,Salaried,Personal Loan,1,1,1,0,2,5
24,3,22.883360061734432,19906.98,238883.8,1,3876.24,323388.02,526250.75,617,519636.4,7.43,240,0.1947,2.1753,Male,Divorced,Post Graduate,Government,Education Loan,0,1,0,3,1,2
46,0,20.633933271504038,44780.59,537367.09,3,8260.14,568734.61,1699530.34,675,2061763.82,10.03,60,0.1845,3.8368,Female,Single,Graduate,Student,Agricultural Loan,0,0,2,0,4,0
45,2,11.773766517921402,41662.96,499955.55,2,13999.28,341152.53,764435.99,388,433405.03,7.18,120,0.336,0.8669,Male,Single,PhD,Student,Agricultural Loan,0,1,2,2,4,0
50,3,3.53424193461736,23451.88,281422.62,0,1058.3,546075.0,1782316.34,556,152631.37,7.94,60,0.0451,0.5424,Male,Married,High School,Government,Agricultural Loan,1,1,1,1,1,0
31,1,1.7636525833700478,43589.3,523071.63,1,4479.71,846532.41,2426874.0,516,2518444.59,9.26,84,0.1028,4.8147,Female,Divorced,Graduate,Student,Vehicle Loan,0,0,0,0,4,6
27,2,14.330541309754341,71294.27,855531.23,3,7147.15,696352.89,2616866.07,749,249586.91,9.76,180,0.1002,0.2917,Male,Single,Post Graduate,Salaried,Education Loan,0,1,2,3,2,2
51,2,20.04770137881783,85548.31,1026579.66,3,4637.77,413595.48,1926181.51,843,192562.8,13.58,180,0.0542,0.1876,Male,Divorced,PhD,Self-employed,Personal Loan,0,1,0,2,3,5
64,4,19.504795537752415,48746.92,584963.04,3,5059.81,922745.78,1662840.87,440,198731.87,9.77,24,0.1038,0.3397,Female,Married,Graduate,Self-employed,Home Loan,1,0,1,0,3,4
30,4,28.585842605253543,47894.73,574736.77,1,14537.49,1138396.37,4877710.02,460,791853.43,10.47,240,0.3035,1.3778,Male,Married,PhD,Salaried,Personal Loan,0,1,1,2,2,5
59,3,11.472899197270195,31442.53,377310.34,4,11510.61,233191.12,1118632.45,331,1249462.45,8.72,84,0.3661,3.3115,Male,Single,High School,Student,Agricultural Loan,1,1,2,1,4,0
33,1,18.833514397188075,67361.42,808337.05,1,22239.49,1486319.68,3707533.38,451,1809068.1,7.0,120,0.3302,2.238,Male,Married,Post Graduate,Self-employed,Gold Loan,1,1,1,3,3,3
51,4,26.63621465640735,19106.6,229279.21,0,4539.61,74200.98,107936.52,559,447869.02,13.3,36,0.2376,1.9534,Male,Divorced,High School,Student,Gold Loan,1,1,0,1,4,3
27,0,12.122332697339889,62837.67,754052.09,1,1647.43,1439029.49,6170047.14,578,200887.64,7.57,48,0.0262,0.2664,Female,Divorced,PhD,Student,Gold Loan,0,0,0,2,4,3
62,2,14.332294585520572,30559.69,366716.3,3,14653.48,554438.22,2109295.49,584,280420.08,13.75,84,0.4795,0.7647,Female,Married,High School,Business,Gold Loan,1,0,1,1,0,3
62,0,27.689186877326435,88837.32,1066047.82,4,7465.73,797022.95,1475168.99,841,454460.95,7.92,120,0.084,0.4263,Male,Married,PhD,Self-employed,Agricultural Loan,0,1,1,2,3,0
56,2,16.50725859090341,51685.05,620220.6,4,17273.7,413818.0,1150784.15,447,434978.56,11.23,84,0.3342,0.7013,Male,Divorced,High School,Student,Personal Loan,1,1,0,1,4,5
40,0,23.98829814795276,34866.45,418397.37,0,15914.63,550855.47,1824416.13,366,1260020.48,14.0,60,0.4564,3.0115,Female,Married,Post Graduate,Business,Gold Loan,1,0,1,3,0,3
24,2,28.068715086683127,31511.49,378137.84,0,10994.0,461664.21,775326.42,869,154185.09,7.97,24,0.3489,0.4077,Male,Married,Graduate,Salaried,Vehicle Loan,0,1,1,0,2,6
27,4,17.13174115668006,49779.96,597359.48,2,5427.25,1101906.44,4252974.61,578,181247.55,9.97,120,0.109,0.3034,Male,Married,High School,Self-employed,Personal Loan,0,1,1,1,3,5
21,0,3.2756090698321683,48352.57,580230.81,2,7634.78,900498.5,3385451.99,742,345294.23,12.46,60,0.1579,0.5951,Female,Divorced,Post Graduate,Salaried,Education Loan,0,0,0,3,2,2
64,3,24.650998613231664,28595.2,343142.42,2,431.87,383987.57,1746569.96,698,594433.01,7.23,240,0.0151,1.7323,Male,Married,Graduate,Salaried,Personal Loan,0,1,1,0,2,5
62,3,24.53346496188911,38372.7,460472.36,1,11756.59,857016.35,2801665.18,427,310480.07,11.83,48,0.3064,0.6743,Male,Divorced,PhD,Government,Home Loan,1,1,0,2,1,4
33,1,3.449555830305462,62182.82,746193.85,4,19058.82,909909.07,3000199.6,636,290899.66,7.56,24,0.3065,0.3898,Male,Single,Graduate,Self-employed,Agricultural Loan,0,1,2,0,3,0
42,1,16.44354454846683,16026.3,192315.57,0,5813.54,329224.24,1144893.57,781,1131434.82,8.66,120,0.3628,5.8832,Female,Married,PhD,Salaried,Agricultural Loan,0,0,1,2,2,0
41,1,14.612569063569733,56135.68,673628.18,2,308.64,1141894.14,2392420.14,485,645359.27,8.12,120,0.0055,0.958,Male,Married,Post Graduate,Salaried,Vehicle Loan,1,1,1,3,2,6
42,0,25.41488798119186,49648.76,595785.15,0,20302.4,1099297.17,4435030.24,468,201233.62,13.35,12,0.4089,0.3378,Female,Married,Post Graduate,Salaried,Personal Loan,1,0,1,3,2,5
48,2,8.238834973729945,74012.44,888149.3,2,27336.9,189090.44,690179.56,559,294264.22,8.26,60,0.3694,0.3313,Male,Single,Graduate,Student,Education Loan,1,1,2,0,4,2
29,1,12.788331248580025,23637.93,283655.12,1,1665.13,341044.52,1485788.6,857,668942.66,7.28,36,0.0704,2.3583,Male,Married,Graduate,Self-employed,Home Loan,0,1,1,0,3,4
46,4,18.143731342174014,36440.27,437283.19,1,6333.8,429012.33,1747943.82,806,161325.95,11.11,240,0.1738,0.3689,Female,Divorced,PhD,Self-employed,Business Loan,0,0,0,2,3,1
29,3,15.517355779230549,41070.32,492843.85,3,13112.21,504445.18,1792943.93,820,665694.74,9.42,240,0.3193,1.3507,Male,Married,High School,Self-employed,Home Loan,0,1,1,1,3,4
35,3,28.651028240806554,56572.48,678869.75,0,14024.23,654992.99,1076525.91,770,336031.95,9.84,120,0.2479,0.495,Female,Divorced,Graduate,Self-employed,Education Loan,0,0,0,0,3,2
30,4,28.81971983198379,46979.67,563756.0,3,2703.55,951889.5,4451596.23,460,591399.25,7.83,240,0.0575,1.049,Female,Divorced,High School,Self-employed,Agricultural Loan,1,0,0,1,3,0
44,3,2.447174723532086,17262.07,207144.85,1,753.88,143688.73,354745.74,588,486937.76,12.24,24,0.0437,2.3507,Female,Divorced,PhD,Salaried,Business Loan,1,0,0,2,2,1
62,0,8.935409768845068,43244.55,518934.56,1,16896.86,503508.15,2445636.88,639,180975.43,11.21,180,0.3907,0.3487,Male,Divorced,High School,Business,Education Loan,0,1,0,1,0,2
28,4,0.22604447134712324,120878.03,1450536.31,0,9426.5,678814.55,1769997.53,801,265854.44,9.55,12,0.078,0.1833,Female,Divorced,Graduate,Government,Education Loan,0,0,0,0,1,2
44,0,12.535810455140494,52420.58,629046.96,3,4510.6,355908.59,563671.37,405,1408337.94,8.2,36,0.086,2.2388,Male,Married,Post Graduate,Self-employed,Agricultural Loan,1,1,1,3,3,0
36,3,19.864171586438083,97035.11,1164421.34,3,40314.36,1570965.65,7131177.05,774,2949238.17,11.15,180,0.4155,2.5328,Female,Married,Graduate,Student,Education Loan,0,0,1,0,4,2
46,4,14.138543432575947,67903.09,814837.08,3,20783.09,250530.26,1047275.34,899,109338.76,12.45,180,0.3061,0.1342,Female,Married,High School,Business,Agricultural Loan,0,0,1,1,0,0
47,4,2.015456206804301,82243.63,986923.5,0,24867.0,437528.0,1813634.16,762,1019169.35,9.19,180,0.3024,1.0327,Female,Divorced,Graduate,Student,Gold Loan,0,0,0,0,4,3
57,4,5.878687125007888,43738.38,524860.53,0,10482.9,574932.0,780552.41,782,560448.92,7.18,120,0.2397,1.0678,Male,Single,Graduate,Salaried,Vehicle Loan,0,1,2,0,2,6
24,3,5.1987404490133935,49667.55,596010.59,0,14130.29,99671.83,450229.54,452,2340386.41,8.5,24,0.2845,3.9268,Male,Married,Post Graduate,Government,Education Loan,0,1,1,3,1,2
44,3,15.33384869276771,42332.51,507990.13,4,12737.21,165914.7,561721.23,448,282996.7,11.78,36,0.3009,0.5571,Female,Married,High School,Salaried,Gold Loan,1,0,1,1,2,3
39,3,20.330400472286783,36410.21,436922.52,1,17619.38,759412.04,2188187.28,487,907661.73,13.92,240,0.4839,2.0774,Female,Married,High School,Salaried,Personal Loan,1,0,1,1,2,5
56,1,9.489762694518552,56687.95,680255.43,4,6319.95,1159913.49,5396713.81,430,347279.57,7.09,24,0.1115,0.5105,Female,Divorced,High School,Self-employed,Home Loan,1,0,0,1,3,4
59,1,3.9138019303090665,26566.3,318795.62,4,2850.06,239066.17,875978.01,751,1233199.5,9.14,120,0.1073,3.8683,Male,Married,High School,Student,Agricultural Loan,0,1,1,1,4,0
30,2,23.957929442177072,112558.62,1350703.38,1,3220.22,1013455.29,1552738.46,815,2810942.21,7.43,12,0.0286,2.0811,Male,Divorced,Post Graduate,Self-employed,Agricultural Loan,0,1,0,3,3,0
45,4,25.750855104477797,20810.07,249720.82,2,6848.58,469055.94,1443823.93,790,524631.91,9.21,36,0.3291,2.1009,Male,Married,PhD,Salaried,Personal Loan,0,1,1,2,2,5
38,3,8.294646403342522,59090.94,709091.27,2,16221.71,94211.41,334117.61,775,177873.89,9.84,12,0.2745,0.2508,Male,Married,PhD,Government,Personal Loan,0,1,1,2,1,5
39,4,12.622431070836232,83050.39,996604.72,2,4619.23,1191507.12,5474025.32,562,1371064.79,13.45,84,0.0556,1.3757,Male,Divorced,Post Graduate,Business,Business Loan,0,1,0,3,0,1
56,0,2.457933078793962,32663.94,391967.26,0,5953.64,481465.91,1020503.78,837,695499.61,7.56,48,0.1823,1.7744,Male,Divorced,High School,Salaried,Gold Loan,0,1,0,1,2,3
30,0,6.830917895818796,18624.14,223489.62,0,1663.72,356119.59,1487488.56,758,598646.29,12.44,12,0.0893,2.6786,Female,Married,Graduate,Salaried,Gold Loan,0,0,1,0,2,3
53,3,23.010011341505525,72643.4,871720.74,3,12039.98,1662826.34,6982626.2,835,1570007.39,9.77,60,0.1657,1.801,Female,Divorced,High School,Salaried,Education Loan,0,0,0,1,2,2
25,1,10.955936688226249,41029.11,492349.37,3,19514.76,376812.8,569815.53,594,178062.67,12.68,48,0.4756,0.3617,Female,Divorced,PhD,Student,Education Loan,1,0,0,2,4,2
55,2,18.140767962052568,59159.33,709912.0,4,20212.34,654903.87,700048.18,734,249460.15,10.59,24,0.3417,0.3514,Female,Divorced,Graduate,Business,Gold Loan,0,0,0,0,0,3
64,1,28.385534411498515,34007.19,408086.28,3,128.7,559073.61,1859276.87,574,711700.37,7.27,120,0.0038,1.744,Male,Single,PhD,Government,Vehicle Loan,1,1,2,2,1,6
54,4,21.709135374632833,102657.64,1231891.63,0,12960.94,2386507.46,9922896.45,887,245049.93,13.62,180,0.1263,0.1989,Female,Divorced,High School,Salaried,Business Loan,0,0,0,1,2,1
53,1,13.603565538412601,10196.45,122357.43,4,52.83,219103.66,705014.96,607,343585.92,7.58,48,0.0052,2.8081,Male,Divorced,PhD,Business,Business Loan,0,1,0,2,0,1
41,3,11.006409310973211,45510.87,546130.47,3,16267.14,743748.65,3163453.02,675,1226670.51,11.18,240,0.3574,2.2461,Female,Single,Post Graduate,Salaried,Education Loan,0,0,2,3,2,2
37,1,5.715810448828967,81230.79,974769.53,3,19065.75,1681854.52,5868347.92,457,625535.18,13.14,36,0.2347,0.6417,Female,Divorced,Post Graduate,Business,Business Loan,1,0,0,3,0,1
42,0,22.684202189417288,38684.85,464218.25,2,19226.73,114495.64,413692.13,503,172290.61,7.56,84,0.497,0.3711,Female,Single,High School,Business,Personal Loan,1,0,2,1,0,5
57,3,3.3727565747862256,43539.12,522469.49,0,15969.79,421193.99,468627.89,374,613189.1,10.88,120,0.3668,1.1736,Female,Married,Graduate,Student,Education Loan,0,0,1,0,4,2
35,3,1.8418107113652138,27989.73,335876.75,4,7248.12,36418.2,49324.55,679,1192137.61,12.77,120,0.259,3.5493,Female,Married,Graduate,Student,Education Loan,0,0,1,0,4,2
55,3,3.144860257921791,36769.1,441229.2,1,14794.15,186855.47,728758.49,603,507489.07,13.9,84,0.4024,1.1502,Female,Married,Graduate,Business,Vehicle Loan,0,0,1,0,0,6
48,1,7.2871616059418685,13318.19,159818.28,3,4693.35,206449.64,836404.54,361,888632.31,12.07,240,0.3524,5.5603,Female,Divorced,Post Graduate,Self-employed,Gold Loan,1,0,0,3,3,3
27,0,18.81370244610153,23598.57,283182.78,0,2876.38,504252.19,1597829.94,869,292550.27,8.95,12,0.1219,1.0331,Male,Single,Graduate,Salaried,Vehicle Loan,0,1,2,0,2,6
52,1,25.839904000135107,22650.72,271808.64,4,6005.37,352308.1,1183987.93,407,544652.18,11.9,240,0.2651,2.0038,Female,Married,PhD,Student,Agricultural Loan,1,0,1,2,4,0
31,4,29.778672091833045,54256.3,651075.6,0,15083.22,883030.86,3053046.83,486,125315.34,11.94,240,0.278,0.1925,Female,Divorced,PhD,Business,Education Loan,0,0,0,2,0,2
30,2,21.94452443430098,25775.46,309305.52,0,5815.35,87324.6,123997.9,528,732183.05,11.9,48,0.2256,2.3672,Female,Married,Graduate,Self-employed,Vehicle Loan,0,0,1,0,3,6
29,2,4.379312870418611,26226.21,314714.55,4,2349.77,427271.98,1568786.51,347,590133.74,12.98,60,0.0896,1.8751,Female,Married,Graduate,Business,Business Loan,1,0,1,0,0,1
34,2,8.331142743884705,28947.7,347372.38,2,3233.01,331450.41,965806.69,567,157595.58,7.61,36,0.1117,0.4537,Female,Married,Post Graduate,Government,Education Loan,0,0,1,3,1,2
33,4,3.959602328201103,23174.62,278095.49,2,3256.58,370402.92,1263108.01,553,1493605.28,7.76,120,0.1405,5.3708,Male,Divorced,High School,Business,Vehicle Loan,1,1,0,1,0,6
45,4,3.4665534454135196,42676.91,512122.95,3,218.83,362838.32,1180156.06,386,698651.61,11.48,24,0.0051,1.3642,Female,Single,Post Graduate,Government,Home Loan,1,0,2,3,1,4
22,4,17.03197945624148,45550.59,546607.09,2,20883.67,654752.24,2653056.75,480,254195.85,13.68,180,0.4585,0.465,Male,Single,Post Graduate,Student,Home Loan,1,1,2,3,4,4
55,0,27.201691707205544,59576.18,714914.19,3,20437.49,640658.07,1457031.38,324,747808.4,10.26,240,0.343,1.046,Male,Single,High School,Student,Education Loan,1,1,2,1,4,2
27,3,20.529790840059167,53725.88,644710.53,3,18525.15,744030.99,1855691.4,687,201279.9,13.72,84,0.3448,0.3122,Male,Single,PhD,Business,Vehicle Loan,0,1,2,2,0,6
41,4,24.019505917810996,50597.36,607168.3,4,14479.21,221771.2,569159.21,521,224827.76,13.57,240,0.2862,0.3703,Male,Divorced,High School,Student,Education Loan,1,1,0,1,4,2
38,2,15.242902840712242,29810.59,357727.09,0,10274.38,301205.36,1219828.82,696,202119.61,13.32,84,0.3447,0.565,Female,Divorced,Graduate,Business,Vehicle Loan,0,0,0,0,0,6
23,2,14.259633139613676,28685.23,344222.8,1,14082.48,275619.46,750911.56,810,197504.88,13.37,36,0.4909,0.5738,Female,Divorced,PhD,Business,Gold Loan,0,0,0,2,0,3
62,1,28.12453698562984,21531.52,258378.29,1,4146.54,386212.55,659766.54,860,627871.17,13.29,36,0.1926,2.43,Female,Married,PhD,Government,Vehicle Loan,0,0,1,2,1,6
59,3,21.658939141966716,21299.82,255597.81,2,7588.33,367366.87,1811913.63,739,477165.96,12.74,24,0.3563,1.8669,Male,Single,Graduate,Salaried,Vehicle Loan,0,1,2,0,2,6
61,4,13.780233318267994,40804.88,489658.5,4,7335.27,893779.78,2657678.71,474,804983.43,11.86,60,0.1798,1.644,Female,Divorced,High School,Business,Agricultural Loan,1,0,0,1,0,0
31,3,9.97747339534695,23584.63,283015.52,1,10074.04,366440.92,526572.79,610,50000.0,7.17,48,0.4271,0.1767,Female,Married,Graduate,Salaried,Education Loan,0,0,1,0,2,2
59,4,2.7938247935361984,87640.15,1051681.77,0,37598.88,721680.16,2656576.7,573,323439.86,7.93,84,0.429,0.3075,Female,Married,PhD,Self-employed,Vehicle Loan,1,0,1,2,3,6
44,2,24.62948733158606,35507.51,426090.12,3,16018.62,675145.74,2671314.99,334,327117.99,7.94,60,0.4511,0.7677,Female,Married,High School,Student,Education Loan,1,0,1,1,4,2
39,3,5.079710786979927,89396.25,1072755.05,3,244.2,1111279.99,3334830.53,516,461440.05,7.16,84,0.0027,0.4301,Female,Single,PhD,Self-employed,Education Loan,1,0,2,2,3,2
24,3,15.450474879314095,51177.75,614133.05,4,7630.38,278936.36,1000218.05,707,451990.93,7.82,48,0.1491,0.736,Male,Divorced,PhD,Self-employed,Personal Loan,0,1,0,2,3,5
46,4,19.118377180761442,22780.45,273365.44,2,1525.43,414387.01,700603.9,818,530973.95,13.44,36,0.067,1.9424,Male,Married,Graduate,Business,Agricultural Loan,0,1,1,0,0,0
58,4,22.322343157924873,34988.42,419860.98,0,7942.13,141640.88,350092.27,568,474991.28,11.65,12,0.227,1.1313,Male,Divorced,Post Graduate,Self-employed,Education Loan,1,1,0,3,3,2
62,3,2.500306743494789,13305.44,159665.33,2,3296.09,67824.86,111728.87,774,306496.62,9.18,60,0.2477,1.9196,Female,Married,Graduate,Business,Vehicle Loan,0,0,1,0,0,6
52,4,0.32058416935884737,40711.07,488532.79,2,5209.06,751175.6,1914702.3,624,321374.69,12.55,84,0.128,0.6578,Female,Married,PhD,Student,Agricultural Loan,0,0,1,2,4,0
59,3,21.18025487533741,24065.61,288787.27,4,8705.09,450347.57,1464170.97,655,424108.52,10.42,60,0.3617,1.4686,Male,Divorced,High School,Student,Home Loan,0,1,0,1,4,4
56,1,13.63173824279298,18618.76,223425.17,3,2511.39,357256.28,989656.21,389,662459.47,7.99,60,0.1349,2.965,Female,Married,High School,Self-employed,Gold Loan,1,0,1,1,3,3
60,3,5.4340607969491925,90516.56,1086198.68,2,38645.65,701184.5,2364996.7,341,473581.04,13.19,84,0.4269,0.436,Female,Married,Post Graduate,Business,Vehicle Loan,1,0,1,3,0,6
57,0,29.460822361685498,67396.79,808761.46,2,5986.84,1410716.65,4242076.73,664,236062.55,9.37,48,0.0888,0.2919,Female,Married,Graduate,Government,Business Loan,0,0,1,0,1,1
53,3,23.740624657575367,66291.93,795503.11,0,12172.37,1168154.36,2653179.35,501,226273.32,11.89,48,0.1836,0.2844,Female,Single,PhD,Government,Agricultural Loan,0,0,2,2,1,0
56,1,17.35539183481136,58062.0,696744.06,3,18064.19,1171763.86,1843962.59,665,665248.84,9.03,180,0.3111,0.9548,Female,Married,High School,Salaried,Agricultural Loan,0,0,1,1,2,0
23,1,21.063212786870647,17310.47,207725.59,2,5239.32,299435.16,602071.72,587,810911.47,10.5,180,0.3027,3.9038,Male,Single,Graduate,Salaried,Vehicle Loan,1,1,2,0,2,6
29,2,4.650703693412561,28558.57,342702.83,1,1114.2,409264.81,737844.3,780,1042165.57,12.71,36,0.039,3.041,Male,Single,High School,Salaried,Vehicle Loan,0,1,2,1,2,6
28,2,28.866755852006154,29622.75,355472.96,1,12534.25,104155.94,398884.87,800,298719.16,8.1,120,0.4231,0.8403,Female,Divorced,PhD,Self-employed,Personal Loan,0,0,0,2,3,5
53,0,29.89101237141834,13018.9,156226.85,3,3893.08,225897.95,966813.25,351,98504.07,13.84,60,0.299,0.6305,Female,Single,Graduate,Business,Home Loan,1,0,2,0,0,4
26,4,19.453365292163106,25998.64,311983.63,3,11307.58,438872.51,1703507.55,402,600378.66,7.49,60,0.4349,1.9244,Female,Married,PhD,Salaried,Vehicle Loan,1,0,1,2,2,6
61,4,20.049378043282562,26169.27,314031.28,4,11352.7,214255.59,765950.13,660,249569.95,10.74,36,0.4338,0.7947,Male,Single,Post Graduate,Business,Business Loan,0,1,2,3,0,1
59,1,21.133755772061807,39167.37,470008.48,2,10691.1,702030.31,1566514.23,723,407299.36,13.41,24,0.273,0.8666,Male,Divorced,PhD,Self-employed,Education Loan,0,1,0,2,3,2
24,1,19.973586703163026,165948.46,1991381.57,1,75571.39,2266931.48,8713953.65,504,498113.83,13.62,36,0.4554,0.2501,Male,Divorced,PhD,Business,Home Loan,1,1,0,2,0,4
33,2,13.156224853266362,35863.03,430356.36,1,15213.24,497289.09,1700894.7,313,688947.07,8.62,120,0.4242,1.6009,Male,Married,Graduate,Business,Home Loan,1,1,1,0,0,4
22,1,16.220287116626626,39179.49,470153.88,3,18769.38,370438.46,439922.88,769,903976.89,8.01,36,0.4791,1.9227,Female,Single,PhD,Self-employed,Vehicle Loan,0,0,2,2,3,6
25,3,8.481785924705195,31253.1,375037.19,3,13290.36,115200.67,533430.78,765,1127719.39,12.07,24,0.4252,3.007,Male,Single,PhD,Government,Agricultural Loan,0,1,2,2,1,0
64,3,13.405437491463422,56535.71,678428.5,0,23213.67,338612.4,446905.85,603,1271178.29,7.29,48,0.4106,1.8737,Male,Divorced,Graduate,Business,Education Loan,0,1,0,0,0,2
47,0,13.083099179885046,19065.77,228789.2,0,4474.36,356208.16,1072482.78,726,480814.65,10.4,60,0.2347,2.1016,Female,Divorced,High School,Business,Home Loan,0,0,0,1,0,4
52,3,8.644212669400535,113280.52,1359366.24,3,12009.49,820508.44,2504418.71,409,114586.56,12.57,120,0.106,0.0843,Male,Divorced,Graduate,Student,Agricultural Loan,1,1,0,0,4,0
41,0,23.601144584616915,33708.47,404501.66,0,15349.3,35455.25,154160.46,864,271676.59,10.92,12,0.4554,0.6716,Female,Divorced,High School,Student,Gold Loan,0,0,0,1,4,3
28,2,12.290160131290417,28649.35,343792.22,3,10350.28,685619.12,3189685.26,814,1364776.0,8.32,180,0.3613,3.9698,Male,Divorced,High School,Salaried,Education Loan,0,1,0,1,2,2
58,3,16.55145836900423,64992.18,779906.17,3,9155.7,379924.23,1807946.64,367,498324.95,10.41,36,0.1409,0.639,Female,Single,Graduate,Salaried,Home Loan,1,0,2,0,2,4
28,0,4.682715695578665,21278.37,255340.47,4,3627.92,342024.56,1121392.01,545,2527395.01,13.45,84,0.1705,9.8981,Male,Single,High School,Self-employed,Home Loan,1,1,2,1,3,4
23,4,14.249007005418395,55912.91,670954.93,0,19180.32,1247931.77,4637525.27,688,326704.6,11.32,48,0.343,0.4869,Female,Single,Post Graduate,Self-employed,Education Loan,0,0,2,3,3,2
64,0,22.843659936104174,84381.38,1012576.55,2,20159.44,1248286.9,1690279.64,607,2814486.62,12.05,60,0.2389,2.7795,Female,Married,Graduate,Student,Personal Loan,0,0,1,0,4,5
23,3,13.33576917320773,31419.82,377037.9,2,1280.08,608844.07,1797103.15,651,441879.85,9.35,84,0.0407,1.172,Female,Married,Post Graduate,Student,Education Loan,0,0,1,3,4,2
42,0,16.732241515416057,124455.68,1493468.19,4,8802.0,2919300.86,13403756.27,365,316221.24,8.32,24,0.0707,0.2117,Male,Married,Graduate,Salaried,Gold Loan,1,1,1,0,2,3
26,2,21.05119752349671,53453.9,641446.82,2,19928.92,1111218.89,3136736.03,759,250362.91,8.79,36,0.3728,0.3903,Male,Single,PhD,Student,Personal Loan,0,1,2,2,4,5
22,1,11.669267238510871,53853.17,646238.04,2,8847.26,744885.96,952244.14,646,750041.02,10.73,180,0.1643,1.1606,Female,Single,High School,Business,Vehicle Loan,0,0,2,1,0,6
43,4,10.598476577241605,82414.71,988976.5,4,20918.89,771827.54,1391268.98,624,142850.92,8.96,180,0.2538,0.1444,Male,Married,Post Graduate,Business,Personal Loan,0,1,1,3,0,5
64,2,2.5722587421378584,96610.33,1159323.99,1,37031.78,1168664.5,3176462.47,898,284986.02,10.79,12,0.3833,0.2458,Male,Single,Post Graduate,Student,Gold Loan,0,1,2,3,4,3
22,4,17.468171830896747,42493.37,509920.47,4,15959.99,865250.12,1687335.7,332,424189.11,11.95,180,0.3756,0.8319,Female,Divorced,PhD,Self-employed,Gold Loan,1,0,0,2,3,3
58,4,21.208756471893572,58579.69,702956.24,4,4891.84,1208332.33,3104411.58,367,72673.39,12.14,24,0.0835,0.1034,Male,Married,High School,Salaried,Gold Loan,1,1,1,1,2,3
37,0,17.4375738451681,83935.58,1007226.98,0,4129.37,1716874.05,4003488.46,486,409237.64,8.15,180,0.0492,0.4063,Female,Single,Graduate,Business,Home Loan,0,0,2,0,0,4
55,1,8.50576035275956,18086.36,217036.32,2,5345.9,266523.52,606531.9,491,1752225.44,12.25,60,0.2956,8.0734,Female,Divorced,Graduate,Self-employed,Personal Loan,1,0,0,0,3,5
54,0,7.8701062889558155,12865.42,154385.07,2,4770.71,153998.93,210155.94,512,625035.69,11.71,12,0.3708,4.0486,Male,Married,Graduate,Student,Gold Loan,1,1,1,0,4,3
43,0,4.784628396183315,35082.85,420994.18,1,2614.37,286303.24,1297199.56,899,261336.33,7.08,180,0.0745,0.6208,Female,Single,Graduate,Salaried,Business Loan,0,0,2,0,2,1
50,3,1.4097249297063852,12681.57,152178.86,4,2358.49,13661.85,51516.46,727,301854.31,7.41,60,0.186,1.9835,Male,Single,Post Graduate,Salaried,Personal Loan,0,1,2,3,2,5
28,0,12.806341086785707,30079.61,360955.37,3,13088.81,558974.31,1952792.22,650,579381.44,11.52,12,0.4351,1.6051,Female,Divorced,High School,Self-employed,Business Loan,0,0,0,1,3,1
42,1,4.815609637555919,43854.13,526249.53,1,20704.04,323247.04,1107404.8,407,294019.77,9.69,48,0.4721,0.5587,Female,Married,PhD,Self-employed,Personal Loan,1,0,1,2,3,5
64,2,20.723931029726966,30779.89,369358.65,1,6988.11,264171.2,683149.08,539,643609.75,8.02,12,0.227,1.7425,Female,Single,PhD,Self-employed,Vehicle Loan,0,0,2,2,3,6
56,0,28.85199028509281,33357.71,400292.5,2,1326.23,680499.53,2921562.26,515,287454.49,7.31,240,0.0398,0.7181,Male,Divorced,PhD,Student,Business Loan,0,1,0,2,4,1
25,1,2.204446667550617,19910.45,238925.42,2,2565.43,43838.37,206924.11,476,194963.15,8.12,24,0.1288,0.816,Male,Single,High School,Student,Vehicle Loan,1,1,2,1,4,6
33,0,26.78867351013026,58272.53,699270.39,2,6787.87,1301532.62,1330776.75,864,1137833.24,13.7,180,0.1165,1.6272,Female,Single,Post Graduate,Self-employed,Agricultural Loan,0,0,2,3,3,0
49,4,19.731482654925156,19185.73,230228.74,2,2292.35,19786.71,26055.01,629,780142.45,12.09,48,0.1195,3.3886,Female,Married,High School,Student,Vehicle Loan,0,0,1,1,4,6
51,0,25.808369421284247,10283.12,123397.44,1,2539.32,232407.65,859885.65,860,97660.89,10.69,240,0.2469,0.7914,Male,Married,High School,Salaried,Business Loan,0,1,1,1,2,1
36,3,4.648765535789171,32067.45,384809.38,4,9351.28,367475.17,714469.82,749,337902.77,13.59,24,0.2916,0.8781,Female,Single,High School,Government,Agricultural Loan,0,0,2,1,1,0
62,4,27.194460856558617,62881.79,754581.53,2,3851.81,210579.83,978526.58,746,1019019.39,11.33,36,0.0613,1.3504,Female,Single,PhD,Student,Home Loan,0,0,2,2,4,4
50,1,28.736154643749682,38097.29,457167.5,0,16941.03,628822.9,2307561.39,836,387351.37,12.08,24,0.4447,0.8473,Male,Married,Post Graduate,Salaried,Agricultural Loan,0,1,1,3,2,0
36,0,27.20142326857337,18053.99,216647.84,1,5596.5,390050.92,964660.29,478,278051.21,8.98,60,0.31,1.2834,Female,Single,Post Graduate,Government,Agricultural Loan,1,0,2,3,1,0
32,4,23.564988943298758,38606.29,463275.52,3,11528.84,427590.75,1137874.4,694,361480.98,11.12,12,0.2986,0.7803,Female,Single,High School,Government,Home Loan,0,0,2,1,1,4
37,4,2.709127717803048,47239.34,566872.04,3,23319.2,798402.97,3004813.56,444,483464.87,8.0,36,0.4936,0.8529,Male,Single,Post Graduate,Self-employed,Vehicle Loan,1,1,2,3,3,6
36,2,6.6219321392767325,38337.74,460052.86,4,12040.81,901908.42,1410455.26,497,383192.0,9.83,12,0.3141,0.8329,Male,Divorced,Post Graduate,Self-employed,Gold Loan,1,1,0,3,3,3
32,4,27.394056333226565,30984.72,371816.64,1,14391.77,202519.81,918153.45,383,414098.3,7.23,180,0.4645,1.1137,Female,Divorced,Post Graduate,Salaried,Education Loan,1,0,0,3,2,2
28,1,6.882728916803834,48611.88,583342.55,1,6957.74,965934.45,984371.04,384,392404.38,8.52,48,0.1431,0.6727,Male,Married,Graduate,Self-employed,Business Loan,1,1,1,0,3,1
40,0,10.431420969512596,12796.72,153560.59,1,1536.43,99692.22,490065.81,756,203029.24,7.52,36,0.1201,1.3221,Female,Single,PhD,Government,Agricultural Loan,0,0,2,2,1,0
23,4,1.5143068367153356,21239.69,254876.25,0,5485.35,229511.07,383417.04,775,194827.99,9.71,180,0.2583,0.7644,Male,Single,Post Graduate,Salaried,Home Loan,0,1,2,3,2,4
36,1,18.842790138450916,16595.31,199143.67,0,4220.26,124143.09,492655.09,552,184985.95,12.9,240,0.2543,0.9289,Female,Divorced,PhD,Salaried,Education Loan,1,0,0,2,2,2
50,2,16.899027668078535,81554.91,978658.93,2,9235.43,918167.22,1064797.45,371,476012.6,9.65,180,0.1132,0.4864,Female,Married,Graduate,Salaried,Home Loan,1,0,1,0,2,4
43,0,28.853150037229693,55671.24,668054.93,3,19475.35,62187.44,169505.27,522,705182.86,12.82,84,0.3498,1.0556,Female,Married,High School,Self-employed,Personal Loan,1,0,1,1,3,5
48,3,26.770339058605945,40581.8,486981.63,0,601.3,323805.99,1140203.38,575,208346.42,11.6,36,0.0148,0.4278,Male,Single,High School,Self-employed,Agricultural Loan,0,1,2,1,3,0
60,4,15.178316725860423,15208.76,182505.15,3,5251.82,170973.31,219001.39,545,133239.58,10.57,180,0.3453,0.7301,Male,Single,High School,Self-employed,Gold Loan,1,1,2,1,3,3
25,4,18.28011909157572,56754.41,681052.94,1,12973.43,882050.07,2446078.41,640,220343.89,8.66,60,0.2286,0.3235,Male,Divorced,PhD,Student,Home Loan,0,1,0,2,4,4
40,2,12.395904604650491,83443.42,1001321.04,0,28746.57,1306666.55,2891059.35,872,1358542.29,13.46,60,0.3445,1.3567,Female,Divorced,Post Graduate,Student,Personal Loan,0,0,0,3,4,5
60,1,3.9737741222343104,51169.39,614032.72,3,12205.96,738224.38,2209486.7,770,344384.11,7.38,240,0.2385,0.5609,Male,Married,Graduate,Student,Gold Loan,0,1,1,0,4,3
64,2,26.033717863157598,35557.04,426684.52,0,17375.55,275201.99,830643.86,753,372775.65,11.82,12,0.4887,0.8737,Male,Divorced,Post Graduate,Salaried,Business Loan,0,1,0,3,2,1
21,1,16.48615743016605,53052.16,636625.89,1,8877.88,1209074.55,5006688.77,306,233708.44,11.35,120,0.1673,0.3671,Male,Divorced,PhD,Self-employed,Home Loan,1,1,0,2,3,4
50,0,12.761763716577839,42776.74,513320.82,1,21015.63,428422.09,640070.37,487,698971.08,10.09,180,0.4913,1.3617,Male,Married,High School,Student,Gold Loan,1,1,1,1,4,3
41,4,2.053962181033099,63300.32,759603.9,1,2056.44,379077.83,504506.5,303,400845.53,8.68,36,0.0325,0.5277,Female,Married,Graduate,Salaried,Home Loan,0,0,1,0,2,4
40,3,19.961502250641725,62455.61,749467.35,2,21352.35,859001.86,2239899.68,424,247381.98,10.01,180,0.3419,0.3301,Male,Married,Post Graduate,Government,Vehicle Loan,1,1,1,3,1,6
26,2,11.989947172672256,31804.42,381653.09,3,7223.09,579647.06,2637440.3,314,193933.68,13.11,12,0.2271,0.5081,Male,Single,Post Graduate,Student,Home Loan,1,1,2,3,4,4
42,3,7.610875988402607,24431.17,293174.07,2,10042.89,31305.43,138403.73,824,598557.62,12.86,180,0.4111,2.0416,Female,Single,High School,Salaried,Home Loan,0,0,2,1,2,4
38,3,26.302598153074015,28569.82,342837.85,4,11279.59,210157.1,680903.03,539,546444.55,13.59,120,0.3948,1.5939,Female,Divorced,Post Graduate,Business,Personal Loan,1,0,0,3,0,5
28,4,5.5089550299723715,50086.67,601040.05,4,20039.93,1000455.74,4557171.2,659,164287.87,9.15,48,0.4001,0.2733,Male,Divorced,Post Graduate,Student,Vehicle Loan,0,1,0,3,4,6
59,4,15.450596233251458,29623.88,355486.61,0,1403.26,375082.37,1583363.1,817,1181039.75,9.71,120,0.0474,3.3223,Male,Divorced,High School,Government,Education Loan,0,1,0,1,1,2
52,3,23.872680558705046,23148.43,277781.16,0,9518.24,240633.27,508159.21,619,264736.24,7.13,120,0.4112,0.953,Female,Single,PhD,Salaried,Gold Loan,0,0,2,2,2,3
53,0,25.472243193380326,36294.74,435536.82,0,3884.27,813391.49,1366843.5,530,74622.5,13.6,12,0.107,0.1713,Female,Single,PhD,Student,Agricultural Loan,1,0,2,2,4,0
36,3,24.56116199758851,70578.03,846936.34,2,906.23,215919.87,476022.56,329,1502900.6,9.31,36,0.0128,1.7745,Male,Married,Graduate,Student,Education Loan,0,1,1,0,4,2
32,1,26.898790059195118,39382.03,472584.33,1,4287.5,596957.29,1139275.98,833,407569.29,9.83,120,0.1089,0.8624,Male,Married,Post Graduate,Business,Education Loan,0,1,1,3,0,2
58,1,4.270721326847848,30769.19,369230.3,0,7373.61,272933.21,952775.76,455,626294.81,13.35,60,0.2396,1.6962,Male,Single,PhD,Salaried,Agricultural Loan,0,1,2,2,2,0
54,1,28.213755971746007,44013.83,528165.9,0,16331.58,115709.63,386423.45,698,1685931.85,10.69,240,0.3711,3.192,Male,Single,High School,Salaried,Vehicle Loan,0,1,2,1,2,6
34,1,0.3240879748848846,38193.61,458323.33,4,4175.18,225958.13,766845.29,645,198372.7,10.96,120,0.1093,0.4328,Female,Single,PhD,Salaried,Vehicle Loan,0,0,2,2,2,6
56,2,7.677120052522984,11382.33,136588.01,1,643.14,175771.28,308867.78,494,649181.98,8.23,36,0.0565,4.7528,Female,Divorced,Post Graduate,Self-employed,Vehicle Loan,1,0,0,3,3,6
53,0,2.5211623863245327,55163.43,661961.14,2,17816.88,91040.04,379404.89,467,1132867.6,10.49,12,0.323,1.7114,Female,Married,Graduate,Business,Personal Loan,1,0,1,0,0,5
43,2,28.365994055145478,46373.11,556477.33,1,22813.21,678054.77,1854143.71,676,209481.66,13.43,60,0.4919,0.3764,Female,Divorced,Graduate,Salaried,Personal Loan,0,0,0,0,2,5
22,2,12.718069600977076,36669.59,440035.08,4,11016.83,843677.78,2438066.53,788,1423352.37,10.91,60,0.3004,3.2346,Male,Married,PhD,Business,Gold Loan,0,1,1,2,0,3
61,1,9.458082146348778,68693.79,824325.43,2,23735.67,1324911.43,6608456.03,661,143296.65,8.79,120,0.3455,0.1738,Female,Single,High School,Self-employed,Vehicle Loan,0,0,2,1,3,6
41,0,5.012623905929101,75191.96,902303.55,3,21097.64,672872.78,1432604.79,781,409916.21,7.22,12,0.2806,0.4543,Female,Divorced,High School,Salaried,Education Loan,0,0,0,1,2,2
22,0,4.674537223213607,58645.21,703742.53,0,22940.49,245065.19,631423.22,543,187162.13,9.35,24,0.3912,0.266,Male,Married,Post Graduate,Business,Gold Loan,0,1,1,3,0,3
47,3,18.417950581288565,21803.36,261640.36,2,10637.91,255022.64,945076.39,880,771949.44,11.01,84,0.4879,2.9504,Female,Divorced,PhD,Business,Personal Loan,0,0,0,2,0,5
29,2,1.4125249917727056,22260.59,267127.13,4,6056.32,223448.73,1010357.43,888,204369.43,7.3,180,0.2721,0.7651,Female,Single,High School,Self-employed,Agricultural Loan,0,0,2,1,3,0
21,0,17.82991125694657,70997.6,851971.18,1,14795.56,1657783.84,2498485.85,470,269993.4,11.27,48,0.2084,0.3169,Male,Married,High School,Business,Agricultural Loan,0,1,1,1,0,0
31,4,23.239481165964193,11774.2,141290.35,2,5064.92,279836.91,1102608.7,812,219000.14,10.66,36,0.4302,1.55,Female,Single,High School,Self-employed,Home Loan,0,0,2,1,3,4
23,2,18.03044600876498,33212.83,398553.95,4,16103.71,346856.42,1620902.41,705,169134.79,12.48,36,0.4849,0.4244,Female,Married,PhD,Student,Home Loan,0,0,1,2,4,4
43,0,24.797363041378773,47282.5,567389.98,2,3054.02,209084.7,562792.97,873,239528.55,7.2,36,0.0646,0.4222,Male,Divorced,Post Graduate,Business,Gold Loan,0,1,0,3,0,3
46,4,7.957761121453729,12705.06,152460.68,0,3672.85,278800.01,598557.89,506,426656.57,12.47,24,0.2891,2.7985,Male,Married,High School,Self-employed,Personal Loan,1,1,1,1,3,5
24,4,2.315145528349676,41798.09,501577.09,1,16561.66,804674.79,2986106.77,453,408328.51,10.65,12,0.3962,0.8141,Male,Divorced,Graduate,Government,Gold Loan,0,1,0,0,1,3
38,4,21.629718507705274,64386.38,772636.6,1,17169.9,821525.61,1630148.84,347,372064.12,9.59,60,0.2667,0.4816,Female,Single,PhD,Salaried,Personal Loan,1,0,2,2,2,5
26,1,24.843911711738215,14893.12,178717.39,2,3047.11,140042.3,355309.59,300,259565.8,13.76,60,0.2046,1.4524,Female,Single,PhD,Salaried,Agricultural Loan,1,0,2,2,2,0
55,3,15.050296096963622,98213.81,1178565.73,4,32176.31,1110583.51,5094972.31,706,332758.86,8.12,60,0.3276,0.2823,Female,Married,PhD,Salaried,Agricultural Loan,0,0,1,2,2,0
42,3,24.61850819966266,19813.17,237757.99,0,2676.05,430802.96,1448071.01,406,124434.07,10.79,48,0.1351,0.5234,Male,Single,High School,Self-employed,Vehicle Loan,1,1,2,1,3,6
63,0,13.73757466365799,51269.01,615228.12,0,8949.87,268998.2,371193.06,472,252915.47,9.25,36,0.1746,0.4111,Female,Married,Post Graduate,Self-employed,Home Loan,0,0,1,3,3,4
35,0,5.955829017673786,34538.92,414467.06,2,17136.08,675443.88,1566212.61,805,370493.31,10.69,36,0.4961,0.8939,Female,Divorced,Post Graduate,Salaried,Education Loan,0,0,0,3,2,2
42,3,14.231820528206342,37862.23,454346.78,3,12049.0,53703.2,188447.8,429,559884.37,10.87,24,0.3182,1.2323,Male,Married,Graduate,Self-employed,Vehicle Loan,1,1,1,0,3,6
57,4,6.478519468548546,16812.92,201755.04,2,7338.23,372795.5,1090796.1,697,507783.37,7.63,60,0.4365,2.5168,Male,Married,Graduate,Business,Education Loan,0,1,1,0,0,2
62,0,14.160947123640168,77364.54,928374.45,0,31246.32,967585.69,3523325.18,593,165647.31,11.63,48,0.4039,0.1784,Female,Married,Post Graduate,Business,Gold Loan,1,0,1,3,0,3
32,1,4.426546775368035,44158.03,529896.36,1,14401.54,274450.99,1110364.4,851,622955.15,11.44,84,0.3261,1.1756,Male,Single,Post Graduate,Business,Home Loan,0,1,2,3,0,4
62,1,5.566862142798582,96038.47,1152461.62,2,40371.17,102348.15,299108.44,746,487868.01,12.39,24,0.4204,0.4233,Male,Divorced,Post Graduate,Student,Agricultural Loan,0,1,0,3,4,0
58,3,26.487382964314833,17078.06,204936.68,2,2452.05,236865.28,1171963.62,315,1400211.13,7.63,24,0.1436,6.8324,Male,Married,PhD,Salaried,Education Loan,1,1,1,2,2,2
38,0,3.4757454181668326,32573.66,390883.9,1,10376.61,215742.54,1005078.8,648,133850.56,9.08,180,0.3186,0.3424,Male,Divorced,PhD,Government,Business Loan,0,1,0,2,1,1
55,0,6.728228402862099,41180.39,494164.73,2,12160.64,639081.81,792224.75,502,396653.54,11.55,84,0.2953,0.8027,Female,Single,Post Graduate,Salaried,Gold Loan,1,0,2,3,2,3
50,4,29.865601518649612,37655.33,451864.0,4,11718.71,281168.37,580816.4,433,1009580.15,7.96,36,0.3112,2.2343,Female,Married,Graduate,Business,Personal Loan,1,0,1,0,0,5
44,0,17.280555482723596,54180.22,650162.66,1,4568.26,163870.93,360872.32,825,349011.2,11.74,60,0.0843,0.5368,Male,Married,Post Graduate,Salaried,Vehicle Loan,0,1,1,3,2,6
62,3,17.57457651478397,32326.7,387920.43,1,4481.18,407839.74,708483.47,807,213040.03,7.41,36,0.1386,0.5492,Female,Divorced,Graduate,Student,Personal Loan,0,0,0,0,4,5
50,0,25.349126292669986,129730.65,1556767.75,1,18594.18,1814045.93,4078095.0,365,230303.02,9.34,24,0.1433,0.1479,Male,Divorced,PhD,Business,Agricultural Loan,1,1,0,2,0,0
34,0,15.729589094668722,37194.1,446329.19,0,11194.42,424368.7,1145491.01,779,828881.54,12.93,36,0.301,1.8571,Male,Divorced,Post Graduate,Student,Agricultural Loan,0,1,0,3,4,0
26,1,6.653458604503642,10000.0,120000.0,2,4862.73,115348.18,139133.42,758,128223.43,12.42,12,0.4863,1.0685,Male,Married,Graduate,Student,Vehicle Loan,0,1,1,0,4,6
23,3,12.673996689023527,38197.32,458367.83,3,18221.41,556227.56,839459.16,641,338884.86,11.51,120,0.477,0.7393,Male,Married,Post Graduate,Student,Home Loan,0,1,1,3,4,4
36,2,22.65003760891386,77410.55,928926.63,2,8793.43,1014552.82,1405138.94,458,219508.1,13.09,84,0.1136,0.2363,Male,Divorced,PhD,Business,Education Loan,1,1,0,2,0,2
27,3,26.1734531533017,20868.92,250427.06,2,3180.9,84499.38,100154.39,460,233106.67,11.96,60,0.1524,0.9308,Male,Divorced,PhD,Student,Personal Loan,1,1,0,2,4,5
34,3,8.196114749948856,20089.39,241072.63,0,362.23,111153.97,325235.18,553,629877.53,10.64,84,0.018,2.6128,Female,Divorced,PhD,Student,Personal Loan,1,0,0,2,4,5
29,2,7.859257924175798,21933.41,263200.88,4,4373.69,93462.5,218254.78,826,322470.13,13.86,180,0.1994,1.2252,Female,Single,High School,Government,Education Loan,0,0,2,1,1,2
35,2,9.82824618623387,19036.51,228438.1,4,7944.64,322588.83,1529648.16,848,533080.25,11.86,36,0.4173,2.3336,Male,Married,PhD,Salaried,Education Loan,1,1,1,2,2,2
41,1,17.88632099568533,27237.74,326852.94,0,12471.51,358387.81,505700.3,454,163798.82,11.21,36,0.4579,0.5011,Female,Divorced,Post Graduate,Government,Gold Loan,1,0,0,3,1,3
55,4,8.355271968190355,62666.25,751995.02,0,7410.17,682226.67,3209290.68,785,859339.09,9.86,60,0.1182,1.1427,Male,Single,Graduate,Salaried,Vehicle Loan,0,1,2,0,2,6
22,3,26.794107763817777,90744.18,1088930.18,0,12059.65,1756970.42,2365202.77,731,524467.75,13.32,60,0.1329,0.4816,Female,Married,Post Graduate,Business,Agricultural Loan,0,0,1,3,0,0
47,3,29.34022766148942,10000.0,120000.0,2,1104.25,84932.77,295300.15,326,1191122.11,9.07,12,0.1104,9.926,Female,Single,Post Graduate,Government,Agricultural Loan,1,0,2,3,1,0
22,3,20.373597674839043,28938.47,347261.67,0,5065.73,407061.67,810427.76,311,319476.71,7.06,48,0.1751,0.92,Female,Divorced,High School,Self-employed,Business Loan,1,0,0,1,3,1
55,3,29.10899088156735,43547.99,522575.86,3,17522.83,118074.92,508574.96,366,633902.31,8.38,240,0.4024,1.213,Male,Single,Post Graduate,Business,Business Loan,1,1,2,3,0,1
38,1,8.635514054978092,41011.47,492137.62,1,13264.29,743180.87,925928.53,841,827957.86,7.77,180,0.3234,1.6824,Female,Single,High School,Business,Agricultural Loan,0,0,2,1,0,0
34,3,24.455110595566293,113546.05,1362552.65,4,44620.25,1929082.32,9278948.87,395,624006.48,9.23,36,0.393,0.458,Male,Divorced,Post Graduate,Salaried,Gold Loan,1,1,0,3,2,3
40,2,20.353339195342734,10868.06,130416.74,3,3168.21,211435.22,251402.57,514,1720682.12,12.78,60,0.2915,13.1937,Male,Divorced,High School,Salaried,Personal Loan,1,1,0,1,2,5
38,2,7.895754919921112,10000.0,120000.0,4,1288.67,213429.47,419272.18,493,116941.06,11.56,60,0.1289,0.9745,Male,Married,PhD,Student,Education Loan,1,1,1,2,4,2
30,0,9.552218407340021,125157.41,1501888.94,2,14267.58,2307233.09,6591162.53,589,508754.44,8.18,120,0.114,0.3387,Female,Single,High School,Self-employed,Agricultural Loan,0,0,2,1,3,0
45,1,14.658769995101554,57071.5,684858.05,2,256.84,1165586.59,4690590.33,843,319756.95,12.52,180,0.0045,0.4669,Male,Divorced,High School,Business,Home Loan,0,1,0,1,0,4
22,0,23.74930009603545,25775.43,309305.18,0,10065.08,230691.55,1108346.21,338,301899.09,10.53,240,0.3905,0.9761,Female,Divorced,Post Graduate,Business,Personal Loan,1,0,0,3,0,5
45,3,26.166668076158935,40253.78,483045.39,4,17049.92,358128.22,971304.51,505,1461286.26,10.59,120,0.4236,3.0252,Female,Divorced,PhD,Government,Personal Loan,1,0,0,2,1,5
53,1,19.018411312545183,42021.24,504254.93,2,16142.1,954677.23,3846624.03,854,269367.07,9.53,24,0.3841,0.5342,Female,Married,High School,Salaried,Business Loan,0,0,1,1,2,1
56,1,21.647291166729893,25404.65,304855.81,2,945.08,559796.92,2188050.35,783,875246.82,13.05,180,0.0372,2.871,Male,Single,Post Graduate,Government,Vehicle Loan,0,1,2,3,1,6
51,4,7.915486128449169,39539.96,474479.49,4,15069.11,538353.87,1768317.82,636,190371.56,9.23,180,0.3811,0.4012,Male,Divorced,Graduate,Salaried,Gold Loan,0,1,0,0,2,3
34,4,22.23214649334517,44931.21,539174.57,2,1028.19,423739.63,1594818.99,795,1000100.2,7.66,24,0.0229,1.8549,Female,Single,Post Graduate,Salaried,Business Loan,0,0,2,3,2,1
21,0,18.149394389748288,121700.47,1460405.66,0,6425.36,2545734.76,2933365.47,548,434537.97,9.12,84,0.0528,0.2975,Male,Divorced,Post Graduate,Government,Vehicle Loan,1,1,0,3,1,6
36,0,6.687627157388708,64735.87,776830.44,2,14257.28,546270.79,1511154.14,373,352847.63,12.01,12,0.2202,0.4542,Female,Divorced,Graduate,Government,Personal Loan,0,0,0,0,1,5
23,2,28.505609148071994,103114.35,1237372.25,3,24548.8,467479.95,1936976.41,672,129391.29,11.6,120,0.2381,0.1046,Male,Single,High School,Government,Education Loan,0,1,2,1,1,2
55,2,15.38578828244572,16217.68,194612.13,3,6617.77,254752.65,737989.02,437,353434.67,8.32,24,0.4081,1.8161,Female,Single,Post Graduate,Salaried,Home Loan,1,0,2,3,2,4
61,2,23.83386058378936,29486.32,353835.82,0,10018.37,58391.8,262413.84,756,255402.78,7.78,60,0.3398,0.7218,Male,Married,Post Graduate,Self-employed,Vehicle Loan,0,1,1,3,3,6
26,1,15.76838300422095,41996.78,503961.34,3,3219.48,408181.13,1769282.13,743,1790723.07,11.63,120,0.0767,3.5533,Female,Married,Post Graduate,Government,Business Loan,0,0,1,3,1,1
45,3,27.988101490095172,11468.27,137619.26,2,1296.76,224505.96,999901.1,652,461082.65,11.73,240,0.1131,3.3504,Male,Single,PhD,Salaried,Personal Loan,0,1,2,2,2,5
33,0,4.238381539133949,73800.12,885601.41,3,10541.43,574900.89,873841.72,710,274526.45,9.56,12,0.1428,0.31,Male,Divorced,High School,Government,Business Loan,0,1,0,1,1,1
54,2,16.38463877311673,53387.18,640646.12,3,3301.27,1196954.17,2365857.13,837,265381.22,12.9,240,0.0618,0.4142,Female,Married,PhD,Self-employed,Business Loan,0,0,1,2,3,1
28,1,0.7546500617955532,29135.27,349623.29,2,4190.31,669644.19,748922.76,752,149056.98,13.85,60,0.1438,0.4263,Male,Single,High School,Self-employed,Gold Loan,0,1,2,1,3,3
41,4,5.921807776143422,32532.65,390391.77,4,11851.61,642967.92,3170605.26,718,1495278.9,8.44,84,0.3643,3.8302,Female,Married,Graduate,Student,Agricultural Loan,0,0,1,0,4,0
54,3,8.430795138111321,77058.5,924701.98,0,9301.02,1827503.66,3553676.91,749,1208660.61,11.04,180,0.1207,1.3071,Male,Single,Post Graduate,Student,Vehicle Loan,0,1,2,3,4,6
24,4,14.17830213292041,22533.02,270396.28,4,9411.59,297606.59,734604.17,884,419351.48,7.04,24,0.4177,1.5509,Female,Divorced,PhD,Self-employed,Personal Loan,1,0,0,2,3,5
45,4,24.605179722722887,78945.36,947344.29,4,18533.09,1112465.58,2335850.42,414,2529358.62,11.99,120,0.2348,2.6699,Female,Married,Graduate,Government,Gold Loan,1,0,1,0,1,3
35,3,13.999635016994771,31218.83,374625.98,3,5040.84,631614.3,732151.18,350,437800.97,9.9,48,0.1615,1.1686,Male,Married,High School,Student,Gold Loan,1,1,1,1,4,3
24,1,16.835615985251824,57159.31,685911.77,1,11786.77,705032.75,1441814.57,668,1063575.07,8.35,240,0.2062,1.5506,Female,Married,High School,Salaried,Home Loan,0,0,1,1,2,4
32,4,27.721630820439312,38256.11,459073.3,4,13571.29,396125.18,551716.28,814,695877.62,12.27,84,0.3547,1.5158,Female,Married,Graduate,Self-employed,Education Loan,0,0,1,0,3,2
52,1,22.69597393506183,138678.88,1664146.53,2,35834.12,2099505.66,5410703.93,509,279400.54,12.67,120,0.2584,0.1679,Male,Single,High School,Government,Home Loan,1,1,2,1,1,4
52,4,1.506101646462138,21323.49,255881.88,2,77.6,343866.2,1673698.74,734,511901.35,7.78,84,0.0036,2.0005,Female,Single,Post Graduate,Salaried,Gold Loan,0,0,2,3,2,3
48,2,5.2938777216467034,25745.89,308950.72,2,11873.03,470393.03,1784224.03,526,596109.24,7.29,180,0.4612,1.9295,Male,Married,High School,Self-employed,Vehicle Loan,1,1,1,1,3,6
33,3,1.1465253639380169,14710.62,176527.4,1,485.42,240792.43,921657.87,567,155840.15,9.34,84,0.033,0.8828,Female,Divorced,High School,Self-employed,Business Loan,1,0,0,1,3,1
51,0,2.0716878233545444,18806.27,225675.26,1,8825.98,341363.95,960155.65,415,557033.37,11.38,120,0.4693,2.4683,Male,Single,Graduate,Government,Education Loan,1,1,2,0,1,2
34,3,10.165644059638428,55707.88,668494.54,0,784.17,920008.51,3905634.89,899,1102130.44,12.55,180,0.0141,1.6487,Female,Single,High School,Government,Gold Loan,0,0,2,1,1,3
40,4,21.83575511598761,94854.38,1138252.6,1,36565.38,1143018.13,5295759.19,659,254428.7,10.82,12,0.3855,0.2235,Female,Divorced,High School,Business,Education Loan,0,0,0,1,0,2
38,4,7.330586783117621,59628.48,715541.71,0,15940.92,244685.18,1185793.32,628,373869.75,11.07,48,0.2673,0.5225,Male,Married,Graduate,Government,Vehicle Loan,0,1,1,0,1,6
49,2,11.76858787414613,36198.22,434378.59,2,9153.19,690126.01,963388.92,339,182101.07,12.6,84,0.2529,0.4192,Female,Married,Post Graduate,Salaried,Personal Loan,1,0,1,3,2,5
26,2,11.816239843308582,21244.03,254928.39,1,773.05,36283.12,163948.03,481,300667.93,10.7,12,0.0364,1.1794,Female,Single,Graduate,Student,Personal Loan,1,0,2,0,4,5
52,3,17.709196510268818,62258.55,747102.64,3,7431.96,1483465.8,2819076.85,789,319923.53,11.28,48,0.1194,0.4282,Female,Divorced,Post Graduate,Government,Gold Loan,0,0,0,3,1,3
49,0,26.787570214951128,20554.58,246654.91,3,7991.08,412212.67,1067246.47,508,1563644.68,10.61,84,0.3888,6.3394,Female,Divorced,Post Graduate,Government,Agricultural Loan,1,0,0,3,1,0
63,3,29.4968185029177,16165.41,193984.9,3,7203.79,265612.92,632665.75,572,343261.6,13.16,120,0.4456,1.7695,Female,Single,PhD,Student,Gold Loan,1,0,2,2,4,3
22,0,18.138328929836444,30179.51,362154.09,1,7984.27,701128.97,2594541.9,418,289451.49,8.65,84,0.2646,0.7992,Female,Married,Graduate,Student,Home Loan,1,0,1,0,4,4
43,1,15.152114395159218,10717.53,128610.31,1,1893.48,161693.35,548415.03,681,410378.32,8.85,48,0.1767,3.1909,Female,Married,Graduate,Self-employed,Gold Loan,0,0,1,0,3,3
39,4,20.45627055099597,15853.87,190246.47,1,475.17,36431.51,52330.93,835,112854.11,7.9,120,0.03,0.5932,Female,Divorced,Graduate,Self-employed,Personal Loan,0,0,0,0,3,5
51,1,20.040937422660676,112599.69,1351196.23,3,38406.54,1561283.59,6450116.11,557,67038.94,12.74,24,0.3411,0.0496,Female,Divorced,High School,Student,Personal Loan,1,0,0,1,4,5
25,3,15.71837588027629,14184.64,170215.68,2,1974.83,104621.59,288607.2,782,146430.74,9.88,84,0.1392,0.8603,Female,Divorced,Post Graduate,Student,Home Loan,0,0,0,3,4,4
39,0,22.108688964524877,17802.8,213633.59,4,489.7,169090.68,170593.46,808,573367.62,9.44,60,0.0275,2.6839,Male,Divorced,Post Graduate,Student,Business Loan,0,1,0,3,4,1
54,0,14.738142089547196,37914.91,454978.93,2,12622.85,438692.91,1166051.48,391,441466.97,13.87,24,0.3329,0.9703,Male,Divorced,Post Graduate,Salaried,Vehicle Loan,0,1,0,3,2,6
30,1,29.89375278756139,39118.17,469418.03,1,9500.23,736040.32,2256203.76,460,886719.61,13.49,240,0.2429,1.889,Male,Divorced,Graduate,Business,Education Loan,0,1,0,0,0,2
45,2,1.4699191034071801,31546.74,378560.84,4,188.68,396459.57,505683.68,448,131098.36,13.8,120,0.006,0.3463,Male,Divorced,Post Graduate,Salaried,Personal Loan,1,1,0,3,2,5
22,2,13.296468653022561,10915.9,130990.8,4,605.42,130091.84,208737.7,416,375776.35,8.0,36,0.0555,2.8687,Male,Divorced,Post Graduate,Business,Agricultural Loan,1,1,0,3,0,0
31,1,11.910730317167465,60421.1,725053.15,2,21123.27,480067.31,2387993.39,757,123814.82,13.24,120,0.3496,0.1708,Female,Divorced,Post Graduate,Self-employed,Education Loan,0,0,0,3,3,2
51,2,23.10911870840616,27838.3,334059.57,3,886.25,373508.15,1675102.49,864,547904.57,9.3,84,0.0318,1.6401,Female,Single,Post Graduate,Student,Gold Loan,0,0,2,3,4,3
35,0,5.724760692222458,75528.83,906345.96,0,32702.59,507024.25,777425.19,344,146925.54,7.09,120,0.433,0.1621,Female,Married,PhD,Salaried,Gold Loan,1,0,1,2,2,3
29,3,13.022264940231782,24664.23,295970.8,3,3839.31,172720.12,573644.55,533,364144.25,9.74,48,0.1557,1.2303,Male,Single,PhD,Student,Business Loan,1,1,2,2,4,1
43,2,20.93833609965032,65479.78,785757.31,3,2902.93,1205937.87,3035313.29,674,521840.63,10.56,180,0.0443,0.6641,Male,Single,Graduate,Student,Vehicle Loan,0,1,2,0,4,6
39,0,18.095755989504337,79035.32,948423.79,4,30023.83,701721.94,2227940.22,846,323527.91,7.76,180,0.3799,0.3411,Female,Divorced,PhD,Student,Business Loan,0,0,0,2,4,1
29,3,16.353654944298547,27442.13,329305.54,1,7195.7,59884.01,172594.13,496,72434.63,10.76,120,0.2622,0.22,Female,Divorced,High School,Salaried,Education Loan,0,0,0,1,2,2
55,0,13.048653972174819,61590.94,739091.32,1,9443.12,548441.33,654068.78,324,1672560.42,12.74,120,0.1533,2.263,Female,Divorced,PhD,Student,Personal Loan,0,0,0,2,4,5
41,4,22.56026400731877,16364.56,196374.7,4,3322.81,256713.46,580604.01,694,297181.79,9.64,180,0.203,1.5133,Female,Single,High School,Self-employed,Agricultural Loan,0,0,2,1,3,0
29,3,19.39275383730813,42540.58,510486.94,3,455.45,838971.19,1260203.8,335,122075.4,9.47,12,0.0107,0.2391,Male,Divorced,Graduate,Business,Home Loan,1,1,0,0,0,4
48,4,26.241330760380414,75609.46,907313.46,2,25053.14,1748434.15,5168148.2,773,813382.54,9.37,84,0.3313,0.8965,Male,Divorced,High School,Government,Agricultural Loan,0,1,0,1,1,0
27,2,21.98996659349531,49567.75,594813.0,0,9065.29,900302.5,4167740.57,522,838069.06,13.46,24,0.1829,1.409,Male,Married,Post Graduate,Self-employed,Personal Loan,0,1,1,3,3,5
36,2,4.212226933492417,153850.15,1846201.8,3,54927.39,1671364.49,8326956.98,829,347408.04,7.34,12,0.357,0.1882,Male,Divorced,High School,Business,Education Loan,0,1,0,1,0,2
36,0,18.586141252938628,51257.38,615088.5,3,16099.2,403894.97,1929411.21,487,1512082.78,10.12,120,0.3141,2.4583,Female,Married,PhD,Government,Education Loan,1,0,1,2,1,2
53,1,1.3361529968151065,29168.28,350019.41,0,9497.98,116133.23,574021.97,701,244615.59,8.85,84,0.3256,0.6989,Female,Single,High School,Student,Personal Loan,0,0,2,1,4,5
24,0,11.621125868786619,199692.08,2396304.9,2,79167.2,3082604.23,3270597.66,556,509160.65,13.26,60,0.3964,0.2125,Female,Married,Post Graduate,Self-employed,Personal Loan,1,0,1,3,3,5
24,4,12.358131201653283,96782.42,1161389.0,0,30542.5,1231780.42,4825854.45,435,665731.23,7.67,60,0.3156,0.5732,Female,Divorced,Post Graduate,Government,Vehicle Loan,1,0,0,3,1,6
59,3,25.646487103014053,13880.71,166568.53,4,2906.11,230241.23,481617.5,890,1485405.82,9.88,240,0.2094,8.9177,Male,Divorced,Post Graduate,Government,Gold Loan,1,1,0,3,1,3
60,1,5.411151203314639,22685.97,272231.61,0,4422.94,146416.65,653380.21,743,93465.95,9.85,240,0.195,0.3433,Female,Married,PhD,Government,Business Loan,0,0,1,2,1,1
37,0,19.30624514769856,19479.25,233751.01,0,1164.68,164479.21,699848.18,717,2767470.99,13.22,84,0.0598,11.8394,Female,Married,Graduate,Student,Vehicle Loan,0,0,1,0,4,6
57,4,5.771610677569154,53496.83,641962.01,3,20848.88,412898.9,1112637.95,591,1131549.13,8.51,36,0.3897,1.7626,Male,Divorced,High School,Business,Agricultural Loan,1,1,0,1,0,0
59,4,28.46010453593383,51159.06,613908.68,3,19468.8,989722.73,2863310.11,873,633848.21,11.51,120,0.3806,1.0325,Female,Married,Graduate,Business,Agricultural Loan,0,0,1,0,0,0
49,2,15.884907979446401,50923.06,611076.73,1,6271.13,251472.62,518125.82,428,233346.14,7.94,48,0.1231,0.3819,Female,Married,Graduate,Self-employed,Personal Loan,0,0,1,0,3,5
56,0,21.246412944854345,13657.64,163891.68,0,5891.1,204794.38,441376.15,640,218177.67,13.68,60,0.4313,1.3312,Male,Divorced,Post Graduate,Student,Personal Loan,0,1,0,3,4,5
58,0,19.396361714310213,24763.97,297167.65,4,7293.03,54014.31,266004.17,556,556969.11,11.15,120,0.2945,1.8743,Male,Single,High School,Business,Home Loan,1,1,2,1,0,4
59,4,9.109155719096673,33204.11,398449.28,1,7947.18,452875.27,2063033.24,865,656737.71,11.38,120,0.2393,1.6482,Female,Single,Graduate,Self-employed,Gold Loan,0,0,2,0,3,3
57,0,27.035932812693805,12171.44,146057.3,0,106.48,30063.72,53136.91,399,592374.55,10.04,180,0.0087,4.0558,Male,Divorced,PhD,Business,Business Loan,1,1,0,2,0,1
55,2,18.817460061469895,21523.56,258282.7,3,4118.98,108589.83,228266.54,338,502726.82,9.4,12,0.1914,1.9464,Female,Married,PhD,Salaried,Business Loan,1,0,1,2,2,1
27,1,15.30954058192625,81949.64,983395.71,4,26251.37,294984.46,423182.33,562,625039.55,8.49,60,0.3203,0.6356,Female,Single,PhD,Student,Home Loan,1,0,2,2,4,4
47,4,15.85082080348706,14293.42,171521.01,2,641.4,128278.89,635683.89,449,76995.47,11.23,240,0.0449,0.4489,Female,Married,PhD,Salaried,Gold Loan,1,0,1,2,2,3
48,2,26.720715724266128,86955.89,1043470.72,1,19981.04,774413.76,3584636.93,629,357580.74,13.68,120,0.2298,0.3427,Male,Divorced,PhD,Business,Agricultural Loan,0,1,0,2,0,0
42,2,1.773584185028103,69890.81,838689.73,3,34716.02,1398350.42,4486456.23,419,146300.0,9.52,24,0.4967,0.1744,Female,Married,Post Graduate,Business,Gold Loan,1,0,1,3,0,3
34,3,11.671862762732614,30502.31,366027.71,2,10928.04,188834.04,712201.27,883,428295.69,13.18,12,0.3583,1.1701,Female,Single,Graduate,Salaried,Education Loan,0,0,2,0,2,2
27,1,25.24882583457039,24604.29,295251.51,0,6727.69,73490.44,293358.24,518,1258174.67,8.04,180,0.2734,4.2614,Female,Married,High School,Student,Gold Loan,1,0,1,1,4,3
57,2,1.1254574077708757,59820.07,717840.89,4,15943.03,890168.84,1615874.45,422,213854.36,13.55,240,0.2665,0.2979,Female,Single,Post Graduate,Self-employed,Business Loan,1,0,2,3,3,1
42,3,19.175436579664066,22637.34,271648.04,3,495.36,380564.56,1803368.1,543,250839.44,9.45,60,0.0219,0.9234,Female,Married,Graduate,Government,Agricultural Loan,1,0,1,0,1,0
25,3,12.09792549419601,23323.14,279877.67,3,11163.79,181476.02,563840.7,886,224220.79,9.66,84,0.4787,0.8011,Female,Single,PhD,Salaried,Personal Loan,1,0,2,2,2,5
22,0,6.137504115060902,35799.13,429589.6,4,16613.98,532144.26,728934.48,817,249515.0,10.24,24,0.4641,0.5808,Male,Married,High School,Student,Gold Loan,1,1,1,1,4,3
47,2,18.342146017710174,10115.86,121390.33,3,3451.56,190676.9,493534.84,320,689169.25,12.03,60,0.3412,5.6773,Male,Single,PhD,Student,Vehicle Loan,1,1,2,2,4,6
41,4,24.931830089864093,15214.66,182575.91,3,753.21,136836.35,466144.81,489,830478.85,12.04,48,0.0495,4.5487,Male,Single,PhD,Government,Education Loan,1,1,2,2,1,2
58,0,14.020186630387876,30049.56,360594.7,0,3122.66,393142.53,947981.74,524,1433114.41,10.36,180,0.1039,3.9743,Male,Divorced,High School,Self-employed,Home Loan,0,1,0,1,3,4
35,1,4.40212168263045,48311.15,579733.78,1,4442.44,211243.65,802053.63,765,197975.09,10.66,180,0.092,0.3415,Female,Married,Graduate,Self-employed,Business Loan,0,0,1,0,3,1
41,4,9.18453659465888,22450.22,269402.63,2,5832.33,34660.36,156949.06,398,764633.27,7.21,60,0.2598,2.8383,Female,Single,High School,Business,Agricultural Loan,1,0,2,1,0,0
30,4,29.440597501470513,32255.17,387062.08,4,3351.37,760301.63,3107785.0,662,873527.91,9.13,180,0.1039,2.2568,Male,Married,Post Graduate,Business,Gold Loan,0,1,1,3,0,3
43,3,3.332756601715725,13793.11,165517.3,2,4798.63,108880.17,388771.03,382,1660512.88,9.42,84,0.3479,10.0323,Male,Married,PhD,Salaried,Home Loan,1,1,1,2,2,4
59,2,4.821450605569426,63544.16,762529.87,4,17323.09,471163.85,1436404.21,355,210156.9,10.91,84,0.2726,0.2756,Male,Divorced,Post Graduate,Self-employed,Personal Loan,1,1,0,3,3,5
25,3,29.70533543729613,41441.97,497303.63,4,365.89,969105.45,1955513.26,321,89066.28,10.91,48,0.0088,0.1791,Male,Single,Post Graduate,Salaried,Home Loan,1,1,2,3,2,4
21,3,26.463042710637534,43701.06,524412.67,3,16258.04,775666.25,2187211.81,879,354368.07,11.97,36,0.372,0.6757,Female,Single,Post Graduate,Business,Gold Loan,0,0,2,3,0,3
33,2,21.21386234207241,48676.44,584117.25,0,4595.76,703951.41,1528849.86,484,4184718.35,12.02,240,0.0944,7.1642,Male,Married,PhD,Salaried,Home Loan,1,1,1,2,2,4
41,2,4.529497603831024,38058.38,456700.53,4,15696.89,650205.99,3079436.37,821,184202.28,8.65,60,0.4124,0.4033,Female,Divorced,PhD,Government,Personal Loan,0,0,0,2,1,5
46,2,7.216474495548411,27166.4,325996.85,2,4822.65,470747.9,2179207.19,877,653135.54,12.39,48,0.1775,2.0035,Female,Single,Graduate,Salaried,Gold Loan,0,0,2,0,2,3
41,3,5.405466121959089,71524.31,858291.77,1,12109.77,1327257.05,2154543.71,563,75115.12,7.14,84,0.1693,0.0875,Female,Single,Graduate,Business,Home Loan,0,0,2,0,0,4
38,2,18.928645650317872,39899.88,478798.6,2,235.76,101559.26,435738.07,524,1889592.84,12.01,48,0.0059,3.9465,Male,Married,High School,Business,Home Loan,0,1,1,1,0,4
57,2,11.966066632211529,32878.31,394539.68,0,16237.43,345061.86,1315258.07,337,98463.02,7.71,84,0.4939,0.2496,Male,Single,High School,Government,Personal Loan,1,1,2,1,1,5
52,4,1.43337408585281,36127.41,433528.95,1,11055.07,281360.19,1378903.22,422,65322.79,12.11,180,0.306,0.1507,Male,Married,PhD,Government,Vehicle Loan,1,1,1,2,1,6
56,3,8.738769081795123,35668.42,428021.03,3,7539.06,93561.89,266953.24,455,478827.3,10.69,180,0.2114,1.1187,Female,Single,High School,Self-employed,Vehicle Loan,1,0,2,1,3,6
37,2,25.819596781939538,32680.72,392168.66,2,1578.83,342813.48,1333097.93,600,486355.75,10.06,84,0.0483,1.2402,Male,Single,Post Graduate,Government,Education Loan,0,1,2,3,1,2
55,3,23.88127000243992,47461.01,569532.12,2,16591.14,720077.98,2211745.21,366,1377018.98,11.83,12,0.3496,2.4178,Female,Divorced,Graduate,Government,Personal Loan,1,0,0,0,1,5
31,1,19.290354119076426,20712.32,248547.81,4,2928.0,105745.63,135100.83,693,872893.7,7.25,12,0.1414,3.512,Female,Single,PhD,Self-employed,Vehicle Loan,0,0,2,2,3,6
41,0,2.5663054258241855,21640.58,259686.92,4,10693.48,173462.53,205910.26,893,89280.57,8.56,36,0.4941,0.3438,Female,Single,Graduate,Government,Agricultural Loan,1,0,2,0,1,0
46,4,26.48372457418646,50795.25,609543.05,1,24141.65,797532.68,1187084.14,869,391799.05,11.32,24,0.4753,0.6428,Female,Divorced,High School,Student,Home Loan,0,0,0,1,4,4
24,4,16.035534262447644,33284.81,399417.71,3,12237.1,476787.16,1041667.54,704,253299.69,12.93,12,0.3676,0.6342,Male,Single,Graduate,Student,Agricultural Loan,0,1,2,0,4,0
54,3,14.83728030090141,65045.08,780540.97,4,31581.73,1364780.16,2779309.86,748,152049.0,9.67,12,0.4855,0.1948,Female,Married,Graduate,Student,Personal Loan,0,0,1,0,4,5
38,2,28.02190730946672,46412.65,556951.84,2,2451.37,891044.61,3486930.83,430,625895.1,8.81,84,0.0528,1.1238,Female,Married,High School,Government,Home Loan,1,0,1,1,1,4
60,3,0.2653208077523139,26066.94,312803.32,1,3648.27,604989.1,2337490.91,368,1019053.46,10.63,120,0.14,3.2578,Female,Divorced,Graduate,Business,Home Loan,0,0,0,0,0,4
55,0,16.676916205043195,51280.09,615361.06,4,6493.17,755634.98,3691713.89,644,232294.99,11.36,180,0.1266,0.3775,Female,Single,PhD,Business,Education Loan,0,0,2,2,0,2
61,4,23.737331735661186,74482.13,893785.62,4,2681.83,1271018.97,2849069.47,619,338987.93,9.94,36,0.036,0.3793,Male,Divorced,Post Graduate,Self-employed,Business Loan,0,1,0,3,3,1
49,4,1.9107142396654242,47485.88,569830.59,0,23083.52,987309.56,4693480.42,476,357557.34,13.14,12,0.4861,0.6275,Female,Divorced,Graduate,Business,Education Loan,1,0,0,0,0,2
49,0,10.715162022446078,54141.21,649694.55,1,1623.53,1100140.04,3797025.98,883,260701.64,10.66,60,0.03,0.4013,Female,Single,PhD,Business,Gold Loan,0,0,2,2,0,3
58,3,29.324555535591205,32759.15,393109.76,1,14032.2,574287.42,1712085.68,828,314296.72,7.25,180,0.4283,0.7995,Female,Single,Post Graduate,Self-employed,Business Loan,0,0,2,3,3,1
62,4,6.353581549699429,65895.4,790744.81,3,25309.15,824080.82,3025501.91,459,260568.05,8.56,48,0.3841,0.3295,Male,Single,PhD,Student,Personal Loan,1,1,2,2,4,5
41,2,15.935383002178659,25631.72,307580.59,4,4817.06,186695.22,711499.57,881,488799.35,10.15,24,0.1879,1.5892,Male,Divorced,PhD,Self-employed,Vehicle Loan,0,1,0,2,3,6
62,3,22.382070781036656,44494.72,533936.64,1,418.41,942218.52,1590197.38,832,276743.35,11.88,240,0.0094,0.5183,Male,Divorced,Post Graduate,Business,Agricultural Loan,0,1,0,3,0,0
33,2,11.711215575208067,169685.79,2036229.44,3,517.19,3200795.75,12825146.9,434,622608.99,8.54,240,0.003,0.3058,Female,Divorced,High School,Business,Education Loan,1,0,0,1,0,2
61,1,12.236197399732081,50177.83,602134.0,4,5117.98,1017198.0,3967775.14,410,275932.98,13.83,36,0.102,0.4583,Male,Single,PhD,Self-employed,Personal Loan,1,1,2,2,3,5
37,0,1.8980505630980826,28213.99,338567.89,2,6967.11,119575.25,596695.92,582,742213.68,9.23,120,0.2469,2.1922,Female,Divorced,High School,Government,Education Loan,0,0,0,1,1,2
29,4,5.702800452619515,28170.33,338043.99,0,6449.74,232143.15,1078952.87,819,271210.98,10.73,12,0.229,0.8023,Male,Divorced,High School,Business,Vehicle Loan,0,1,0,1,0,6
61,0,26.418276765467642,34793.82,417525.81,3,10182.28,374811.38,1401285.17,493,718261.53,7.13,180,0.2926,1.7203,Male,Single,Graduate,Business,Education Loan,1,1,2,0,0,2
21,0,24.549529212502527,60521.11,726253.29,0,23359.92,1227494.88,4725186.11,346,224386.88,13.19,180,0.386,0.309,Female,Single,High School,Self-employed,Gold Loan,0,0,2,1,3,3
22,2,9.13915566789205,39634.95,475619.36,2,7478.22,853593.81,4083543.74,641,898327.55,12.52,36,0.1887,1.8888,Male,Divorced,PhD,Business,Personal Loan,0,1,0,2,0,5
49,4,11.451338969427665,24609.39,295312.67,1,1973.23,185863.21,904914.63,541,106679.05,8.37,60,0.0802,0.3612,Male,Married,PhD,Government,Business Loan,1,1,1,2,1,1
53,1,13.21231270866138,24583.28,294999.36,4,9833.91,412700.92,1777858.13,821,440349.04,13.53,48,0.4,1.4927,Female,Divorced,Post Graduate,Government,Business Loan,1,0,0,3,1,1
30,0,10.378308848228086,39784.38,477412.53,1,6617.95,110987.54,451672.04,669,281047.57,9.21,120,0.1663,0.5887,Female,Married,High School,Self-employed,Personal Loan,0,0,1,1,3,5
60,2,19.617351125412775,37251.11,447013.31,0,5343.33,388163.46,561076.03,430,426366.65,11.85,120,0.1434,0.9538,Female,Divorced,Post Graduate,Salaried,Home Loan,0,0,0,3,2,4
41,2,0.3848529261488498,47714.27,572571.19,1,18234.29,581798.62,2514119.86,569,171306.39,12.73,180,0.3822,0.2992,Male,Married,PhD,Student,Agricultural Loan,0,1,1,2,4,0
48,4,26.405041677644977,62975.05,755700.63,1,29413.74,1171937.69,2358855.92,360,378632.91,12.19,60,0.4671,0.501,Female,Single,Post Graduate,Government,Business Loan,1,0,2,3,1,1
31,3,9.019472806578579,186542.77,2238513.24,3,85339.71,4013535.12,13064607.41,463,182137.48,13.42,60,0.4575,0.0814,Female,Single,Graduate,Government,Business Loan,1,0,2,0,1,1
54,3,26.171203854790182,15104.98,181259.78,3,1038.03,132282.1,346776.18,824,365661.63,13.05,180,0.0687,2.0173,Male,Divorced,Post Graduate,Student,Agricultural Loan,0,1,0,3,4,0
28,1,13.631574528698616,54836.83,658041.93,2,13795.8,720445.93,1716411.43,571,339448.82,13.96,60,0.2516,0.5158,Female,Single,Graduate,Self-employed,Gold Loan,0,0,2,0,3,3
42,2,23.289929751203363,38521.99,462263.93,3,1788.77,612164.91,1371861.57,432,576043.38,8.28,12,0.0464,1.2461,Male,Divorced,Graduate,Business,Education Loan,1,1,0,0,0,2
28,3,24.773395167349385,12007.11,144085.32,3,5769.27,102778.54,454456.71,543,466329.36,9.13,36,0.4805,3.2365,Female,Divorced,High School,Self-employed,Home Loan,1,0,0,1,3,4
35,0,9.038664708936986,76858.28,922299.31,3,8271.02,1819033.94,7415372.78,733,1988004.47,11.45,24,0.1076,2.1555,Female,Single,PhD,Salaried,Education Loan,0,0,2,2,2,2
37,1,19.20974427350708,46756.28,561075.4,3,4615.54,988559.26,3058399.69,337,294210.92,12.13,60,0.0987,0.5244,Female,Married,Graduate,Salaried,Gold Loan,1,0,1,0,2,3
43,0,18.222419279321752,58681.73,704180.8,2,26080.68,458730.67,1678000.98,867,397876.56,10.74,180,0.4444,0.565,Male,Divorced,PhD,Student,Home Loan,0,1,0,2,4,4
44,3,14.280423057505937,13099.75,157197.03,3,6339.3,166141.06,820423.15,618,5000000.0,7.52,240,0.4839,31.8072,Female,Married,Post Graduate,Salaried,Vehicle Loan,1,0,1,3,2,6
39,2,14.087060306918133,31816.8,381801.64,3,11098.21,200742.84,519952.18,809,369963.07,12.89,240,0.3488,0.969,Female,Married,Post Graduate,Salaried,Personal Loan,0,0,1,3,2,5
25,3,9.15609811013143,19005.46,228065.58,0,1149.88,243908.34,781580.49,675,948443.12,13.73,12,0.0605,4.1586,Male,Single,Post Graduate,Student,Gold Loan,0,1,2,3,4,3
52,1,9.30571534823886,132967.57,1595610.88,3,32301.52,2222771.57,6966376.94,859,701685.02,9.84,12,0.2429,0.4398,Female,Divorced,Post Graduate,Student,Agricultural Loan,0,0,0,3,4,0
64,1,16.44454824816105,72166.43,865997.12,2,29465.74,214116.71,1015746.03,773,2864268.68,8.57,12,0.4083,3.3075,Female,Single,Post Graduate,Student,Gold Loan,0,0,2,3,4,3
21,0,0.9681185396804348,24135.02,289620.28,2,6908.38,507141.91,1220310.05,358,140854.6,7.14,12,0.2862,0.4863,Male,Divorced,High School,Student,Agricultural Loan,1,1,0,1,4,0
43,0,28.009931459241663,14443.74,173324.93,1,957.58,211689.75,1046809.84,888,128583.71,8.66,240,0.0663,0.7419,Male,Married,High School,Student,Education Loan,0,1,1,1,4,2
57,1,19.49937968909345,40799.82,489597.88,3,3506.49,969439.17,2150982.38,798,180899.39,11.9,12,0.0859,0.3695,Female,Divorced,Graduate,Government,Vehicle Loan,0,0,0,0,1,6
28,0,13.303306194896425,69944.21,839330.52,4,30220.85,111113.7,159517.95,517,507993.17,13.38,120,0.4321,0.6052,Female,Married,PhD,Business,Vehicle Loan,1,0,1,2,0,6
33,4,1.8541800640167727,12822.64,153871.71,1,3378.95,258048.78,455583.63,866,198248.81,7.65,84,0.2635,1.2884,Male,Single,Post Graduate,Student,Business Loan,0,1,2,3,4,1
28,1,18.900375303692098,20763.15,249157.83,2,7327.7,398967.1,1079160.27,866,80277.65,10.87,240,0.3529,0.3222,Male,Single,PhD,Business,Gold Loan,0,1,2,2,0,3
43,0,0.5322798823249508,18706.93,224483.13,1,3489.43,75867.96,273050.59,428,211190.09,11.87,240,0.1865,0.9408,Male,Single,Post Graduate,Salaried,Gold Loan,1,1,2,3,2,3
63,3,20.396015852760524,61093.92,733127.09,4,16265.82,532252.08,1632577.26,682,594137.87,8.93,48,0.2662,0.8104,Female,Divorced,Graduate,Government,Personal Loan,0,0,0,0,1,5
21,2,2.175733425719467,29088.63,349063.52,0,14211.29,621051.28,1555803.45,687,214727.18,10.99,240,0.4886,0.6152,Female,Divorced,High School,Student,Vehicle Loan,0,0,0,1,4,6
44,4,19.683065692794397,29829.05,357948.62,4,4917.36,385524.05,1252233.42,384,1103425.19,12.01,84,0.1649,3.0826,Male,Single,Graduate,Government,Gold Loan,1,1,2,0,1,3
55,4,12.176632990513456,40327.66,483931.89,1,13606.32,412530.73,1796664.21,809,179816.51,12.86,60,0.3374,0.3716,Male,Divorced,PhD,Self-employed,Personal Loan,0,1,0,2,3,5
44,2,19.878854845493905,21440.38,257284.6,3,1849.29,467966.78,2038334.17,736,447447.8,10.17,240,0.0863,1.7391,Female,Divorced,PhD,Business,Education Loan,0,0,0,2,0,2
37,2,4.154919767199178,15272.18,183266.12,0,929.62,48060.38,187671.54,592,323598.85,12.24,120,0.0609,1.7657,Female,Divorced,Post Graduate,Student,Vehicle Loan,1,0,0,3,4,6
25,3,3.5214872762328255,82603.81,991245.73,4,32365.83,981483.95,4720735.43,348,514414.24,9.11,240,0.3918,0.519,Male,Married,High School,Business,Home Loan,1,1,1,1,0,4
40,2,7.422721230296291,87333.68,1048004.12,3,36859.54,1397740.93,4697553.82,366,557425.04,8.49,60,0.4221,0.5319,Male,Divorced,PhD,Business,Home Loan,1,1,0,2,0,4
41,4,12.345339546697542,40447.07,485364.84,4,13515.62,606562.58,625141.93,428,1572468.25,8.31,48,0.3342,3.2398,Male,Single,Graduate,Self-employed,Gold Loan,1,1,2,0,3,3
60,3,7.590928556399085,42247.2,506966.37,2,3341.67,299040.81,647040.14,328,768254.83,9.51,36,0.0791,1.5154,Male,Single,Graduate,Business,Agricultural Loan,0,1,2,0,0,0
51,2,2.4604615312917066,77389.65,928675.85,3,9309.51,1080065.25,2498072.99,642,315965.07,7.25,60,0.1203,0.3402,Female,Divorced,Post Graduate,Salaried,Agricultural Loan,0,0,0,3,2,0
56,3,9.750842949199823,39894.44,478733.23,2,18175.42,690050.88,2200782.26,844,722368.15,8.98,240,0.4556,1.5089,Male,Married,Post Graduate,Business,Gold Loan,0,1,1,3,0,3
31,3,21.17282700389303,28241.65,338899.85,0,4076.74,408158.67,1885512.62,418,806289.91,11.57,36,0.1444,2.3791,Female,Married,High School,Self-employed,Business Loan,0,0,1,1,3,1
35,0,17.492583125514496,37182.87,446194.45,0,15223.79,622539.1,2709576.42,432,2271549.38,11.54,12,0.4094,5.0909,Male,Married,Post Graduate,Self-employed,Personal Loan,1,1,1,3,3,5
39,2,28.899736650586416,83775.94,1005311.33,0,11977.33,577200.42,1113241.8,626,390152.67,7.51,24,0.143,0.3881,Male,Single,Graduate,Student,Agricultural Loan,0,1,2,0,4,0
27,0,13.077649829716458,37496.13,449953.56,0,17613.11,755754.21,2325879.65,484,414019.34,9.01,60,0.4697,0.9201,Female,Single,Post Graduate,Salaried,Gold Loan,1,0,2,3,2,3
48,4,9.984070654139355,24303.37,291640.49,2,11112.15,275669.76,1002499.13,805,1264060.15,10.99,36,0.4572,4.3343,Male,Divorced,Graduate,Business,Gold Loan,0,1,0,0,0,3
63,3,20.810385830782014,39664.08,475968.94,2,858.0,940282.53,4654441.92,833,89427.49,9.23,84,0.0216,0.1879,Male,Divorced,PhD,Self-employed,Personal Loan,0,1,0,2,3,5
25,4,12.358763683889984,53837.95,646055.4,1,20738.75,82671.53,93022.94,540,375603.6,9.93,180,0.3852,0.5814,Female,Divorced,Post Graduate,Self-employed,Agricultural Loan,0,0,0,3,3,0
25,3,18.549278061996787,50098.79,601185.46,1,4244.91,488325.59,1394418.25,888,771017.65,11.99,84,0.0847,1.2825,Male,Married,High School,Business,Home Loan,0,1,1,1,0,4
50,2,28.388618416990905,50599.37,607192.42,2,5446.3,260633.61,1290770.92,815,1022509.3,7.06,240,0.1076,1.684,Female,Divorced,High School,Business,Personal Loan,0,0,0,1,0,5
52,1,14.975676856176733,22114.6,265375.22,0,5084.65,304717.52,1495804.45,464,75547.65,8.93,84,0.2299,0.2847,Female,Divorced,High School,Student,Business Loan,1,0,0,1,4,1
28,2,14.945250176739883,57645.19,691742.32,1,16610.99,380096.1,882927.54,856,151658.41,8.0,60,0.2882,0.2192,Female,Divorced,Post Graduate,Student,Business Loan,0,0,0,3,4,1
30,3,23.254995702818867,36941.08,443292.99,3,6017.7,663535.46,663579.88,517,60225.3,7.89,48,0.1629,0.1359,Female,Divorced,PhD,Salaried,Agricultural Loan,1,0,0,2,2,0
58,1,22.682299655490016,23692.77,284313.26,2,6816.21,504251.25,1687697.83,304,889443.45,13.71,24,0.2877,3.1284,Male,Divorced,PhD,Student,Vehicle Loan,1,1,0,2,4,6
52,1,15.486943391723923,57370.82,688449.8,3,4895.41,335638.79,1499552.02,380,521031.28,9.64,84,0.0853,0.7568,Female,Single,High School,Student,Vehicle Loan,1,0,2,1,4,6
48,2,1.9416104669037137,27662.05,331944.59,0,308.95,129889.51,298380.74,546,1376715.38,10.69,24,0.0112,4.1474,Female,Single,PhD,Government,Gold Loan,1,0,2,2,1,3
37,4,29.423609815638947,14121.05,169452.55,2,4033.14,298423.11,1413654.08,792,452858.03,12.14,60,0.2856,2.6725,Female,Married,Graduate,Business,Gold Loan,0,0,1,0,0,3
51,2,11.319612630878206,19923.17,239078.02,1,5154.28,185469.84,432294.9,685,2657209.96,7.33,12,0.2587,11.1144,Male,Married,Post Graduate,Student,Business Loan,0,1,1,3,4,1
28,3,9.501192493462476,32565.8,390789.56,1,11229.57,358074.73,1232065.43,874,208058.74,8.69,36,0.3448,0.5324,Female,Married,PhD,Government,Home Loan,0,0,1,2,1,4
60,4,29.44640499852442,51378.82,616545.88,3,16693.55,312501.34,1215062.81,606,329815.5,12.83,60,0.3249,0.5349,Female,Single,PhD,Government,Home Loan,0,0,2,2,1,4
45,3,26.164056506819193,21623.98,259487.73,2,9703.61,233154.95,555296.54,842,615545.63,13.03,120,0.4487,2.3722,Male,Single,PhD,Student,Education Loan,0,1,2,2,4,2
29,4,9.906499255124793,31432.65,377191.83,0,7221.16,198651.27,478516.28,306,250145.24,9.61,180,0.2297,0.6632,Female,Divorced,High School,Self-employed,Vehicle Loan,1,0,0,1,3,6
22,0,9.249271672589039,17501.39,210016.7,4,73.24,285558.5,822402.56,814,617684.34,9.62,120,0.0042,2.9411,Male,Married,Post Graduate,Student,Agricultural Loan,0,1,1,3,4,0
35,4,21.62862427902328,65461.65,785539.8,4,20641.78,816578.93,3544682.33,867,404933.39,12.3,120,0.3153,0.5155,Female,Divorced,PhD,Student,Vehicle Loan,0,0,0,2,4,6
23,0,10.029477074852354,101762.68,1221152.1,0,34351.64,1946250.88,2731374.46,372,386490.35,9.07,24,0.3376,0.3165,Male,Single,Post Graduate,Business,Business Loan,1,1,2,3,0,1
56,3,7.542958894932149,95374.79,1144497.42,1,24868.74,781381.45,2755086.57,309,400221.6,7.82,84,0.2607,0.3497,Female,Divorced,PhD,Self-employed,Education Loan,0,0,0,2,3,2
24,2,29.39012540781787,64795.26,777543.12,4,22331.84,818278.95,3035317.16,872,777874.15,8.8,60,0.3447,1.0004,Male,Divorced,Graduate,Salaried,Education Loan,0,1,0,0,2,2
34,3,16.971307133517,60931.53,731178.3,0,9858.23,424634.02,1372201.03,861,336276.06,9.71,240,0.1618,0.4599,Male,Divorced,Post Graduate,Student,Vehicle Loan,0,1,0,3,4,6
61,2,22.874928637648324,10476.32,125715.78,3,779.48,235642.71,1117736.7,421,180600.47,7.37,48,0.0744,1.4366,Female,Divorced,Post Graduate,Student,Agricultural Loan,1,0,0,3,4,0
61,0,21.391648790756726,40388.64,484663.73,1,13420.21,525234.95,1789981.19,812,466836.89,10.35,120,0.3323,0.9632,Male,Single,Post Graduate,Business,Gold Loan,0,1,2,3,0,3
45,2,22.665779839503386,26966.33,323595.99,0,3305.89,134552.22,476087.07,740,266430.13,12.18,180,0.1226,0.8233,Male,Single,Graduate,Salaried,Vehicle Loan,0,1,2,0,2,6
30,3,27.1016992855063,61591.54,739098.49,3,14052.6,447992.86,1522745.69,337,198914.54,10.6,84,0.2282,0.2691,Female,Single,High School,Government,Education Loan,1,0,2,1,1,2
41,3,15.023049986815208,10000.0,120000.0,2,2458.11,29067.45,113016.44,890,110769.98,7.5,36,0.2458,0.9231,Male,Single,PhD,Self-employed,Home Loan,0,1,2,2,3,4
56,3,22.60134537784604,40773.21,489278.57,4,9728.48,66858.61,103071.75,644,931830.1,10.08,60,0.2386,1.9045,Male,Married,High School,Salaried,Personal Loan,0,1,1,1,2,5
32,4,23.904415029692142,31931.04,383172.43,4,9554.55,418175.3,1914032.37,637,751629.73,11.96,12,0.2992,1.9616,Male,Married,Post Graduate,Student,Home Loan,0,1,1,3,4,4
47,3,28.391537564880622,71044.23,852530.79,4,1046.26,621908.94,727614.36,483,1363997.57,7.41,180,0.0147,1.5999,Male,Divorced,High School,Government,Agricultural Loan,1,1,0,1,1,0
60,4,21.392901091580228,91930.88,1103170.52,0,45491.19,2129743.26,7588223.79,366,443396.66,7.42,24,0.4948,0.4019,Male,Divorced,Post Graduate,Business,Business Loan,1,1,0,3,0,1
22,1,26.778473981546373,20799.67,249596.04,2,7449.51,102763.31,355758.74,316,1048468.83,9.59,120,0.3582,4.2007,Male,Divorced,PhD,Student,Home Loan,1,1,0,2,4,4
33,0,2.851143005998855,21370.65,256447.79,0,4545.41,411598.52,754247.91,682,207952.66,8.36,240,0.2127,0.8109,Female,Divorced,High School,Business,Education Loan,0,0,0,1,0,2
52,1,3.782897817242361,41701.73,500420.8,0,3989.4,344762.54,400905.01,667,96135.13,13.54,12,0.0957,0.1921,Male,Married,PhD,Self-employed,Vehicle Loan,0,1,1,2,3,6
51,1,4.750385685310276,102770.91,1233250.92,2,4119.95,631153.14,981658.73,615,242480.19,11.07,48,0.0401,0.1966,Male,Single,PhD,Business,Business Loan,0,1,2,2,0,1
36,4,4.344392161303156,37649.95,451799.36,3,12653.97,877305.75,1830663.58,796,375211.47,9.01,120,0.3361,0.8305,Male,Divorced,High School,Salaried,Education Loan,0,1,0,1,2,2
52,4,2.6255643720403157,16856.69,202280.33,1,2671.41,328018.83,1485407.93,644,590287.24,11.93,240,0.1585,2.9182,Female,Married,Graduate,Salaried,Education Loan,0,0,1,0,2,2
52,0,3.677213573588033,25247.41,302968.94,4,2896.87,391442.96,1731327.78,852,1232657.4,9.62,24,0.1147,4.0686,Female,Married,Graduate,Self-employed,Agricultural Loan,0,0,1,0,3,0
54,0,29.87730854601981,41011.12,492133.43,2,7791.18,698574.53,877006.04,772,572440.63,7.92,24,0.19,1.1632,Male,Divorced,Graduate,Self-employed,Business Loan,0,1,0,0,3,1
31,0,8.16555088651368,41945.29,503343.49,3,12435.17,998372.34,2153561.05,414,2692329.62,8.66,84,0.2965,5.3489,Female,Divorced,High School,Self-employed,Business Loan,1,0,0,1,3,1
30,3,14.34144321435589,23802.54,285630.43,2,7994.14,348558.88,1588475.16,399,486920.44,11.5,36,0.3359,1.7047,Male,Married,High School,Salaried,Business Loan,1,1,1,1,2,1
35,3,24.6484610860635,24947.42,299369.01,1,8047.66,83416.94,162382.42,737,479542.77,7.36,48,0.3226,1.6018,Female,Married,High School,Student,Gold Loan,0,0,1,1,4,3
37,0,3.549140222636548,20152.01,241824.09,2,8698.27,50217.21,250275.6,644,579871.68,8.91,36,0.4316,2.3979,Female,Divorced,High School,Salaried,Business Loan,0,0,0,1,2,1
60,4,9.520950189263212,72020.26,864243.09,2,7877.48,1176231.67,2384645.95,648,599086.93,8.46,12,0.1094,0.6932,Female,Single,Graduate,Business,Agricultural Loan,0,0,2,0,0,0
38,1,4.778580606527879,22007.42,264089.03,3,7006.57,354865.81,1404009.89,438,592242.11,8.41,84,0.3184,2.2426,Female,Single,Graduate,Self-employed,Agricultural Loan,1,0,2,0,3,0
29,0,1.8766834808222022,27477.52,329730.23,4,1389.19,500310.6,1334947.1,623,165082.13,11.78,24,0.0506,0.5007,Male,Divorced,High School,Government,Gold Loan,0,1,0,1,1,3
45,0,28.82260141891525,27012.32,324147.81,4,7400.49,94594.73,146146.79,601,874803.18,12.78,24,0.274,2.6988,Male,Divorced,PhD,Salaried,Personal Loan,0,1,0,2,2,5
60,1,25.75073508054609,13855.34,166264.02,3,4045.47,314969.9,636434.0,593,3283919.56,12.01,120,0.292,19.7512,Male,Single,PhD,Government,Gold Loan,1,1,2,2,1,3
34,2,26.378939846107734,21632.47,259589.67,3,2338.87,295859.61,1094820.31,828,218297.22,11.52,60,0.1081,0.8409,Female,Married,PhD,Student,Personal Loan,0,0,1,2,4,5
45,0,26.060403993971317,75878.04,910536.45,0,14860.45,1209478.99,2840129.55,591,428055.95,13.42,180,0.1958,0.4701,Male,Divorced,High School,Salaried,Home Loan,0,1,0,1,2,4
42,0,4.637005026763851,17578.42,210941.04,0,7270.37,31669.37,108198.8,373,147527.12,7.41,24,0.4136,0.6994,Female,Divorced,Graduate,Student,Home Loan,1,0,0,0,4,4
50,3,23.54990688702317,20369.92,244439.05,1,1511.54,470594.2,857481.06,783,807369.77,8.17,180,0.0742,3.3029,Male,Single,High School,Student,Education Loan,0,1,2,1,4,2
40,1,21.83613605301855,16325.32,195903.84,0,3546.73,227568.63,635900.46,315,806749.47,9.9,120,0.2173,4.1181,Female,Divorced,Post Graduate,Salaried,Home Loan,1,0,0,3,2,4
41,0,27.76246081273747,34393.85,412726.21,0,16040.14,480047.06,1463655.4,825,132823.08,9.61,180,0.4664,0.3218,Male,Married,Graduate,Salaried,Gold Loan,0,1,1,0,2,3
64,0,6.579668167895001,112564.99,1350779.89,2,28372.51,2555424.79,6774784.43,635,154823.07,9.93,36,0.2521,0.1146,Male,Married,Graduate,Student,Gold Loan,0,1,1,0,4,3
52,2,12.421331606269634,33536.29,402435.5,2,12159.15,750376.34,1344428.38,815,83672.73,8.45,180,0.3626,0.2079,Male,Divorced,PhD,Self-employed,Gold Loan,0,1,0,2,3,3
41,1,8.847855381416423,37799.73,453596.78,3,15627.66,229325.97,652710.8,426,1553939.16,8.05,84,0.4134,3.4258,Male,Married,PhD,Salaried,Vehicle Loan,1,1,1,2,2,6
55,0,7.737534549504009,22532.9,270394.78,4,2295.81,505081.06,1904964.86,817,226166.5,10.56,24,0.1019,0.8364,Male,Married,PhD,Student,Gold Loan,0,1,1,2,4,3
52,2,19.571450625685138,34997.4,419968.85,1,3818.52,627933.56,3051520.17,428,397373.15,13.5,84,0.1091,0.9462,Female,Married,High School,Business,Business Loan,1,0,1,1,0,1
50,0,4.918300493923172,75919.6,911035.22,0,28795.98,108923.12,452911.76,810,329943.52,9.74,60,0.3793,0.3622,Female,Divorced,Post Graduate,Government,Education Loan,0,0,0,3,1,2
59,4,13.944213588995387,39566.8,474801.59,2,14902.97,257832.79,424362.33,722,975551.68,7.3,36,0.3767,2.0547,Male,Divorced,PhD,Business,Education Loan,0,1,0,2,0,2
32,2,19.399213422803918,130491.33,1565895.93,4,3926.7,1369968.86,2864341.03,684,750262.14,11.94,12,0.0301,0.4791,Female,Divorced,High School,Salaried,Home Loan,0,0,0,1,2,4
61,4,3.9090920121012807,77318.45,927821.35,0,12467.53,1113765.75,1464931.17,531,718885.04,9.04,120,0.1612,0.7748,Male,Married,Post Graduate,Salaried,Personal Loan,0,1,1,3,2,5
38,0,7.709404120132135,34482.6,413791.23,4,6871.22,590707.11,911223.66,494,231042.06,8.72,24,0.1993,0.5584,Female,Single,High School,Salaried,Business Loan,1,0,2,1,2,1
41,2,29.02098173712994,34082.09,408985.07,2,14127.71,198863.5,398270.27,364,762978.42,9.27,12,0.4145,1.8655,Male,Single,Graduate,Salaried,Business Loan,1,1,2,0,2,1
33,1,23.86287995011754,96621.24,1159454.89,3,20380.43,1956011.21,3517122.27,576,929823.36,12.07,12,0.2109,0.8019,Male,Single,Graduate,Business,Agricultural Loan,1,1,2,0,0,0
41,3,20.308640288621685,39434.46,473213.53,0,18256.75,806491.99,1495717.64,523,745162.52,12.73,120,0.463,1.5747,Male,Married,Post Graduate,Self-employed,Business Loan,1,1,1,3,3,1
28,0,25.679076213038968,84571.53,1014858.33,0,42142.32,1319736.39,2537959.86,577,157747.4,11.12,12,0.4983,0.1554,Male,Single,PhD,Student,Vehicle Loan,1,1,2,2,4,6
60,2,0.4190535641668325,120782.22,1449386.69,1,47148.92,2679572.96,5902334.98,665,179190.55,9.26,240,0.3904,0.1236,Female,Divorced,Post Graduate,Student,Personal Loan,0,0,0,3,4,5
27,4,0.18223303200341712,32127.52,385530.28,0,10704.68,632867.1,950784.27,815,1775689.02,9.17,84,0.3332,4.6058,Female,Married,High School,Student,Vehicle Loan,0,0,1,1,4,6
43,2,4.618999079270115,44854.23,538250.78,2,8789.12,273491.69,577433.93,514,2095194.02,7.87,48,0.1959,3.8926,Female,Single,Graduate,Government,Business Loan,0,0,2,0,1,1
64,1,14.85771358253323,65382.02,784584.19,4,2191.59,1266421.39,4753699.26,738,418326.82,13.53,48,0.0335,0.5332,Female,Married,PhD,Salaried,Education Loan,0,0,1,2,2,2
52,2,17.099211214975593,57555.21,690662.58,4,16493.56,1319375.47,2566982.2,727,417893.97,11.47,60,0.2866,0.6051,Male,Married,High School,Business,Agricultural Loan,0,1,1,1,0,0
31,4,3.4106559432618377,57313.67,687764.04,3,10365.32,238708.47,402785.62,695,501787.42,7.19,24,0.1809,0.7296,Female,Divorced,High School,Business,Education Loan,0,0,0,1,0,2
42,0,2.1685685955204015,16316.23,195794.78,3,2862.67,383595.45,487466.44,508,703064.02,11.64,60,0.1754,3.5908,Female,Married,Graduate,Business,Vehicle Loan,1,0,1,0,0,6
42,4,24.85002393290644,21828.02,261936.3,2,7505.67,34375.52,103122.65,800,139524.78,10.13,24,0.3439,0.5327,Male,Divorced,PhD,Self-employed,Home Loan,0,1,0,2,3,4
63,4,13.934054444191752,26979.69,323756.33,4,6254.42,351001.68,1533151.09,762,531966.11,13.81,48,0.2318,1.6431,Female,Divorced,Post Graduate,Salaried,Gold Loan,0,0,0,3,2,3
45,4,29.77483277366769,75256.12,903073.42,3,28299.83,1414780.57,1748762.97,885,193958.37,12.73,60,0.376,0.2148,Male,Single,Graduate,Student,Gold Loan,0,1,2,0,4,3
42,3,6.88039977339047,17305.42,207665.05,3,3445.28,331919.29,1051953.16,526,435307.01,8.2,84,0.1991,2.0962,Female,Single,Graduate,Student,Personal Loan,1,0,2,0,4,5
48,0,19.416033362994842,90575.23,1086902.73,1,6832.24,1621067.33,5839855.6,674,218149.48,12.04,84,0.0754,0.2007,Female,Married,PhD,Salaried,Agricultural Loan,0,0,1,2,2,0
49,3,24.131644965930164,57982.73,695792.75,1,13375.09,763927.18,2574317.44,799,263385.24,10.4,240,0.2307,0.3785,Male,Single,Post Graduate,Student,Agricultural Loan,0,1,2,3,4,0
33,2,26.17914468038249,72586.78,871041.4,2,34515.47,1159369.12,5229326.1,392,511585.46,8.31,48,0.4755,0.5873,Male,Married,Graduate,Student,Education Loan,1,1,1,0,4,2
38,0,9.18957046417779,20791.1,249493.17,2,8332.29,355495.33,1587493.68,759,269994.55,11.89,60,0.4008,1.0822,Female,Divorced,Post Graduate,Salaried,Gold Loan,0,0,0,3,2,3
22,0,5.798411487216485,37925.59,455107.11,2,3901.58,469306.53,576885.84,876,183674.48,10.83,84,0.1029,0.4036,Male,Married,Graduate,Business,Education Loan,0,1,1,0,0,2
49,2,6.782837199579161,43449.98,521399.76,2,8501.0,638747.49,1560955.7,620,1415236.82,7.21,48,0.1957,2.7143,Male,Divorced,Post Graduate,Government,Agricultural Loan,0,1,0,3,1,0
41,2,20.002283086095513,42318.52,507822.29,4,19631.4,866110.61,3190161.95,309,185788.79,11.53,84,0.4639,0.3659,Female,Divorced,Post Graduate,Salaried,Business Loan,1,0,0,3,2,1
35,4,15.66989514516565,43364.41,520372.97,0,2682.07,355424.17,1709511.58,602,69677.63,11.44,24,0.0618,0.1339,Female,Married,High School,Student,Education Loan,0,0,1,1,4,2
47,0,17.96974147888436,30763.5,369161.97,2,3906.2,400963.59,1691560.83,621,697328.47,8.01,120,0.127,1.8889,Female,Divorced,Graduate,Student,Education Loan,0,0,0,0,4,2
51,1,0.6158585394536054,39384.37,472612.41,1,5163.74,47065.64,80310.8,755,350899.83,9.44,36,0.1311,0.7425,Female,Single,High School,Government,Gold Loan,0,0,2,1,1,3
35,4,11.729196272112066,67517.25,810206.98,0,19273.91,1135034.97,2402682.15,577,432150.82,11.1,48,0.2855,0.5334,Female,Married,Graduate,Government,Gold Loan,0,0,1,0,1,3
43,0,9.30445398255042,18035.42,216424.98,0,3703.87,99084.15,401724.34,897,502095.89,7.97,240,0.2054,2.32,Female,Single,High School,Government,Business Loan,0,0,2,1,1,1
44,2,25.91343872233514,91879.21,1102550.53,4,3669.23,1108341.57,3198562.27,837,1222641.09,12.97,60,0.0399,1.1089,Female,Divorced,High School,Salaried,Gold Loan,0,0,0,1,2,3
64,2,23.287760677490734,65456.39,785476.66,3,20591.97,381919.7,1218022.03,692,1965070.26,7.19,240,0.3146,2.5018,Male,Divorced,High School,Business,Vehicle Loan,0,1,0,1,0,6
33,1,12.887155930790803,20350.87,244210.42,0,1008.16,31366.29,107772.05,394,541856.08,7.72,84,0.0495,2.2188,Female,Married,High School,Government,Gold Loan,1,0,1,1,1,3
42,0,18.915887432533786,45720.48,548645.77,4,13862.79,553861.22,782697.89,406,172718.49,7.81,180,0.3032,0.3148,Female,Divorced,High School,Self-employed,Education Loan,1,0,0,1,3,2
63,3,1.4303818122539025,62373.72,748484.61,4,15812.0,671838.09,2972109.7,689,497211.52,10.7,60,0.2535,0.6643,Female,Single,Graduate,Business,Business Loan,0,0,2,0,0,1
57,4,19.117543523749006,17306.27,207675.21,4,4271.78,186534.55,830552.11,825,708812.08,11.34,60,0.2468,3.4131,Female,Married,PhD,Government,Education Loan,0,0,1,2,1,2
53,0,2.9161498606333316,37241.8,446901.6,2,1256.84,216097.1,620837.83,370,987477.03,9.83,36,0.0337,2.2096,Male,Married,High School,Student,Agricultural Loan,0,1,1,1,4,0
23,3,21.420563427570357,34644.38,415732.57,3,11072.7,789396.66,2768714.74,886,493774.94,9.02,120,0.3196,1.1877,Female,Single,PhD,Salaried,Business Loan,0,0,2,2,2,1
39,2,17.215153456007204,24652.95,295835.35,2,5316.66,26641.56,96965.07,675,282537.66,12.67,24,0.2157,0.9551,Male,Divorced,High School,Student,Personal Loan,0,1,0,1,4,5
43,2,9.014797279266187,38384.7,460616.34,1,7890.09,825483.81,1451935.49,667,214179.51,7.48,36,0.2056,0.465,Female,Divorced,Graduate,Student,Home Loan,0,0,0,0,4,4
49,3,11.125199889674267,25332.11,303985.32,3,7554.69,454679.57,659439.66,350,403026.15,8.96,24,0.2982,1.3258,Female,Married,Post Graduate,Salaried,Vehicle Loan,1,0,1,3,2,6
50,3,2.702747472994682,82833.2,993998.42,2,25108.73,410658.58,444616.67,442,133145.32,7.27,180,0.3031,0.1339,Male,Single,PhD,Business,Agricultural Loan,0,1,2,2,0,0
59,1,9.683654112439795,24934.64,299215.72,3,187.42,295735.23,1375620.51,718,606527.1,7.1,48,0.0075,2.0271,Male,Married,PhD,Student,Business Loan,0,1,1,2,4,1
64,0,29.005287308886675,58406.79,700881.43,1,3657.02,1386784.56,3304503.96,847,509840.35,9.47,180,0.0626,0.7274,Male,Married,Graduate,Business,Personal Loan,0,1,1,0,0,5
45,2,14.585545878515376,13450.45,161405.45,2,1590.64,212585.23,285570.79,799,507817.28,8.36,180,0.1183,3.1462,Male,Divorced,Post Graduate,Salaried,Business Loan,0,1,0,3,2,1
57,4,14.227227661555386,32955.52,395466.27,3,11171.55,129504.15,370796.27,466,785520.2,8.88,180,0.339,1.9863,Female,Married,PhD,Government,Vehicle Loan,1,0,1,2,1,6
28,2,18.87686366968647,36584.75,439016.97,1,10549.96,421667.44,549222.03,559,1412365.85,12.75,180,0.2884,3.2171,Female,Single,Graduate,Student,Vehicle Loan,0,0,2,0,4,6
62,0,14.533314292094419,32319.48,387833.74,4,12243.09,380357.31,510060.3,491,418174.89,8.14,180,0.3788,1.0782,Male,Single,High School,Student,Education Loan,1,1,2,1,4,2
36,3,10.665272992889305,28629.96,343559.53,3,10601.79,556911.62,1645975.33,501,470497.83,12.46,240,0.3703,1.3695,Female,Single,PhD,Salaried,Education Loan,1,0,2,2,2,2
28,1,4.18564722206178,24330.62,291967.46,1,10379.23,537019.34,1630039.84,484,329149.63,11.73,24,0.4266,1.1274,Female,Single,Post Graduate,Salaried,Education Loan,1,0,2,3,2,2
21,2,18.90945714500387,57109.43,685313.12,4,10759.84,165135.08,548342.97,457,687769.47,9.29,240,0.1884,1.0036,Female,Divorced,PhD,Government,Education Loan,1,0,0,2,1,2
64,1,22.46767268338031,66149.64,793795.67,1,11412.93,543939.06,1971912.87,398,439725.93,10.83,180,0.1725,0.554,Male,Divorced,High School,Salaried,Personal Loan,0,1,0,1,2,5
25,3,27.693079589472624,34568.68,414824.21,0,14363.55,271850.79,998526.84,540,1114646.35,10.11,12,0.4155,2.687,Female,Divorced,Post Graduate,Self-employed,Home Loan,1,0,0,3,3,4
23,0,0.09041569715619424,18807.62,225691.46,1,2234.36,449673.45,1228501.9,790,1096065.54,7.9,60,0.1188,4.8565,Female,Divorced,High School,Self-employed,Home Loan,0,0,0,1,3,4
21,2,1.999812336419674,106550.0,1278599.95,2,24568.96,1477019.88,5279064.35,501,569697.05,13.35,24,0.2306,0.4456,Female,Single,Post Graduate,Salaried,Business Loan,1,0,2,3,2,1
24,0,26.982169859290046,21420.88,257050.59,2,2081.31,454896.52,1009396.75,808,415114.99,10.99,60,0.0972,1.6149,Female,Single,High School,Government,Personal Loan,0,0,2,1,1,5
60,4,18.934666185587538,15128.67,181543.99,2,6912.6,163370.77,451758.2,395,355543.2,13.16,180,0.4569,1.9584,Male,Married,Post Graduate,Self-employed,Home Loan,1,1,1,3,3,4
55,0,28.737308292964673,10855.5,130265.96,2,2213.45,191302.43,492280.11,789,649717.69,12.77,240,0.2039,4.9876,Female,Married,Post Graduate,Student,Business Loan,0,0,1,3,4,1
52,3,12.925337823662087,38548.45,462581.38,0,4095.52,292639.38,677881.57,878,651101.83,7.56,240,0.1062,1.4075,Male,Divorced,High School,Government,Gold Loan,0,1,0,1,1,3
62,3,12.500615107491221,31874.14,382489.63,0,11028.66,700309.14,1368602.46,517,355433.63,8.45,12,0.346,0.9293,Female,Married,PhD,Salaried,Agricultural Loan,0,0,1,2,2,0
54,4,10.32793738192115,67411.71,808940.49,0,8245.96,773101.97,1015729.21,826,557241.82,8.02,120,0.1223,0.6889,Male,Divorced,Graduate,Self-employed,Agricultural Loan,0,1,0,0,3,0
63,0,4.284567716091486,52399.42,628793.0,4,24719.52,1021038.6,3087255.11,572,238142.01,12.82,180,0.4718,0.3787,Male,Divorced,PhD,Government,Gold Loan,1,1,0,2,1,3
45,3,11.358987268433063,43222.68,518672.21,3,7944.7,297535.81,936985.71,518,634595.65,13.04,36,0.1838,1.2235,Female,Divorced,Graduate,Student,Gold Loan,1,0,0,0,4,3
30,3,0.4394562058091378,30858.88,370306.5,2,10255.03,523147.42,1226582.01,631,254701.6,10.7,84,0.3323,0.6878,Female,Married,High School,Salaried,Education Loan,0,0,1,1,2,2
41,3,15.279398546209643,70684.84,848218.05,3,12201.79,729371.62,3576382.91,752,820466.63,7.73,36,0.1726,0.9673,Male,Married,PhD,Business,Gold Loan,0,1,1,2,0,3
59,3,25.41630621354736,111350.03,1336200.36,2,44943.41,191867.99,619320.09,451,343392.21,7.95,240,0.4036,0.257,Female,Divorced,High School,Self-employed,Business Loan,1,0,0,1,3,1
47,1,9.635902610718443,66528.62,798343.45,2,29835.52,698496.62,3182379.98,646,1688034.53,12.69,36,0.4485,2.1144,Female,Single,Graduate,Student,Vehicle Loan,0,0,2,0,4,6
47,2,2.839204695640708,27498.34,329980.11,2,10833.22,375366.07,1231328.79,713,456470.06,13.5,24,0.394,1.3833,Female,Married,Post Graduate,Government,Vehicle Loan,0,0,1,3,1,6
22,1,29.212839700618705,58043.0,696515.96,0,24624.71,260643.07,458644.07,826,535187.22,8.4,240,0.4242,0.7684,Male,Single,High School,Self-employed,Business Loan,0,1,2,1,3,1
61,3,3.8693282664307747,28530.99,342371.89,4,1453.38,149217.12,730938.6,730,144505.16,7.08,180,0.0509,0.4221,Female,Divorced,PhD,Self-employed,Personal Loan,0,0,0,2,3,5
33,0,15.860924903384978,18712.74,224552.83,2,8645.89,218786.39,993583.39,678,1363048.81,9.32,180,0.462,6.0701,Male,Divorced,High School,Salaried,Agricultural Loan,1,1,0,1,2,0
29,1,24.27557061762359,21175.0,254100.01,2,6609.78,188092.95,542665.97,727,429188.82,7.21,24,0.3122,1.6891,Female,Married,High School,Student,Vehicle Loan,0,0,1,1,4,6
56,4,7.570356221858034,29292.68,351512.17,2,12730.86,326233.53,643408.07,383,1779074.2,12.8,84,0.4346,5.0612,Female,Married,High School,Self-employed,Business Loan,1,0,1,1,3,1
42,2,25.24468619686893,38652.85,463834.21,1,13227.72,448335.22,847657.74,491,459822.1,10.44,60,0.3422,0.9914,Male,Married,Graduate,Self-employed,Agricultural Loan,1,1,1,0,3,0
62,0,16.710754221204642,125034.96,1500419.57,2,12619.01,527866.24,2229750.11,340,372763.13,11.49,24,0.1009,0.2484,Female,Divorced,PhD,Student,Business Loan,0,0,0,2,4,1
46,1,9.958070396433534,21396.58,256758.94,0,6521.2,110566.29,141135.04,608,293848.93,9.88,60,0.3048,1.1445,Male,Single,PhD,Government,Agricultural Loan,0,1,2,2,1,0
32,2,25.97067648391808,80345.64,964147.67,0,3653.57,1647712.62,5853073.19,677,739512.33,9.42,48,0.0455,0.767,Male,Single,Graduate,Salaried,Personal Loan,0,1,2,0,2,5
37,1,18.660004599388525,30020.76,360249.07,3,10443.07,142374.33,506929.45,435,671054.36,8.56,240,0.3479,1.8628,Female,Married,PhD,Self-employed,Home Loan,1,0,1,2,3,4
34,4,18.46153279763251,10831.01,129972.17,0,2214.95,176719.15,305692.01,405,152172.85,12.39,12,0.2045,1.1708,Male,Married,PhD,Student,Vehicle Loan,1,1,1,2,4,6
34,3,15.12029151409569,26810.92,321730.99,3,2034.05,284896.68,1088205.47,818,280656.75,11.87,84,0.0759,0.8723,Female,Married,High School,Business,Business Loan,0,0,1,1,0,1
54,4,8.242124614011981,73571.88,882862.59,4,36021.89,1711976.78,6542533.51,841,788578.62,9.53,120,0.4896,0.8932,Female,Single,Graduate,Government,Business Loan,0,0,2,0,1,1
40,3,9.145813383652333,44658.58,535902.95,1,20120.58,112557.5,270151.89,425,264188.83,9.25,84,0.4505,0.493,Female,Married,Graduate,Salaried,Vehicle Loan,1,0,1,0,2,6
31,2,2.6423721857829188,46289.51,555474.16,0,20680.85,930370.33,2729244.76,656,230123.28,7.01,60,0.4468,0.4143,Female,Married,Graduate,Business,Personal Loan,0,0,1,0,0,5
36,1,7.3117111854823555,80587.79,967053.46,2,31784.64,991498.34,4294233.05,699,517619.18,7.44,48,0.3944,0.5353,Male,Divorced,Post Graduate,Government,Vehicle Loan,0,1,0,3,1,6
51,1,8.334752581206967,19500.56,234006.66,4,6747.01,21901.16,67731.82,378,474357.25,11.36,60,0.346,2.0271,Male,Married,PhD,Self-employed,Personal Loan,1,1,1,2,3,5
26,4,1.7610447789439354,19321.04,231852.43,2,6328.41,136487.38,473969.94,688,305226.73,10.6,240,0.3275,1.3165,Female,Divorced,High School,Salaried,Vehicle Loan,0,0,0,1,2,6
39,0,3.309442100373692,10000.0,120000.0,3,530.47,103770.28,275103.16,878,1819203.03,10.04,60,0.053,15.16,Male,Single,High School,Government,Agricultural Loan,0,1,2,1,1,0
57,2,8.107589656131113,61466.6,737599.22,3,27677.37,505653.73,808235.08,834,392696.18,12.79,180,0.4503,0.5324,Male,Married,High School,Government,Agricultural Loan,0,1,1,1,1,0
24,3,20.317575693590715,50893.5,610722.03,1,22421.86,475158.92,2372119.99,373,160814.16,10.53,120,0.4406,0.2633,Male,Single,High School,Government,Agricultural Loan,1,1,2,1,1,0
24,2,5.527049730936783,56071.33,672855.96,4,20966.55,1238248.63,3870946.12,304,121160.41,9.69,48,0.3739,0.1801,Female,Single,PhD,Government,Business Loan,1,0,2,2,1,1
40,4,15.655487996636012,17857.76,214293.09,3,8279.88,166103.62,389643.52,762,1002473.4,8.13,60,0.4637,4.678,Male,Single,Graduate,Business,Education Loan,1,1,2,0,0,2
30,1,15.237097964865864,13869.54,166434.53,2,3835.51,147475.91,568541.65,381,183888.67,12.74,120,0.2765,1.1049,Female,Single,Graduate,Salaried,Agricultural Loan,1,0,2,0,2,0
44,3,25.02114238870969,16452.44,197429.27,0,3682.4,304469.26,1060553.84,836,453319.86,11.03,84,0.2238,2.2961,Female,Single,Post Graduate,Self-employed,Home Loan,0,0,2,3,3,4
55,3,18.27491416174769,20878.11,250537.35,0,10104.46,402074.28,776660.0,704,219875.77,7.65,36,0.484,0.8776,Male,Divorced,High School,Salaried,Agricultural Loan,0,1,0,1,2,0
46,3,27.509972360815226,92260.87,1107130.39,4,21410.57,270699.1,1220230.88,813,407709.73,11.54,36,0.2321,0.3683,Female,Divorced,Post Graduate,Business,Vehicle Loan,0,0,0,3,0,6
57,3,18.843041079462047,66176.19,794114.3,4,21220.2,1137807.68,1460503.31,577,584428.38,9.98,24,0.3207,0.7359,Male,Single,PhD,Salaried,Business Loan,1,1,2,2,2,1
58,2,0.7654691339775077,27586.11,331033.3,3,5145.67,333768.6,1142420.84,523,148385.15,12.68,36,0.1865,0.4482,Female,Single,Post Graduate,Business,Home Loan,1,0,2,3,0,4
41,2,11.444762156850194,43458.04,521496.5,0,13826.75,177249.69,516072.03,883,307256.66,13.43,12,0.3182,0.5892,Female,Married,PhD,Business,Vehicle Loan,0,0,1,2,0,6
60,4,20.97143928168338,24172.78,290073.41,1,8703.4,171344.98,389431.79,367,258106.55,11.2,240,0.36,0.8898,Male,Single,Post Graduate,Business,Vehicle Loan,1,1,2,3,0,6
59,1,14.253656832584824,45187.14,542245.7,1,14113.2,91992.73,396076.57,619,204373.49,12.12,24,0.3123,0.3769,Male,Divorced,PhD,Business,Agricultural Loan,0,1,0,2,0,0
41,1,12.581936094647423,18345.55,220146.65,1,4719.97,170346.83,617525.69,318,327573.29,7.4,36,0.2573,1.488,Male,Divorced,PhD,Government,Agricultural Loan,1,1,0,2,1,0
30,2,20.14636892687584,56962.64,683551.66,1,8547.55,391581.01,1581203.32,642,268594.95,10.92,60,0.1501,0.3929,Female,Divorced,Post Graduate,Salaried,Education Loan,0,0,0,3,2,2
58,4,8.571986389547936,21811.18,261734.18,3,7021.52,213496.09,567608.17,893,889478.3,12.29,48,0.3219,3.3984,Female,Divorced,Graduate,Student,Gold Loan,0,0,0,0,4,3
24,0,27.269340950755108,58897.21,706766.53,2,26751.96,845047.32,4030532.07,642,249540.95,10.48,60,0.4542,0.3531,Male,Single,Post Graduate,Business,Agricultural Loan,0,1,2,3,0,0
40,3,12.39430802971752,28100.6,337207.22,1,97.12,501421.78,1192829.12,396,634541.91,11.15,84,0.0035,1.8818,Male,Divorced,Graduate,Business,Gold Loan,0,1,0,0,0,3
37,1,18.936534327525983,22605.63,271267.6,3,1513.78,337346.03,1053929.63,351,617023.0,13.29,60,0.067,2.2746,Female,Divorced,Graduate,Salaried,Home Loan,1,0,0,0,2,4
27,3,29.46999799710586,95587.57,1147050.79,1,5724.41,1587009.58,7513856.26,474,133134.4,8.39,12,0.0599,0.1161,Female,Divorced,Post Graduate,Government,Home Loan,0,0,0,3,1,4
24,1,23.56440689862085,40383.14,484597.71,1,18640.97,844399.38,1125378.2,637,295209.45,7.69,84,0.4616,0.6092,Male,Married,High School,Self-employed,Education Loan,0,1,1,1,3,2
49,0,15.948694763144736,29932.23,359186.79,2,9918.76,631509.1,906368.23,652,405124.73,11.83,240,0.3314,1.1279,Female,Single,Graduate,Business,Agricultural Loan,0,0,2,0,0,0
34,1,25.781627647483056,57234.2,686810.46,1,27237.42,1190273.72,5923695.99,690,547068.6,12.76,36,0.4759,0.7965,Male,Divorced,High School,Government,Agricultural Loan,0,1,0,1,1,0
23,0,16.813131554073387,16252.55,195030.65,3,4736.1,73508.43,359130.21,414,366188.88,12.95,24,0.2914,1.8776,Male,Divorced,PhD,Government,Personal Loan,1,1,0,2,1,5
44,1,13.249603038838174,70552.91,846634.88,3,16288.3,477967.02,1953358.69,647,1018184.26,11.49,84,0.2309,1.2026,Male,Single,PhD,Student,Home Loan,0,1,2,2,4,4
57,2,26.20358834993986,33400.73,400808.82,0,13232.42,419295.52,1231367.43,300,481083.81,12.83,36,0.3962,1.2003,Male,Divorced,PhD,Business,Gold Loan,1,1,0,2,0,3
36,3,0.8146607067282885,52076.69,624920.22,4,4190.67,481761.61,1456964.37,362,631852.73,11.9,48,0.0805,1.0111,Male,Divorced,Graduate,Government,Education Loan,1,1,0,0,1,2
24,4,12.223984102896265,14346.71,172160.52,1,2735.47,57794.09,117255.62,525,275477.5,7.61,84,0.1907,1.6001,Female,Divorced,Graduate,Student,Personal Loan,1,0,0,0,4,5
44,4,10.289773997077383,28869.6,346435.2,1,6730.58,219935.99,600628.5,722,639258.25,12.33,84,0.2331,1.8452,Female,Married,PhD,Government,Business Loan,0,0,1,2,1,1
54,1,21.422589190862457,36415.44,436985.26,3,5434.25,853390.75,2325829.01,318,2082566.71,8.26,24,0.1492,4.7658,Female,Divorced,Post Graduate,Student,Education Loan,1,0,0,3,4,2
50,4,0.3775864546144092,67385.12,808621.46,1,12509.56,605072.26,692420.54,330,674190.7,8.66,36,0.1856,0.8338,Female,Divorced,Post Graduate,Student,Gold Loan,0,0,0,3,4,3
38,3,19.82557436413422,54624.98,655499.81,3,2133.25,580937.99,1633965.27,323,1069190.5,9.76,240,0.0391,1.6311,Male,Single,PhD,Student,Business Loan,1,1,2,2,4,1
39,2,10.390837077737347,28696.02,344352.26,0,2840.67,32921.01,96102.29,510,350375.39,9.2,24,0.099,1.0175,Male,Single,High School,Government,Education Loan,0,1,2,1,1,2
51,2,2.936801371287139,43948.28,527379.3,1,7372.25,771140.26,2824789.12,460,926710.78,9.25,36,0.1677,1.7572,Female,Married,PhD,Self-employed,Agricultural Loan,0,0,1,2,3,0
39,0,29.409923452067076,77183.54,926202.44,0,30714.82,811326.44,2487374.06,554,993763.87,8.18,240,0.3979,1.0729,Female,Single,Graduate,Salaried,Agricultural Loan,0,0,2,0,2,0
39,4,6.366862135523133,32209.18,386510.21,0,2939.05,108616.5,482988.44,870,538400.99,9.06,48,0.0912,1.393,Male,Single,High School,Student,Vehicle Loan,0,1,2,1,4,6
42,3,10.473897868429008,30172.34,362068.13,4,5229.48,702315.77,1734893.63,413,416732.27,7.14,12,0.1733,1.151,Female,Married,Post Graduate,Business,Agricultural Loan,1,0,1,3,0,0
44,4,6.211397678381381,11686.36,140236.26,3,379.34,220649.65,582265.82,803,133777.09,10.31,24,0.0325,0.9539,Male,Divorced,Post Graduate,Salaried,Gold Loan,0,1,0,3,2,3
32,3,19.859735918760666,30716.54,368598.5,0,8556.16,543727.39,1786650.16,519,431098.73,12.38,36,0.2786,1.1696,Female,Single,High School,Self-employed,Personal Loan,1,0,2,1,3,5
50,0,23.47548942204468,12787.5,153450.06,3,3908.19,294509.84,533325.18,656,695355.69,13.04,240,0.3056,4.5315,Female,Single,High School,Salaried,Agricultural Loan,0,0,2,1,2,0
58,4,25.81922503924743,33907.76,406893.13,4,14673.86,351692.71,905254.35,468,239858.78,12.74,240,0.4328,0.5895,Male,Married,Graduate,Salaried,Education Loan,1,1,1,0,2,2
51,2,9.329946538324908,65701.77,788421.19,3,26908.68,1151506.99,4312013.54,823,160160.81,9.92,84,0.4096,0.2031,Female,Single,PhD,Self-employed,Gold Loan,0,0,2,2,3,3
56,0,15.736601745945487,10180.37,122164.4,4,1452.63,58463.62,154766.95,541,480009.58,12.11,84,0.1427,3.9292,Female,Single,High School,Business,Gold Loan,1,0,2,1,0,3
39,4,19.89772874568573,76154.95,913859.34,1,5214.85,1297206.02,6001479.58,674,532071.28,9.02,36,0.0685,0.5822,Male,Divorced,High School,Student,Agricultural Loan,0,1,0,1,4,0
56,2,18.88562925361173,29788.16,357457.86,4,2324.72,39434.13,136489.49,438,150557.9,7.39,60,0.078,0.4212,Male,Married,Post Graduate,Government,Agricultural Loan,1,1,1,3,1,0
50,2,21.480815808474162,35728.4,428740.76,4,17309.76,139520.24,225335.09,396,457081.67,11.73,48,0.4845,1.0661,Female,Divorced,Post Graduate,Business,Personal Loan,1,0,0,3,0,5
53,3,23.09181910934264,26864.15,322369.85,4,9042.82,289621.24,854318.19,446,557903.92,11.54,240,0.3366,1.7306,Male,Divorced,PhD,Business,Gold Loan,1,1,0,2,0,3
38,2,2.9242006821391175,12991.59,155899.14,2,276.53,16604.97,67401.49,481,1273198.71,12.61,240,0.0213,8.1668,Male,Divorced,High School,Student,Personal Loan,1,1,0,1,4,5
48,1,5.049330740749948,22701.96,272423.51,0,1552.58,263915.15,943069.28,356,302181.98,11.31,12,0.0684,1.1092,Female,Married,Post Graduate,Business,Gold Loan,1,0,1,3,0,3
31,4,22.029631485422673,127828.66,1533943.9,3,31049.59,1664867.32,7560252.9,341,2348147.72,8.1,180,0.2429,1.5308,Male,Single,PhD,Business,Education Loan,1,1,2,2,0,2
53,4,14.300266017296089,18814.3,225771.65,3,1955.08,287801.5,1151186.3,842,461902.07,12.97,240,0.1039,2.0459,Male,Divorced,Post Graduate,Salaried,Personal Loan,0,1,0,3,2,5
37,3,12.81101373217716,14000.87,168010.41,2,5625.96,46327.38,57745.0,301,169133.9,11.39,60,0.4018,1.0067,Male,Married,Post Graduate,Salaried,Agricultural Loan,1,1,1,3,2,0
26,2,13.663203752327828,39528.4,474340.77,1,11329.18,204095.95,295949.45,587,339711.35,12.65,48,0.2866,0.7162,Female,Single,Post Graduate,Self-employed,Personal Loan,0,0,2,3,3,5
24,3,11.16078040294081,34493.77,413925.27,0,10566.0,521046.29,1875242.89,437,181629.27,12.42,48,0.3063,0.4388,Female,Married,Graduate,Self-employed,Gold Loan,1,0,1,0,3,3
40,1,17.73202537742978,29911.61,358939.37,0,6921.93,482723.13,943063.27,811,387011.5,9.09,24,0.2314,1.0782,Male,Divorced,Graduate,Self-employed,Business Loan,0,1,0,0,3,1
47,3,9.699766279661278,36631.68,439580.18,0,4690.01,58453.37,195897.08,521,643561.67,7.52,240,0.128,1.464,Female,Married,High School,Government,Vehicle Loan,1,0,1,1,1,6
35,4,19.104462017726963,53451.05,641412.6,0,15752.12,717764.72,2992268.07,630,548285.19,8.24,60,0.2947,0.8548,Female,Divorced,PhD,Student,Business Loan,0,0,0,2,4,1
26,3,6.079113465564207,25532.36,306388.29,2,9152.97,486508.34,1609236.46,703,179135.86,7.65,36,0.3585,0.5847,Male,Married,PhD,Government,Business Loan,0,1,1,2,1,1
34,4,22.73066740847269,40808.52,489702.22,3,7568.92,105666.32,281278.91,807,162170.83,8.7,84,0.1855,0.3312,Female,Divorced,Graduate,Government,Personal Loan,0,0,0,0,1,5
31,0,23.44799923722752,67125.87,805510.44,1,16947.39,705021.4,2527558.99,426,618783.81,10.22,240,0.2525,0.7682,Female,Single,PhD,Self-employed,Vehicle Loan,0,0,2,2,3,6
59,1,17.35562448673938,19986.79,239841.47,1,8391.29,170082.77,267791.54,564,740646.83,13.35,240,0.4198,3.0881,Male,Married,High School,Student,Business Loan,1,1,1,1,4,1
29,1,11.079703882486312,10000.0,120000.0,1,743.41,220143.09,856980.08,314,299196.43,13.1,60,0.0743,2.4933,Male,Married,PhD,Government,Home Loan,1,1,1,2,1,4
46,4,0.4318971971058483,54311.16,651733.98,2,14805.89,286407.49,1084940.32,525,58096.59,12.03,180,0.2726,0.0891,Female,Single,PhD,Salaried,Education Loan,0,0,2,2,2,2
36,0,3.6459741735394013,163044.35,1956532.23,2,28403.36,1356902.31,4148882.75,404,175129.46,7.17,48,0.1742,0.0895,Male,Divorced,Graduate,Government,Vehicle Loan,1,1,0,0,1,6
25,2,2.3906103836600257,36155.6,433867.24,4,12704.98,783283.27,1656843.05,792,973877.0,9.39,60,0.3514,2.2446,Female,Divorced,Graduate,Salaried,Business Loan,0,0,0,0,2,1
30,3,0.30615075446597695,40993.11,491917.34,2,385.55,352746.79,1478099.06,618,245039.76,11.78,120,0.0094,0.4981,Male,Divorced,PhD,Government,Business Loan,0,1,0,2,1,1
23,2,21.66659315702709,30409.64,364915.68,0,10194.43,402045.58,1223103.55,518,335110.09,7.9,120,0.3352,0.9183,Female,Single,PhD,Student,Education Loan,1,0,2,2,4,2
33,0,28.682002798091812,94168.08,1130016.91,3,4844.84,165718.18,204944.94,576,688776.23,12.61,120,0.0514,0.6095,Male,Married,High School,Salaried,Personal Loan,1,1,1,1,2,5
63,1,0.3350479589644495,34660.15,415921.78,1,1122.43,819808.03,3832151.82,640,346273.43,13.4,180,0.0324,0.8325,Male,Married,High School,Salaried,Business Loan,0,1,1,1,2,1
50,2,3.3807180538639194,32469.66,389635.96,2,11764.14,648541.73,2640126.32,751,1353139.88,9.48,60,0.3623,3.4728,Male,Married,High School,Self-employed,Agricultural Loan,0,1,1,1,3,0
26,0,25.820275780496136,62725.18,752702.2,3,20082.79,977962.24,3265631.64,668,328158.1,11.94,12,0.3202,0.436,Female,Single,Post Graduate,Salaried,Education Loan,0,0,2,3,2,2
37,1,20.655067484287244,27158.25,325899.02,0,12152.45,65108.41,178872.48,773,222232.01,8.04,240,0.4475,0.6819,Female,Divorced,Post Graduate,Government,Vehicle Loan,0,0,0,3,1,6
39,2,12.141311894889087,16800.83,201610.0,2,4365.32,45732.02,221324.64,489,1139178.29,11.84,240,0.2598,5.6504,Female,Divorced,Post Graduate,Government,Business Loan,1,0,0,3,1,1
62,1,29.783895524019464,61659.35,739912.25,2,16340.48,834521.96,3421608.73,718,459661.15,7.15,120,0.265,0.6212,Male,Divorced,PhD,Self-employed,Agricultural Loan,0,1,0,2,3,0
55,4,17.20864025369985,25465.29,305583.49,3,9002.21,192428.02,604218.63,794,186704.37,8.06,84,0.3535,0.611,Female,Married,High School,Business,Business Loan,0,0,1,1,0,1
46,1,20.087970382482844,20226.0,242711.95,0,3270.52,309946.34,1119716.99,338,645292.83,11.97,60,0.1617,2.6587,Male,Single,Post Graduate,Salaried,Personal Loan,1,1,2,3,2,5
25,1,19.59529100506538,128031.15,1536373.83,2,2362.97,1889538.43,4011493.13,461,349597.67,11.98,60,0.0185,0.2275,Male,Divorced,Graduate,Salaried,Business Loan,1,1,0,0,2,1
49,0,6.681048902666823,32625.25,391503.04,3,3752.65,661933.19,1180136.7,420,176894.51,11.49,36,0.115,0.4518,Male,Divorced,Graduate,Salaried,Vehicle Loan,1,1,0,0,2,6
57,0,14.643732293324765,48851.27,586215.24,0,5813.63,365000.68,764047.97,698,477391.71,10.34,12,0.119,0.8144,Male,Married,PhD,Government,Personal Loan,0,1,1,2,1,5
40,3,6.492338956509764,36964.64,443575.63,2,6203.75,528256.47,1147660.64,561,389852.13,11.72,84,0.1678,0.8789,Female,Divorced,Graduate,Student,Vehicle Loan,1,0,0,0,4,6
41,0,15.283935906228708,21337.22,256046.66,2,10065.44,402833.0,1594797.25,860,114698.81,12.42,180,0.4717,0.448,Female,Married,PhD,Student,Agricultural Loan,0,0,1,2,4,0
30,4,0.9234365642581854,54921.5,659058.0,1,22101.59,674863.24,1052951.43,428,189575.15,13.77,24,0.4024,0.2876,Female,Divorced,Graduate,Student,Agricultural Loan,1,0,0,0,4,0
25,4,11.458775305550773,43859.53,526314.4,4,20525.3,881787.34,3624453.55,839,1967504.47,13.22,180,0.468,3.7383,Male,Married,Post Graduate,Self-employed,Personal Loan,0,1,1,3,3,5
56,1,11.166302186654056,24449.67,293396.07,0,12207.84,98271.86,304011.97,655,472147.94,12.56,180,0.4993,1.6093,Female,Married,Post Graduate,Self-employed,Business Loan,0,0,1,3,3,1
26,0,8.748918655554743,47094.63,565135.53,3,10214.33,842035.39,2137332.04,731,1299300.21,11.86,180,0.2169,2.2991,Female,Divorced,PhD,Government,Vehicle Loan,0,0,0,2,1,6
46,3,2.376868264957114,26673.18,320078.19,1,3028.38,605176.85,1332347.94,364,566399.29,11.02,36,0.1135,1.7696,Female,Married,PhD,Student,Home Loan,0,0,1,2,4,4
24,0,23.12901180787308,18719.16,224629.9,2,5241.4,161608.42,493358.56,517,1190291.49,7.84,180,0.28,5.2989,Male,Divorced,Graduate,Business,Vehicle Loan,1,1,0,0,0,6
59,3,12.613645928640961,17616.65,211399.78,3,7761.32,166049.91,376945.56,862,690104.91,8.16,48,0.4406,3.2645,Female,Divorced,High School,Salaried,Vehicle Loan,1,0,0,1,2,6
59,1,24.419195362837307,42703.46,512441.49,1,9944.18,124764.24,339085.25,726,207510.42,12.74,36,0.2329,0.4049,Male,Single,Graduate,Student,Home Loan,0,1,2,0,4,4
55,4,25.071817137646768,28864.32,346371.82,1,7294.0,454738.11,1798971.76,373,718887.45,12.62,240,0.2527,2.0755,Male,Divorced,Graduate,Business,Agricultural Loan,1,1,0,0,0,0
21,0,6.40792169705369,89413.09,1072957.12,4,6010.31,1225528.65,4294245.06,759,206442.72,11.3,180,0.0672,0.1924,Female,Divorced,PhD,Salaried,Education Loan,0,0,0,2,2,2
44,0,12.639903413964717,35391.44,424697.22,1,7440.26,68233.0,272381.34,724,930516.63,10.07,24,0.2102,2.191,Male,Single,High School,Salaried,Personal Loan,0,1,2,1,2,5
56,4,21.62922015627106,22671.82,272061.84,0,4386.94,414914.18,1598205.76,491,526590.9,7.18,180,0.1935,1.9356,Male,Single,High School,Self-employed,Business Loan,1,1,2,1,3,1
26,4,14.984884610246896,39922.31,479067.71,4,7020.11,801382.21,3414120.61,488,449107.71,9.29,36,0.1758,0.9375,Male,Married,PhD,Business,Agricultural Loan,1,1,1,2,0,0
61,2,25.652046912089133,16704.6,200455.24,4,7410.99,365225.29,659874.38,311,311506.4,9.94,84,0.4436,1.554,Male,Single,Post Graduate,Student,Agricultural Loan,1,1,2,3,4,0
64,2,17.147070231402193,34527.84,414334.09,2,1023.78,467917.29,2330458.33,538,837984.3,10.4,60,0.0297,2.0225,Female,Single,PhD,Student,Vehicle Loan,0,0,2,2,4,6
51,2,18.887429035756995,43980.43,527765.17,2,21377.73,501787.73,1456730.82,892,389990.58,13.51,180,0.4861,0.7389,Female,Married,PhD,Government,Education Loan,0,0,1,2,1,2
40,4,23.610703936341157,40839.43,490073.19,0,168.4,863801.16,3345442.92,752,95998.12,7.76,240,0.0041,0.1959,Male,Single,PhD,Business,Gold Loan,0,1,2,2,0,3
44,2,3.666663228855338,79354.46,952253.55,3,37518.55,807037.01,2994914.87,682,112262.92,10.63,120,0.4728,0.1179,Female,Divorced,High School,Salaried,Education Loan,0,0,0,1,2,2
45,0,17.527447137541643,172561.72,2070740.7,0,47286.01,2773962.83,9055880.01,347,160264.71,9.58,84,0.274,0.0774,Male,Single,PhD,Self-employed,Gold Loan,0,1,2,2,3,3
56,4,2.5628960629244277,54330.36,651964.29,4,19082.05,823285.94,4102651.92,616,828476.85,13.93,84,0.3512,1.2707,Male,Married,High School,Government,Personal Loan,0,1,1,1,1,5
41,0,7.816533706111157,73664.61,883975.34,2,6892.53,704211.98,1316357.68,508,880460.61,13.03,12,0.0936,0.996,Male,Divorced,PhD,Self-employed,Gold Loan,1,1,0,2,3,3
50,4,6.377151192737363,167054.87,2004658.43,0,54644.61,500908.77,1345899.53,846,573778.19,10.07,60,0.3271,0.2862,Female,Married,Post Graduate,Salaried,Home Loan,0,0,1,3,2,4
44,1,17.012282719855214,19856.06,238272.71,2,8756.1,29636.31,44778.16,418,568938.17,14.0,180,0.441,2.3878,Male,Single,Post Graduate,Salaried,Home Loan,1,1,2,3,2,4
64,0,25.317071351713583,39276.3,471315.54,0,2739.13,426126.91,736066.86,876,1406911.89,10.6,84,0.0697,2.9851,Male,Divorced,Graduate,Self-employed,Education Loan,0,1,0,0,3,2
62,4,3.9842882865154774,27260.72,327128.63,0,1732.17,328972.44,1267154.55,614,582030.84,8.17,12,0.0635,1.7792,Female,Single,Graduate,Government,Home Loan,0,0,2,0,1,4
50,3,23.051895829412548,60210.05,722520.65,1,9151.26,1199480.62,1222715.42,335,737106.49,10.89,60,0.152,1.0202,Female,Married,High School,Salaried,Home Loan,1,0,1,1,2,4
42,4,4.291983762682467,42743.45,512921.45,0,3456.36,450151.32,2052367.09,762,438625.89,8.58,60,0.0809,0.8552,Male,Married,Post Graduate,Student,Education Loan,0,1,1,3,4,2
48,1,5.690151385452806,22224.28,266691.35,2,1229.51,165941.51,586227.88,853,305943.58,11.45,36,0.0553,1.1472,Female,Single,High School,Student,Vehicle Loan,0,0,2,1,4,6
27,4,27.508205917651974,36554.83,438658.0,0,12397.92,425067.6,1174725.4,880,353561.26,13.56,180,0.3392,0.806,Male,Married,PhD,Student,Personal Loan,0,1,1,2,4,5
55,1,0.29187466519963956,68060.59,816727.1,3,7276.58,440609.37,1024612.6,702,2282119.23,12.5,240,0.1069,2.7942,Male,Single,PhD,Government,Gold Loan,0,1,2,2,1,3
48,2,5.914321237006161,16610.08,199321.0,1,5539.59,51512.75,77531.65,406,185465.68,8.91,84,0.3335,0.9305,Male,Married,High School,Government,Education Loan,1,1,1,1,1,2
34,0,6.46668273835255,22507.26,270087.14,0,9699.83,81025.91,379707.7,338,568893.93,9.08,84,0.431,2.1063,Male,Married,Graduate,Business,Agricultural Loan,1,1,1,0,0,0
30,1,8.456416901429296,20570.95,246851.35,3,6706.38,171573.05,660434.32,880,131621.93,7.49,24,0.326,0.5332,Male,Married,High School,Business,Home Loan,0,1,1,1,0,4
36,3,10.902351212833084,44171.63,530059.52,2,2636.32,57050.2,133815.35,479,271464.53,9.0,24,0.0597,0.5121,Female,Married,High School,Student,Gold Loan,0,0,1,1,4,3
36,0,3.0953403551619663,76443.69,917324.26,3,21923.19,463606.17,595151.97,311,821642.67,7.65,84,0.2868,0.8957,Female,Divorced,Graduate,Self-employed,Vehicle Loan,1,0,0,0,3,6
51,4,14.053628396491018,10874.32,130491.84,1,2140.22,207841.23,478602.51,638,103987.97,10.5,180,0.1968,0.7969,Male,Divorced,PhD,Self-employed,Business Loan,0,1,0,2,3,1
62,4,11.980511020916673,38431.75,461180.96,2,6598.17,245816.96,427361.93,847,912361.37,11.96,24,0.1717,1.9783,Male,Single,Graduate,Student,Personal Loan,0,1,2,0,4,5
45,1,18.748014327457486,20857.47,250289.67,0,3321.88,73976.84,306640.91,425,2276238.57,12.26,240,0.1593,9.0944,Female,Single,Post Graduate,Business,Personal Loan,1,0,2,3,0,5
33,3,26.02552902206104,66386.01,796632.16,0,30850.65,1515516.52,5877771.31,362,592513.19,7.42,240,0.4647,0.7438,Male,Single,Graduate,Government,Home Loan,1,1,2,0,1,4
26,1,8.931607804076718,31502.4,378028.81,3,11695.38,482516.37,1443999.0,381,1214121.44,9.38,48,0.3713,3.2117,Male,Single,Post Graduate,Self-employed,Vehicle Loan,1,1,2,3,3,6
64,3,16.394633227787835,39277.39,471328.7,0,2628.62,93503.64,424821.09,598,539517.48,9.02,48,0.0669,1.1447,Male,Married,Post Graduate,Government,Personal Loan,0,1,1,3,1,5
29,1,11.141321104205543,36286.38,435436.59,2,8636.26,88234.37,152003.36,333,781422.37,7.73,48,0.238,1.7946,Female,Married,Graduate,Student,Gold Loan,0,0,1,0,4,3
56,2,1.207508432649892,71291.42,855497.06,2,11343.29,1074989.72,3018423.15,348,636037.63,9.54,60,0.1591,0.7435,Male,Married,Graduate,Government,Gold Loan,1,1,1,0,1,3
63,2,24.632260923812787,124141.7,1489700.38,0,60701.46,1666349.35,6402916.08,356,294182.43,9.1,180,0.489,0.1975,Male,Single,Graduate,Self-employed,Business Loan,1,1,2,0,3,1
40,2,19.026493199758153,18383.35,220600.24,3,8989.73,47293.38,60119.79,408,273827.58,11.44,24,0.489,1.2413,Male,Divorced,High School,Business,Home Loan,1,1,0,1,0,4
38,1,0.06516811125849009,20505.87,246070.41,0,3276.17,126300.88,314578.8,816,1138435.66,13.18,60,0.1598,4.6265,Male,Single,Graduate,Self-employed,Vehicle Loan,0,1,2,0,3,6
63,0,7.487158206078499,44041.99,528503.86,4,7753.88,985130.63,3237788.65,323,427722.08,10.18,24,0.1761,0.8093,Male,Divorced,Post Graduate,Salaried,Agricultural Loan,1,1,0,3,2,0
41,4,9.269682149669302,22251.36,267016.37,0,6668.89,314995.84,777162.2,520,394976.79,12.23,180,0.2997,1.4792,Female,Divorced,Post Graduate,Government,Gold Loan,1,0,0,3,1,3
24,0,24.34594621593425,63586.11,763033.27,1,15238.63,707553.38,2066619.06,614,388485.21,8.02,12,0.2397,0.5091,Female,Married,Post Graduate,Government,Personal Loan,0,0,1,3,1,5
53,4,22.821396312200935,70015.4,840184.78,0,7460.17,472854.21,1623059.49,593,565307.67,13.26,120,0.1066,0.6728,Female,Married,Graduate,Government,Gold Loan,0,0,1,0,1,3
47,3,11.884315564065588,26161.76,313941.16,4,8638.77,106610.62,263708.04,309,171370.57,8.07,36,0.3302,0.5459,Female,Single,PhD,Student,Business Loan,1,0,2,2,4,1
27,2,4.720266488359356,22968.47,275621.63,1,3837.21,235668.64,335605.67,780,382423.96,8.34,48,0.1671,1.3875,Female,Single,PhD,Student,Personal Loan,0,0,2,2,4,5
26,2,11.58096457744123,30795.77,369549.23,3,10065.85,684110.48,1065692.25,566,567188.75,7.75,180,0.3269,1.5348,Male,Divorced,Post Graduate,Self-employed,Vehicle Loan,1,1,0,3,3,6
35,4,24.304389671968508,38654.21,463850.5,1,7415.45,81960.92,254735.83,387,159011.45,9.17,36,0.1918,0.3428,Female,Divorced,Post Graduate,Business,Home Loan,1,0,0,3,0,4
38,2,13.571740809499591,43866.33,526395.95,2,15357.82,1043690.2,1773188.0,754,523025.44,10.87,120,0.3501,0.9936,Male,Married,High School,Salaried,Business Loan,0,1,1,1,2,1
52,0,3.4761056485756514,10000.0,120000.0,4,3339.0,57796.93,263515.53,832,215755.0,13.92,12,0.3339,1.798,Female,Divorced,Graduate,Business,Business Loan,0,0,0,0,0,1
31,1,1.156424172031718,20323.37,243880.43,2,5170.39,211396.56,916772.49,447,568041.62,12.55,240,0.2544,2.3292,Female,Divorced,Graduate,Business,Home Loan,1,0,0,0,0,4
40,2,10.000058168702902,28496.61,341959.31,2,10041.35,58024.23,139033.49,730,2487551.8,9.66,84,0.3524,7.2744,Male,Single,Post Graduate,Salaried,Agricultural Loan,0,1,2,3,2,0
44,2,4.450884330625384,22512.06,270144.71,1,5188.64,325299.04,1406576.37,541,401639.11,11.03,36,0.2305,1.4868,Male,Single,High School,Student,Home Loan,1,1,2,1,4,4
35,3,22.351235353849567,10000.0,120000.0,1,580.69,121217.71,379744.94,365,186669.17,11.36,120,0.0581,1.5556,Male,Divorced,Post Graduate,Government,Education Loan,1,1,0,3,1,2
27,1,8.36270442060286,11695.7,140348.4,2,1064.93,191040.62,312581.38,677,534810.08,12.76,60,0.0911,3.8106,Female,Divorced,High School,Student,Home Loan,0,0,0,1,4,4
41,4,26.323590928782878,16593.81,199125.69,3,2040.98,223711.03,773334.89,687,646525.61,12.16,180,0.123,3.2468,Male,Divorced,Post Graduate,Government,Home Loan,0,1,0,3,1,4
62,1,18.520478681282743,33888.45,406661.38,0,1071.37,344241.88,1279823.99,508,209077.78,10.99,180,0.0316,0.5141,Female,Single,Post Graduate,Government,Personal Loan,0,0,2,3,1,5
46,1,11.809912794430362,27952.97,335435.62,0,9942.61,502270.23,670815.21,714,111883.79,11.68,240,0.3557,0.3335,Female,Single,Graduate,Student,Business Loan,0,0,2,0,4,1
64,4,18.301726629738717,24861.07,298332.88,4,4566.86,39168.27,88434.61,315,209590.84,12.22,84,0.1837,0.7025,Male,Married,High School,Business,Vehicle Loan,1,1,1,1,0,6
34,1,8.855219190972987,58565.96,702791.56,1,2738.64,787341.34,804297.48,596,425627.0,7.93,48,0.0468,0.6056,Male,Married,PhD,Government,Vehicle Loan,0,1,1,2,1,6
57,3,4.2397163711333565,58552.57,702630.8,0,24005.33,211910.68,480129.25,519,307352.07,8.4,24,0.41,0.4374,Female,Married,High School,Student,Gold Loan,1,0,1,1,4,3
41,0,28.925327847701986,39733.55,476802.6,3,13582.01,438189.2,1026143.29,666,1047581.95,11.82,36,0.3418,2.1971,Female,Married,High School,Business,Home Loan,0,0,1,1,0,4
38,1,16.894843366490527,39029.47,468353.59,4,8825.04,749205.03,2637826.92,528,669101.11,12.95,60,0.2261,1.4286,Male,Single,Graduate,Salaried,Vehicle Loan,1,1,2,0,2,6
25,0,0.21984363764413928,21720.32,260643.88,1,2687.08,92889.07,166844.86,739,480022.64,9.86,180,0.1237,1.8417,Male,Married,PhD,Government,Agricultural Loan,0,1,1,2,1,0
23,3,9.309426188867274,23337.22,280046.59,0,1770.66,525639.0,588906.98,831,109538.64,13.86,24,0.0759,0.3911,Male,Single,PhD,Business,Agricultural Loan,0,1,2,2,0,0
43,3,4.786034823769837,13035.22,156422.67,2,2987.5,279417.91,632193.68,749,732575.67,8.51,60,0.2292,4.6833,Female,Single,Graduate,Government,Agricultural Loan,0,0,2,0,1,0
46,1,7.745499395686161,31242.95,374915.44,3,13828.85,329388.73,1417187.82,335,2155087.35,9.92,240,0.4426,5.7482,Male,Married,Post Graduate,Business,Vehicle Loan,1,1,1,3,0,6
57,2,1.671465592006045,58188.6,698263.22,3,5481.23,66184.96,171854.59,721,881909.84,9.65,24,0.0942,1.263,Female,Single,High School,Salaried,Business Loan,0,0,2,1,2,1
44,1,7.352568839236454,81846.26,982155.17,1,23271.32,1568512.53,4172831.64,488,261409.72,13.51,180,0.2843,0.2662,Female,Divorced,High School,Government,Vehicle Loan,0,0,0,1,1,6
39,0,20.4904830159835,31355.1,376261.15,3,15076.88,666628.26,1917296.38,477,396693.06,9.0,36,0.4808,1.0543,Male,Married,Post Graduate,Student,Vehicle Loan,1,1,1,3,4,6
45,3,24.61828642175261,48776.37,585316.47,1,15538.12,244807.45,980981.47,614,638747.21,10.3,180,0.3186,1.0913,Male,Married,PhD,Business,Personal Loan,0,1,1,2,0,5
41,0,10.421760528975062,10000.0,120000.0,3,2199.82,220724.21,644536.66,319,1341540.26,8.31,48,0.22,11.1795,Male,Divorced,Post Graduate,Salaried,Home Loan,1,1,0,3,2,4
32,0,15.673972456452884,28007.93,336095.17,0,10032.06,616853.33,842085.6,681,251550.51,10.65,48,0.3582,0.7485,Female,Married,PhD,Government,Vehicle Loan,0,0,1,2,1,6
61,4,1.2537179073054217,27616.88,331402.6,1,11386.14,326975.32,596925.89,442,304854.13,13.0,120,0.4123,0.9199,Female,Single,Post Graduate,Salaried,Personal Loan,1,0,2,3,2,5
53,3,2.72402401273508,88849.66,1066195.9,3,26233.59,1719667.43,3012151.35,361,427396.21,9.13,60,0.2953,0.4009,Female,Single,Post Graduate,Salaried,Education Loan,1,0,2,3,2,2
24,3,16.557724256801798,45970.73,551648.71,0,20039.38,516426.1,1565521.59,541,398496.43,12.68,48,0.4359,0.7224,Female,Single,PhD,Government,Gold Loan,1,0,2,2,1,3
62,0,25.21730732504245,48852.13,586225.56,0,12569.45,682613.94,764335.02,537,833915.75,13.38,120,0.2573,1.4225,Female,Married,High School,Government,Agricultural Loan,0,0,1,1,1,0
27,3,2.63963895161908,47353.55,568242.55,0,19652.41,395700.31,844609.02,430,545707.36,7.51,36,0.415,0.9603,Male,Divorced,Post Graduate,Business,Personal Loan,1,1,0,3,0,5
42,1,12.556400057580422,37319.29,447831.48,1,17764.34,174198.79,597289.3,422,144676.95,12.29,240,0.476,0.3231,Male,Divorced,PhD,Student,Gold Loan,1,1,0,2,4,3
53,4,29.112740035504416,91073.23,1092878.77,1,22824.93,1654831.7,4002380.43,739,261600.65,8.79,60,0.2506,0.2394,Male,Married,High School,Salaried,Gold Loan,0,1,1,1,2,3
37,1,22.163776361253827,10000.0,120000.0,3,3025.01,10320.35,39535.71,641,267694.63,8.23,36,0.3025,2.2308,Male,Single,High School,Government,Education Loan,0,1,2,1,1,2
44,2,5.928096608406218,39645.24,475742.92,2,12081.24,568104.91,1457123.96,718,75212.04,11.21,24,0.3047,0.1581,Male,Single,High School,Salaried,Education Loan,0,1,2,1,2,2
54,2,8.555228014975068,71530.68,858368.15,2,27948.28,1494116.98,7346618.2,754,930715.89,11.94,120,0.3907,1.0843,Female,Married,PhD,Business,Education Loan,0,0,1,2,0,2
48,0,28.43748697414273,11674.52,140094.23,4,4803.87,71090.56,345601.42,497,491855.39,9.76,120,0.4115,3.5109,Male,Married,PhD,Business,Agricultural Loan,1,1,1,2,0,0
63,2,6.629630792245626,60039.06,720468.78,2,817.41,519739.42,2182574.43,581,287062.87,7.27,60,0.0136,0.3984,Female,Single,Post Graduate,Business,Personal Loan,0,0,2,3,0,5
61,1,13.227221459722093,23001.21,276014.51,2,8434.08,333797.56,1608090.48,300,910808.66,13.36,48,0.3667,3.2999,Female,Married,Post Graduate,Student,Education Loan,1,0,1,3,4,2
59,2,10.668301607611523,38788.91,465466.87,3,15201.67,259032.92,471210.15,631,563016.11,12.12,24,0.3919,1.2096,Female,Divorced,Post Graduate,Self-employed,Business Loan,0,0,0,3,3,1
42,0,14.701164959067976,22737.81,272853.7,1,7963.12,465947.66,1865511.22,511,158118.98,8.9,24,0.3502,0.5795,Female,Divorced,Post Graduate,Self-employed,Vehicle Loan,1,0,0,3,3,6
37,3,7.097405608986483,64569.08,774829.01,2,23041.34,609007.39,1392577.34,386,720480.74,10.48,120,0.3568,0.9299,Female,Married,PhD,Self-employed,Personal Loan,1,0,1,2,3,5
54,4,20.05051289893065,30545.81,366549.75,4,632.34,439160.67,1713243.63,360,1326919.19,7.19,120,0.0207,3.62,Male,Single,PhD,Student,Home Loan,1,1,2,2,4,4
26,0,7.037729585073183,60323.57,723882.79,3,13332.67,374053.55,933478.25,394,395569.82,9.37,48,0.221,0.5465,Female,Divorced,Graduate,Student,Education Loan,1,0,0,0,4,2
26,0,18.06304063049518,47155.12,565861.46,0,19290.68,92041.41,198596.15,852,419307.85,10.66,48,0.4091,0.741,Male,Married,Post Graduate,Salaried,Personal Loan,0,1,1,3,2,5
54,0,10.733079344893966,22555.28,270663.37,0,10533.4,112666.02,544760.54,446,482245.28,10.62,48,0.467,1.7817,Male,Single,PhD,Salaried,Education Loan,1,1,2,2,2,2
21,1,7.544283957795449,49075.52,588906.18,4,5630.63,101221.96,186202.02,545,166989.23,8.46,24,0.1147,0.2836,Male,Married,Graduate,Business,Gold Loan,1,1,1,0,0,3
30,3,20.85007891879605,24388.29,292659.53,1,7062.79,287242.64,1158815.64,596,495407.43,12.44,240,0.2896,1.6928,Male,Married,Post Graduate,Student,Vehicle Loan,1,1,1,3,4,6
41,0,28.957193353805767,37740.04,452880.47,0,15177.73,546953.56,2023010.91,422,216815.52,9.09,12,0.4022,0.4787,Female,Married,Graduate,Self-employed,Gold Loan,1,0,1,0,3,3
25,3,26.081263247133677,30213.48,362561.73,1,11366.43,61258.73,135621.34,755,440109.79,11.06,180,0.3762,1.2139,Male,Married,Post Graduate,Self-employed,Agricultural Loan,0,1,1,3,3,0
22,0,2.6050617755916483,62314.36,747772.28,2,19282.87,191996.21,543996.7,698,505201.8,8.9,84,0.3094,0.6756,Male,Married,Post Graduate,Salaried,Education Loan,0,1,1,3,2,2
42,1,13.632413645631058,50221.24,602654.9,2,469.35,611045.65,960424.68,530,676462.14,9.98,120,0.0093,1.1225,Male,Single,High School,Business,Personal Loan,0,1,2,1,0,5
22,0,20.843398384603155,35652.23,427826.8,2,12904.07,690980.87,3237130.96,833,696655.24,8.45,60,0.3619,1.6284,Female,Divorced,PhD,Business,Business Loan,0,0,0,2,0,1
30,2,16.878475241685184,24066.42,288797.08,0,9304.59,371686.93,1811036.82,701,210627.51,11.43,84,0.3866,0.7293,Female,Single,Graduate,Government,Vehicle Loan,0,0,2,0,1,6
54,1,21.790704994095393,16959.87,203518.41,0,6129.72,57804.91,227164.75,891,514057.65,9.98,84,0.3614,2.5259,Male,Divorced,Post Graduate,Student,Gold Loan,0,1,0,3,4,3
36,0,29.25360425403772,39394.99,472739.84,1,15084.52,843583.46,3709811.28,429,950623.01,7.11,240,0.3829,2.0109,Male,Married,PhD,Self-employed,Agricultural Loan,1,1,1,2,3,0
59,0,10.268154294144662,24850.31,298203.71,1,5354.18,549225.51,730727.91,591,175833.58,7.2,48,0.2155,0.5896,Female,Married,Graduate,Self-employed,Vehicle Loan,1,0,1,0,3,6
42,0,23.126194772247167,11768.74,141224.9,4,5847.61,99728.4,252898.71,575,1787060.44,10.3,60,0.4969,12.654,Male,Single,High School,Salaried,Vehicle Loan,1,1,2,1,2,6
32,2,2.8221395231061774,16350.0,196199.94,2,6301.18,248003.42,576172.56,675,203223.93,8.28,48,0.3854,1.0358,Female,Single,PhD,Salaried,Education Loan,0,0,2,2,2,2
44,2,26.092446996574463,96329.05,1155948.56,3,27871.85,1187113.37,3869759.59,354,1626521.69,11.1,12,0.2893,1.4071,Female,Divorced,Graduate,Student,Vehicle Loan,1,0,0,0,4,6
60,0,23.352967270835364,24440.92,293291.07,3,11416.25,553991.32,960300.28,877,206102.63,9.86,84,0.4671,0.7027,Female,Married,Post Graduate,Salaried,Home Loan,1,0,1,3,2,4
58,2,15.629023770084505,69514.99,834179.86,2,31566.7,882924.9,2872618.48,325,422956.1,11.58,60,0.4541,0.507,Female,Single,High School,Salaried,Home Loan,1,0,2,1,2,4
30,0,24.63100410030484,29319.56,351834.73,4,11941.37,676672.4,2447836.33,740,379145.78,13.67,48,0.4073,1.0776,Male,Married,PhD,Self-employed,Gold Loan,0,1,1,2,3,3
55,2,19.998703357646896,76400.66,916807.89,1,21533.33,426688.4,652582.52,496,148235.35,10.7,84,0.2818,0.1617,Female,Married,Post Graduate,Student,Gold Loan,1,0,1,3,4,3
52,3,16.566786982180655,73152.27,877827.22,0,19279.32,654518.61,999373.23,542,773402.55,12.51,60,0.2636,0.881,Male,Married,High School,Self-employed,Business Loan,1,1,1,1,3,1
27,0,28.38001535771194,22127.64,265531.67,4,3636.77,419782.13,479262.55,489,805829.54,12.27,36,0.1644,3.0348,Male,Divorced,High School,Self-employed,Personal Loan,1,1,0,1,3,5
41,0,3.9079565103173444,11017.22,132206.62,4,1381.99,209581.05,847455.62,867,726354.24,13.45,24,0.1254,5.4941,Male,Married,Graduate,Salaried,Education Loan,1,1,1,0,2,2
40,4,29.789030156449538,11591.27,139095.27,2,2969.45,206790.8,480588.87,866,362658.57,8.5,84,0.2562,2.6073,Female,Divorced,Post Graduate,Self-employed,Gold Loan,0,0,0,3,3,3
46,4,4.63298631188179,22354.95,268259.41,1,6458.14,464336.11,883019.54,575,252355.72,12.79,48,0.2889,0.9407,Female,Single,Post Graduate,Student,Personal Loan,1,0,2,3,4,5
24,1,14.405278859576619,112846.15,1354153.79,3,13796.93,1936277.64,7962704.75,708,1065894.79,13.34,36,0.1223,0.7871,Male,Single,PhD,Salaried,Business Loan,0,1,2,2,2,1
42,3,6.942329905696609,28386.32,340635.89,3,13094.63,443677.06,697914.11,639,524790.91,9.75,180,0.4613,1.5406,Female,Married,PhD,Student,Agricultural Loan,0,0,1,2,4,0
35,3,8.157409483278679,39622.26,475467.12,3,11040.23,457846.13,1240183.24,452,241583.56,9.2,240,0.2786,0.5081,Female,Married,PhD,Business,Gold Loan,1,0,1,2,0,3
60,1,18.95495913142188,79380.03,952560.37,4,20897.0,932161.14,3709205.94,864,525250.0,13.66,120,0.2633,0.5514,Male,Divorced,PhD,Student,Personal Loan,0,1,0,2,4,5
41,4,1.0413042836013375,38800.67,465608.05,0,8451.53,401265.46,1322301.8,697,115871.57,11.39,24,0.2178,0.2489,Male,Married,High School,Student,Agricultural Loan,0,1,1,1,4,0
35,1,28.22240336057532,38007.34,456088.1,1,1103.57,580177.18,1865850.15,743,482255.5,9.66,180,0.029,1.0574,Male,Married,PhD,Government,Education Loan,0,1,1,2,1,2
42,4,8.38866371696529,52764.71,633176.55,0,23279.83,546287.33,890368.4,726,747597.0,12.54,60,0.4412,1.1807,Female,Married,Post Graduate,Student,Education Loan,0,0,1,3,4,2
48,0,8.17597695945772,43190.76,518289.12,3,6845.61,189709.76,327008.58,786,383261.68,9.13,120,0.1585,0.7395,Female,Divorced,High School,Self-employed,Gold Loan,0,0,0,1,3,3
34,1,25.906911897636583,34211.59,410539.07,0,10989.79,118036.18,393088.24,503,781308.57,8.23,60,0.3212,1.9031,Female,Divorced,PhD,Self-employed,Home Loan,0,0,0,2,3,4
47,2,22.945085598820047,23555.87,282670.46,4,7154.31,524421.13,573856.97,411,847949.51,10.81,24,0.3037,2.9998,Male,Married,PhD,Salaried,Vehicle Loan,1,1,1,2,2,6
61,4,20.15165792962667,38066.63,456799.56,2,11124.72,59726.35,267363.32,624,551420.22,10.96,48,0.2922,1.2071,Female,Married,Graduate,Business,Gold Loan,0,0,1,0,0,3
60,0,4.390753518080897,70027.26,840327.12,0,18407.09,239895.68,576201.4,557,1820198.29,12.78,60,0.2629,2.1661,Female,Single,High School,Salaried,Personal Loan,1,0,2,1,2,5
48,2,23.088501573180046,105789.1,1269469.18,0,9597.18,1189282.32,3171179.54,827,1306894.95,10.2,84,0.0907,1.0295,Female,Divorced,Post Graduate,Student,Agricultural Loan,0,0,0,3,4,0
46,2,10.822988739890691,43276.54,519318.49,0,6071.82,304982.95,620252.76,649,730778.82,12.7,60,0.1403,1.4072,Male,Single,PhD,Student,Education Loan,0,1,2,2,4,2
22,3,29.81665941989404,57130.69,685568.25,3,14973.61,590418.5,2660829.84,734,587776.57,9.18,12,0.2621,0.8574,Male,Married,High School,Self-employed,Gold Loan,0,1,1,1,3,3
45,4,20.13748635076308,42695.06,512340.68,0,16850.51,158026.78,564158.17,725,360376.11,11.03,12,0.3947,0.7034,Female,Married,Post Graduate,Student,Education Loan,0,0,1,3,4,2
23,0,25.076792234049755,34461.65,413539.8,1,7443.53,138220.84,386967.74,579,263621.55,8.46,36,0.216,0.6375,Male,Married,PhD,Student,Gold Loan,1,1,1,2,4,3
28,4,22.01355874993955,49441.94,593303.23,4,5041.16,959921.71,3207324.18,670,837342.63,9.7,240,0.102,1.4113,Male,Married,PhD,Self-employed,Education Loan,0,1,1,2,3,2
64,0,17.8271502823446,74131.79,889581.45,1,3259.74,1368435.81,3450481.33,548,377255.32,13.0,24,0.044,0.4241,Female,Divorced,Graduate,Business,Home Loan,0,0,0,0,0,4
53,4,21.489571623460122,21336.68,256040.15,1,7073.23,72498.11,207513.5,480,196560.83,8.51,60,0.3315,0.7677,Male,Married,Graduate,Student,Personal Loan,1,1,1,0,4,5
62,2,17.92451487112066,15201.69,182420.3,3,3217.74,248687.2,604441.39,377,232878.67,12.67,240,0.2117,1.2766,Male,Single,High School,Government,Gold Loan,1,1,2,1,1,3
55,3,1.5359577194388219,26375.61,316507.34,0,1653.37,396007.66,1046529.12,635,258809.64,8.98,120,0.0627,0.8177,Male,Single,Graduate,Business,Education Loan,0,1,2,0,0,2
26,1,10.36569421973376,41233.12,494797.47,4,13905.19,717759.1,1622068.22,349,1799180.54,7.24,180,0.3372,3.6362,Female,Single,Graduate,Business,Gold Loan,1,0,2,0,0,3
59,4,9.492525563353402,61201.25,734415.06,4,6352.04,729049.22,955465.89,384,871753.76,7.77,24,0.1038,1.187,Male,Divorced,High School,Self-employed,Personal Loan,1,1,0,1,3,5
43,2,21.41919624217143,20056.23,240674.81,4,5104.47,144599.37,166200.36,303,454712.52,12.22,60,0.2545,1.8893,Male,Single,PhD,Salaried,Gold Loan,1,1,2,2,2,3
45,1,17.28519602488621,10000.0,120000.0,0,1530.94,162646.21,275917.07,616,616097.28,8.83,240,0.1531,5.1341,Female,Divorced,Post Graduate,Student,Agricultural Loan,0,0,0,3,4,0
63,1,18.314664081000192,26751.1,321013.18,4,12461.87,255238.13,512148.33,410,676051.1,11.58,12,0.4658,2.106,Male,Divorced,High School,Student,Vehicle Loan,1,1,0,1,4,6
39,1,25.40944743651315,32326.79,387921.44,4,3689.91,195121.79,890123.65,633,220825.24,11.89,12,0.1141,0.5693,Male,Married,High School,Salaried,Education Loan,0,1,1,1,2,2
25,2,15.75921416724232,18081.34,216976.12,2,3796.35,188018.25,647721.87,432,173849.68,9.42,180,0.21,0.8012,Male,Divorced,Post Graduate,Student,Personal Loan,1,1,0,3,4,5
31,0,6.548315994183158,23071.32,276855.81,2,11068.39,428093.05,2069054.47,418,1026057.15,10.32,24,0.4797,3.7061,Male,Divorced,Graduate,Government,Business Loan,1,1,0,0,1,1
32,1,0.3731903053422969,61106.29,733275.45,4,9738.06,729807.27,1721314.27,649,150274.92,9.83,240,0.1594,0.2049,Female,Divorced,High School,Salaried,Home Loan,0,0,0,1,2,4
30,3,4.784926004734277,38058.21,456698.49,1,12266.03,300541.02,783496.03,841,436286.32,13.63,240,0.3223,0.9553,Male,Married,PhD,Self-employed,Vehicle Loan,0,1,1,2,3,6
28,0,0.9173727399680998,44684.11,536209.34,0,7076.33,899624.24,3489654.05,354,248355.68,9.24,48,0.1584,0.4632,Male,Married,High School,Salaried,Gold Loan,0,1,1,1,2,3
44,2,7.111947556301236,29336.59,352039.02,1,1623.41,624218.18,2067166.12,660,527968.66,8.28,24,0.0553,1.4997,Female,Married,Post Graduate,Business,Business Loan,0,0,1,3,0,1
48,1,19.049915734969918,23098.75,277184.99,1,7247.78,253272.24,788061.71,752,361334.11,9.56,36,0.3138,1.3036,Female,Single,PhD,Self-employed,Gold Loan,0,0,2,2,3,3
61,2,4.542568684105133,29209.84,350518.13,0,13378.57,280935.15,927719.85,852,678192.14,11.69,12,0.458,1.9348,Female,Single,High School,Business,Vehicle Loan,0,0,2,1,0,6
56,2,2.4576968930218723,48987.88,587854.51,0,11085.09,739328.74,2466800.82,629,69638.23,11.88,36,0.2263,0.1185,Male,Divorced,PhD,Self-employed,Agricultural Loan,0,1,0,2,3,0
57,1,29.125637600274572,14841.88,178102.5,3,4646.82,34632.21,140709.36,518,1084398.68,13.47,60,0.3131,6.0886,Female,Single,Post Graduate,Salaried,Home Loan,1,0,2,3,2,4
41,2,29.907150717825363,97743.52,1172922.21,3,29757.94,1651907.73,6066347.21,507,796758.61,13.17,36,0.3044,0.6793,Male,Married,High School,Business,Home Loan,1,1,1,1,0,4
28,3,19.110705368467237,51272.77,615273.24,3,10641.4,973803.98,4702749.7,384,993745.37,9.02,36,0.2075,1.6151,Female,Single,High School,Self-employed,Gold Loan,1,0,2,1,3,3
29,3,3.256991809634985,26330.2,315962.43,4,8095.18,267018.91,1279515.11,544,906285.74,10.19,84,0.3074,2.8683,Female,Married,Post Graduate,Student,Gold Loan,1,0,1,3,4,3
35,4,24.645618962907083,59162.56,709950.78,4,7670.96,296769.16,797623.92,634,568660.27,12.23,36,0.1297,0.801,Male,Single,PhD,Business,Agricultural Loan,0,1,2,2,0,0
60,1,16.17641078757897,75614.96,907379.53,4,14292.66,125734.27,143700.49,511,264850.46,13.42,36,0.189,0.2919,Male,Married,PhD,Government,Home Loan,1,1,1,2,1,4
38,1,5.462208104965331,29786.1,357433.22,3,6587.48,466350.53,487009.45,895,628282.52,9.36,240,0.2212,1.7578,Female,Single,Post Graduate,Self-employed,Home Loan,0,0,2,3,3,4
62,1,17.270765871482013,31890.04,382680.52,0,13776.64,229188.91,342127.15,482,557729.56,10.11,24,0.432,1.4574,Male,Divorced,PhD,Student,Home Loan,1,1,0,2,4,4
40,4,1.1814636981965099,88972.67,1067672.05,4,15496.05,1038263.06,1349315.88,432,892025.23,13.3,12,0.1742,0.8355,Female,Single,PhD,Student,Business Loan,1,0,2,2,4,1
26,3,29.17413330418281,129493.39,1553920.64,0,41123.02,1280194.54,3192119.24,649,727464.07,9.51,180,0.3176,0.4681,Female,Single,High School,Salaried,Gold Loan,0,0,2,1,2,3
32,3,24.778964974302625,36962.58,443550.99,3,3943.98,185639.04,224901.4,581,477053.78,10.36,36,0.1067,1.0755,Male,Divorced,PhD,Salaried,Education Loan,1,1,0,2,2,2
22,1,7.823307523627414,18125.43,217505.2,0,2288.97,230056.69,805119.31,592,625622.59,13.33,120,0.1263,2.8764,Female,Divorced,Post Graduate,Business,Vehicle Loan,1,0,0,3,0,6
27,2,12.567356762948412,27381.93,328583.2,4,8877.62,316826.79,557835.96,568,671577.15,12.62,24,0.3242,2.0439,Female,Married,PhD,Business,Home Loan,1,0,1,2,0,4
36,0,11.858507415015415,67495.04,809940.52,0,25726.07,1036413.08,3167134.59,496,1056702.81,8.7,180,0.3812,1.3047,Male,Divorced,High School,Government,Agricultural Loan,0,1,0,1,1,0
23,0,25.844825161305774,19572.3,234867.66,3,4522.35,132961.61,187783.7,836,1773924.21,9.27,240,0.2311,7.5529,Male,Single,PhD,Student,Gold Loan,0,1,2,2,4,3
23,1,10.639030934801088,32049.28,384591.39,4,5369.85,190266.94,820224.84,319,713305.94,9.47,180,0.1675,1.8547,Female,Married,Post Graduate,Self-employed,Personal Loan,1,0,1,3,3,5
47,1,1.439404998545618,43284.55,519414.54,4,19700.35,854001.32,3518344.82,704,674076.25,13.39,180,0.4551,1.2978,Female,Single,Graduate,Government,Gold Loan,0,0,2,0,1,3
63,3,6.440665494111116,20876.33,250515.94,3,1417.58,358037.84,911546.03,414,370127.53,13.99,180,0.0679,1.4775,Female,Married,Graduate,Government,Education Loan,1,0,1,0,1,2
60,3,6.467089723954676,70112.81,841353.67,1,25265.65,1315368.71,6106432.62,325,336160.99,12.42,120,0.3604,0.3995,Female,Married,Graduate,Government,Education Loan,0,0,1,0,1,2
58,2,28.477231439891586,55071.11,660853.3,2,19004.23,211234.36,368139.79,865,247543.61,10.39,24,0.3451,0.3746,Female,Divorced,Graduate,Self-employed,Business Loan,0,0,0,0,3,1
53,3,27.721643040285645,121264.28,1455171.32,3,41851.04,746128.4,3175333.55,694,50000.0,7.07,180,0.3451,0.0344,Female,Single,High School,Government,Agricultural Loan,0,0,2,1,1,0
48,0,9.017798609764625,58039.35,696472.22,0,27145.6,826319.3,2630522.83,680,226076.79,11.88,60,0.4677,0.3246,Female,Married,PhD,Salaried,Agricultural Loan,0,0,1,2,2,0
21,0,0.08301300328764416,20403.59,244843.1,1,7428.85,422673.27,979892.02,822,385315.0,9.73,84,0.3641,1.5737,Female,Married,High School,Salaried,Home Loan,0,0,1,1,2,4
28,3,15.509928927377917,49922.22,599066.62,3,7527.4,1074258.08,1436759.74,838,346276.05,11.43,48,0.1508,0.578,Male,Married,Graduate,Salaried,Vehicle Loan,0,1,1,0,2,6
57,0,23.917197656184005,65697.29,788367.52,2,11609.01,1322744.65,2229148.15,382,637483.29,11.25,12,0.1767,0.8086,Male,Married,PhD,Government,Gold Loan,0,1,1,2,1,3
52,0,8.058149458403408,67757.29,813087.44,4,13250.31,135389.41,602679.25,849,232531.92,10.37,60,0.1956,0.286,Female,Divorced,Graduate,Government,Vehicle Loan,0,0,0,0,1,6
63,0,13.171320781484507,22785.84,273430.12,2,351.0,452987.6,1552635.08,744,240866.23,13.61,36,0.0154,0.8809,Male,Divorced,Graduate,Student,Personal Loan,0,1,0,0,4,5
57,0,5.183676137001853,21209.35,254512.19,2,9687.48,459799.55,895865.27,386,81555.29,7.16,240,0.4568,0.3204,Male,Single,Post Graduate,Business,Vehicle Loan,1,1,2,3,0,6
24,4,9.821858085487662,18328.6,219943.15,3,674.06,42251.61,126053.94,686,645089.02,11.98,48,0.0368,2.933,Female,Married,High School,Student,Agricultural Loan,0,0,1,1,4,0
50,1,22.76559008600671,95114.74,1141376.84,4,33280.37,1005787.03,1439629.93,697,217451.61,9.87,24,0.3499,0.1905,Male,Single,Graduate,Salaried,Vehicle Loan,0,1,2,0,2,6
26,2,12.848438239214632,52771.54,633258.47,4,19265.86,704079.85,982451.88,585,249495.14,12.0,48,0.3651,0.394,Male,Single,Graduate,Business,Home Loan,1,1,2,0,0,4
39,4,13.41812531289198,22187.16,266245.87,2,9359.82,140960.74,652797.43,668,695090.88,11.73,36,0.4219,2.6107,Male,Divorced,High School,Student,Agricultural Loan,0,1,0,1,4,0
52,2,23.686549397744418,39195.35,470344.18,3,10844.61,504983.86,1429824.01,721,218341.56,7.07,36,0.2767,0.4642,Male,Married,Graduate,Self-employed,Agricultural Loan,0,1,1,0,3,0
29,4,22.889182269373624,33718.02,404616.21,4,12227.24,720789.49,1763244.7,742,599751.14,9.0,60,0.3626,1.4823,Male,Divorced,Graduate,Self-employed,Personal Loan,0,1,0,0,3,5
32,4,5.614583841371297,20260.96,243131.51,4,3066.73,424257.95,2034863.04,819,168501.5,8.32,12,0.1514,0.693,Female,Married,PhD,Self-employed,Business Loan,0,0,1,2,3,1
31,2,12.458165382471325,37112.55,445350.56,0,13835.26,839346.9,2178946.84,883,434999.69,8.17,60,0.3728,0.9768,Female,Married,High School,Salaried,Education Loan,0,0,1,1,2,2
36,1,25.465735086379343,40717.66,488611.91,2,6991.54,494089.47,1158624.25,587,271652.39,12.1,180,0.1717,0.556,Male,Single,High School,Business,Vehicle Loan,0,1,2,1,0,6
21,3,13.702130473335073,115699.53,1388394.37,1,52228.99,1208254.8,2527602.2,394,357526.31,8.68,240,0.4514,0.2575,Female,Single,Post Graduate,Salaried,Agricultural Loan,1,0,2,3,2,0
41,4,19.852904487811436,24503.9,294046.78,2,2001.75,399735.02,1303236.62,340,1482653.58,10.32,12,0.0817,5.0422,Male,Divorced,PhD,Self-employed,Agricultural Loan,1,1,0,2,3,0
50,1,9.178864479309873,13021.54,156258.51,3,2055.82,137839.45,445723.5,630,119201.4,8.73,24,0.1579,0.7628,Male,Divorced,High School,Government,Personal Loan,0,1,0,1,1,5
33,3,1.7867568468583384,19353.48,232241.81,4,4826.46,38024.29,40487.38,454,1380461.7,11.06,24,0.2494,5.9441,Female,Married,Graduate,Salaried,Personal Loan,1,0,1,0,2,5
54,2,4.946970946383855,21256.36,255076.35,4,8245.88,373223.33,1349668.59,803,212135.31,12.04,84,0.3879,0.8317,Male,Single,High School,Business,Education Loan,0,1,2,1,0,2
24,4,12.051626764382702,28108.96,337307.53,0,10523.98,209766.79,871209.4,574,886703.04,9.32,12,0.3744,2.6288,Male,Single,High School,Salaried,Home Loan,1,1,2,1,2,4
48,3,10.604010851667505,19381.96,232583.46,4,2042.05,41263.45,142930.74,864,1039087.59,11.22,12,0.1054,4.4676,Male,Married,Graduate,Business,Personal Loan,0,1,1,0,0,5
58,1,26.869222823733775,59472.73,713672.79,4,4289.05,87679.74,392766.02,478,624289.68,12.77,24,0.0721,0.8748,Female,Divorced,PhD,Government,Education Loan,1,0,0,2,1,2
51,3,16.368680114382723,18590.02,223080.28,1,2825.4,416812.66,877668.02,436,166915.86,7.66,48,0.152,0.7482,Female,Married,High School,Student,Gold Loan,1,0,1,1,4,3
47,2,18.814661912823194,36754.31,441051.72,2,8890.03,249846.55,441708.11,479,550148.62,11.97,24,0.2419,1.2474,Female,Single,Post Graduate,Business,Personal Loan,1,0,2,3,0,5
25,3,20.660481440885388,120585.62,1447027.43,4,32498.13,1362820.25,5163879.07,481,3428556.21,9.26,48,0.2695,2.3694,Female,Divorced,High School,Business,Agricultural Loan,1,0,0,1,0,0
45,0,15.948777911809744,50621.97,607463.65,3,10861.9,1157383.2,2030323.74,558,446407.98,7.86,36,0.2146,0.7349,Male,Married,High School,Self-employed,Gold Loan,1,1,1,1,3,3
23,4,23.089370081149056,47593.63,571123.56,1,15779.43,559362.72,763205.42,542,408132.27,10.82,36,0.3315,0.7146,Female,Single,Graduate,Self-employed,Gold Loan,1,0,2,0,3,3
53,1,23.493014529976683,110679.04,1328148.43,1,23660.91,310788.33,430895.67,395,377888.62,8.58,240,0.2138,0.2845,Female,Divorced,PhD,Government,Agricultural Loan,0,0,0,2,1,0
24,1,10.541579153480628,76679.5,920154.06,0,36282.02,1050089.71,4277618.1,496,668272.09,12.75,180,0.4732,0.7263,Male,Married,Post Graduate,Salaried,Personal Loan,1,1,1,3,2,5
45,4,2.5435546047670474,50974.19,611690.23,3,6651.34,154378.84,172124.57,825,412608.85,7.3,240,0.1305,0.6745,Female,Divorced,Post Graduate,Student,Education Loan,0,0,0,3,4,2
40,4,29.590626850300996,30138.66,361663.88,1,9454.08,96052.54,207264.74,686,555526.95,7.69,12,0.3137,1.536,Male,Married,PhD,Student,Agricultural Loan,0,1,1,2,4,0
54,0,19.2786210156717,35824.48,429893.73,2,10951.15,737410.07,1118463.51,707,350158.54,10.65,60,0.3057,0.8145,Male,Single,High School,Government,Agricultural Loan,0,1,2,1,1,0
46,0,21.267482194897536,34794.61,417535.28,3,4898.64,266411.71,1070879.32,568,193107.85,11.12,48,0.1408,0.4625,Male,Married,Post Graduate,Student,Gold Loan,1,1,1,3,4,3
25,1,22.700880195607038,28542.36,342508.35,2,5875.27,474071.94,1428839.7,470,2835291.41,12.11,240,0.2058,8.278,Female,Married,Graduate,Salaried,Home Loan,1,0,1,0,2,4
55,3,18.388902651203964,41242.39,494908.69,0,7536.5,523995.29,954703.51,883,409494.58,8.81,36,0.1827,0.8274,Male,Single,High School,Self-employed,Vehicle Loan,0,1,2,1,3,6
48,4,14.127044084872466,44821.74,537860.91,0,3865.85,274018.34,1096523.75,469,5000000.0,12.89,60,0.0862,9.2961,Female,Divorced,Post Graduate,Government,Business Loan,1,0,0,3,1,1
49,0,29.540090827781434,17209.6,206515.26,4,4107.03,222173.71,889020.54,458,621525.49,13.67,180,0.2386,3.0096,Female,Divorced,Graduate,Student,Gold Loan,1,0,0,0,4,3
29,0,21.829722302071218,96686.16,1160233.86,2,18692.44,250112.71,773371.15,808,714962.78,10.49,60,0.1933,0.6162,Female,Single,PhD,Government,Gold Loan,0,0,2,2,1,3
58,0,25.37546284669455,46438.24,557258.86,2,4140.37,417288.63,877724.54,746,345439.34,12.32,240,0.0892,0.6199,Male,Single,PhD,Government,Vehicle Loan,0,1,2,2,1,6
26,3,13.190261145657448,31018.23,372218.7,0,6977.24,404019.62,1351489.41,381,275304.8,10.67,24,0.2249,0.7396,Male,Divorced,PhD,Business,Education Loan,1,1,0,2,0,2
39,1,27.143324972722397,41469.17,497630.06,2,8746.76,259309.63,1227602.99,356,351745.75,7.49,84,0.2109,0.7068,Female,Single,PhD,Business,Home Loan,0,0,2,2,0,4
64,1,21.964531568446734,63463.57,761562.85,3,4168.47,1027115.18,1239261.26,818,227328.15,9.28,60,0.0657,0.2985,Female,Divorced,Graduate,Government,Home Loan,0,0,0,0,1,4
31,0,22.383839713367596,15062.87,180754.46,4,988.03,33012.91,68264.07,411,211135.49,7.61,240,0.0656,1.1681,Male,Single,Graduate,Business,Gold Loan,1,1,2,0,0,3
22,3,2.6079373119736893,34096.96,409163.54,4,11039.02,414299.49,886549.85,347,1844430.0,13.92,120,0.3238,4.5078,Male,Single,High School,Student,Agricultural Loan,1,1,2,1,4,0
64,3,18.523701163594474,17827.3,213927.66,3,6298.22,310995.6,1096958.19,891,838862.5,8.6,180,0.3533,3.9212,Male,Single,PhD,Government,Personal Loan,0,1,2,2,1,5
64,1,10.056502046180814,178832.04,2145984.42,1,84156.6,1947258.99,7019201.91,675,1466733.09,11.45,120,0.4706,0.6835,Male,Single,PhD,Business,Personal Loan,0,1,2,2,0,5
29,4,20.070049975387143,39454.83,473457.9,2,1716.38,833107.87,1520639.78,332,1088074.04,8.99,60,0.0435,2.2981,Male,Single,PhD,Student,Business Loan,0,1,2,2,4,1
41,0,17.046423279243605,17914.27,214971.18,1,1055.7,278395.46,519041.15,803,273457.84,11.57,60,0.0589,1.2721,Female,Single,Graduate,Self-employed,Gold Loan,0,0,2,0,3,3
44,3,3.3356852013511307,314795.99,3777551.92,1,8156.07,7254579.78,34189751.67,302,129088.22,8.47,48,0.0259,0.0342,Female,Divorced,PhD,Self-employed,Business Loan,0,0,0,2,3,1
54,4,15.899632282984195,26328.01,315936.18,2,7006.26,198376.37,798503.63,785,306166.84,12.5,24,0.2661,0.9691,Female,Single,Graduate,Government,Personal Loan,0,0,2,0,1,5
42,2,13.537753197155183,32033.97,384407.59,0,9974.52,723716.31,3428301.17,815,476139.17,7.78,240,0.3114,1.2386,Male,Married,High School,Salaried,Home Loan,0,1,1,1,2,4
23,0,23.293304759508064,33453.81,401445.76,2,6749.7,500365.99,2160906.57,341,1105131.06,13.27,36,0.2018,2.7529,Male,Divorced,PhD,Student,Home Loan,1,1,0,2,4,4
32,2,15.079148129714943,21834.1,262009.18,0,8710.74,396051.21,1033088.47,308,423503.17,12.88,36,0.399,1.6164,Female,Married,High School,Government,Vehicle Loan,1,0,1,1,1,6
48,1,14.434865027983053,42125.61,505507.35,3,14463.82,916219.68,1362996.38,441,4747328.69,11.75,36,0.3433,9.3912,Female,Single,Graduate,Business,Home Loan,1,0,2,0,0,4
50,1,21.584729348773337,10000.0,120000.0,0,4929.2,136775.35,481203.25,735,312963.93,7.47,180,0.4929,2.608,Male,Divorced,High School,Self-employed,Business Loan,0,1,0,1,3,1
46,1,20.057636704586315,69670.97,836051.66,1,4803.64,1451257.36,3494575.83,326,709876.35,8.46,84,0.0689,0.8491,Male,Married,Post Graduate,Business,Education Loan,1,1,1,3,0,2
41,3,29.755631359003722,18459.18,221510.16,1,538.23,248442.65,671204.57,342,274066.84,13.02,12,0.0292,1.2373,Female,Single,High School,Student,Home Loan,1,0,2,1,4,4
48,3,10.55858102235203,28305.38,339664.53,1,3889.21,418398.07,1131147.12,430,612329.56,7.85,36,0.1374,1.8027,Female,Divorced,Graduate,Government,Agricultural Loan,0,0,0,0,1,0
46,4,20.65069706295283,57006.0,684072.0,0,542.99,640591.65,3040298.26,515,400128.59,8.09,48,0.0095,0.5849,Female,Single,High School,Self-employed,Agricultural Loan,0,0,2,1,3,0
53,2,5.017756675490862,32122.87,385474.39,1,14979.08,139724.4,178211.44,819,362605.68,10.81,24,0.4663,0.9407,Male,Married,High School,Student,Gold Loan,0,1,1,1,4,3
41,1,24.136822717051434,32921.18,395054.1,4,5003.22,452026.64,801178.82,897,269673.25,8.92,84,0.152,0.6826,Male,Divorced,Graduate,Self-employed,Business Loan,0,1,0,0,3,1
55,1,23.584668555300013,19786.47,237437.61,2,5465.32,464612.17,1594442.79,644,497839.95,8.55,12,0.2762,2.0967,Female,Divorced,Graduate,Self-employed,Personal Loan,0,0,0,0,3,5
54,3,21.774620552775264,127693.6,1532323.21,1,20307.73,2439621.73,11063763.26,807,863663.36,11.03,12,0.159,0.5636,Male,Divorced,PhD,Government,Personal Loan,0,1,0,2,1,5
61,3,3.57152294813756,49955.58,599466.92,0,6139.76,908815.09,4245775.64,712,202794.19,9.61,180,0.1229,0.3383,Female,Divorced,High School,Government,Home Loan,0,0,0,1,1,4
38,3,29.62633762476418,18964.59,227575.12,1,1444.77,299566.67,969029.77,545,425551.65,7.98,48,0.0762,1.8699,Female,Divorced,PhD,Salaried,Home Loan,1,0,0,2,2,4
31,0,28.27831810320102,40413.11,484957.3,0,6473.49,363794.74,414087.49,748,656387.93,10.74,12,0.1602,1.3535,Male,Married,Post Graduate,Salaried,Personal Loan,0,1,1,3,2,5
43,2,11.102744464062509,18177.12,218125.5,2,5593.27,89088.81,218403.36,320,763992.22,9.71,120,0.3077,3.5025,Female,Divorced,Post Graduate,Salaried,Personal Loan,1,0,0,3,2,5
42,2,17.319476533126355,102073.52,1224882.19,0,49588.4,629251.26,2941959.29,707,1963859.6,12.14,240,0.4858,1.6033,Female,Divorced,Graduate,Salaried,Home Loan,0,0,0,0,2,4
37,0,26.666609104257994,40936.72,491240.66,2,11423.23,46889.25,140657.27,756,702880.91,7.72,120,0.279,1.4308,Female,Single,PhD,Business,Education Loan,0,0,2,2,0,2
25,1,14.839319715770763,20224.95,242699.35,1,5387.01,333510.37,1302842.62,743,321252.38,11.34,12,0.2664,1.3237,Female,Divorced,Post Graduate,Salaried,Education Loan,0,0,0,3,2,2
64,4,17.974900198332627,55190.96,662291.51,4,973.1,1085781.89,2254923.26,564,280856.39,10.06,12,0.0176,0.4241,Male,Married,High School,Business,Personal Loan,1,1,1,1,0,5
31,4,18.09728577552699,30734.92,368818.98,1,12910.19,220829.17,242918.24,483,278115.97,9.84,12,0.42,0.7541,Male,Married,Graduate,Self-employed,Vehicle Loan,1,1,1,0,3,6
50,1,19.477649032486816,16765.24,201182.85,2,375.89,52182.79,172904.59,526,265991.22,8.63,180,0.0224,1.3221,Female,Married,High School,Business,Education Loan,1,0,1,1,0,2
35,4,17.26501077357203,45644.02,547728.2,3,20682.04,398094.45,1727699.65,847,525754.06,7.21,120,0.4531,0.9599,Female,Single,PhD,Self-employed,Gold Loan,0,0,2,2,3,3
47,3,12.178326688007184,44878.1,538537.14,3,12087.28,346332.26,1718180.26,545,619358.9,12.93,36,0.2693,1.1501,Male,Divorced,PhD,Salaried,Business Loan,1,1,0,2,2,1
55,2,16.184380944903694,71871.87,862462.4,3,6054.0,817194.35,3584629.93,372,855666.39,9.28,36,0.0842,0.9921,Male,Married,Post Graduate,Business,Personal Loan,1,1,1,3,0,5
53,3,26.143280453900108,37748.54,452982.51,1,8525.65,267046.29,858814.86,449,753131.99,11.77,36,0.2259,1.6626,Female,Divorced,PhD,Self-employed,Agricultural Loan,0,0,0,2,3,0
40,4,25.923100370206498,38724.83,464697.91,0,19265.3,341314.89,1172386.06,812,1198864.87,13.63,24,0.4975,2.5799,Female,Married,Post Graduate,Salaried,Education Loan,0,0,1,3,2,2
36,4,23.176372405825187,39977.81,479733.72,4,6098.27,874465.01,3757275.48,368,259072.53,10.95,48,0.1525,0.54,Female,Married,Post Graduate,Self-employed,Agricultural Loan,1,0,1,3,3,0
54,2,12.423228207680161,94577.02,1134924.23,4,12742.35,822934.8,888146.44,529,1638328.95,9.78,120,0.1347,1.4436,Male,Married,Graduate,Government,Home Loan,1,1,1,0,1,4
22,3,23.57917655620592,30150.47,361805.67,1,1778.97,574876.51,2763188.42,371,267339.66,8.88,240,0.059,0.7389,Male,Single,Post Graduate,Self-employed,Vehicle Loan,1,1,2,3,3,6
55,2,11.635690415688314,48130.58,577566.94,2,14370.4,740930.55,2315322.76,696,584402.88,13.54,36,0.2986,1.0118,Male,Divorced,PhD,Salaried,Business Loan,0,1,0,2,2,1
60,4,19.92206092351794,52577.7,630932.35,1,2345.67,460757.95,2215420.49,383,378583.92,11.77,120,0.0446,0.6,Male,Divorced,PhD,Student,Business Loan,0,1,0,2,4,1
48,2,17.022844182173177,44795.63,537547.58,3,17156.91,887362.51,3600981.53,598,434036.27,11.66,48,0.383,0.8074,Male,Divorced,Graduate,Government,Agricultural Loan,1,1,0,0,1,0
59,2,9.000740008695013,29473.81,353685.68,2,13546.51,432874.42,696612.12,592,757539.54,9.98,12,0.4596,2.1418,Male,Divorced,PhD,Business,Home Loan,1,1,0,2,0,4
26,4,13.586348353687312,39040.8,468489.54,4,18190.49,46779.88,77703.22,522,139981.26,12.92,60,0.4659,0.2988,Male,Married,Graduate,Government,Business Loan,1,1,1,0,1,1
29,2,24.910852778341198,34331.05,411972.55,1,1852.44,88599.8,213931.65,515,227617.21,12.0,180,0.054,0.5525,Male,Divorced,Graduate,Salaried,Home Loan,0,1,0,0,2,4
40,3,27.382584244828042,117656.69,1411880.22,0,32841.66,2154377.43,4429296.77,530,805631.23,8.98,36,0.2791,0.5706,Male,Single,Graduate,Self-employed,Vehicle Loan,0,1,2,0,3,6
21,4,6.158862871490617,27593.67,331124.06,0,1339.81,310984.52,857444.97,704,441652.17,11.2,48,0.0486,1.3338,Male,Single,Graduate,Student,Personal Loan,0,1,2,0,4,5
28,2,13.686444294780047,21003.68,252044.15,4,6007.22,216898.25,740841.03,468,360304.85,10.01,36,0.286,1.4295,Female,Single,Graduate,Salaried,Agricultural Loan,1,0,2,0,2,0
43,1,13.005166744608834,36180.62,434167.48,2,14743.25,157531.35,432631.17,628,180456.95,7.05,180,0.4075,0.4156,Male,Divorced,Post Graduate,Self-employed,Agricultural Loan,0,1,0,3,3,0
23,3,14.67045891624824,34682.17,416186.07,3,9325.87,160173.64,196322.0,725,362330.24,12.65,180,0.2689,0.8706,Male,Single,PhD,Salaried,Agricultural Loan,0,1,2,2,2,0
24,3,29.29877002612665,40868.14,490417.7,0,17819.61,790729.33,3876571.46,853,762804.88,7.86,48,0.436,1.5554,Female,Married,Graduate,Student,Business Loan,0,0,1,0,4,1
45,3,15.562275394206896,27598.92,331187.08,0,11062.67,553838.47,1495634.44,495,281875.71,10.57,24,0.4008,0.8511,Female,Single,High School,Self-employed,Home Loan,1,0,2,1,3,4
58,0,24.90230064597545,38801.88,465622.61,1,5365.3,538572.42,2372034.52,825,1317505.43,9.35,36,0.1383,2.8296,Female,Divorced,High School,Student,Business Loan,0,0,0,1,4,1
35,4,19.91811221942652,39252.26,471027.08,4,12366.47,305694.21,396123.8,376,1047071.67,9.39,36,0.3151,2.223,Male,Married,High School,Self-employed,Personal Loan,1,1,1,1,3,5
41,0,3.215727051495081,62542.01,750504.15,0,231.78,1404200.7,5954175.38,576,334354.7,10.34,48,0.0037,0.4455,Male,Single,PhD,Government,Personal Loan,0,1,2,2,1,5
55,2,20.86970403281337,38399.66,460795.9,1,7603.94,589478.33,998351.44,765,274998.53,13.98,24,0.198,0.5968,Male,Divorced,PhD,Salaried,Personal Loan,0,1,0,2,2,5
34,4,19.411774940952327,38618.43,463421.21,2,4594.82,746215.08,2774143.93,747,50000.0,9.86,24,0.119,0.1079,Female,Divorced,Post Graduate,Business,Business Loan,0,0,0,3,0,1
56,3,22.75406684096587,49503.95,594047.45,0,23195.48,53241.86,194185.13,619,186934.05,8.28,36,0.4686,0.3147,Female,Divorced,Graduate,Business,Home Loan,0,0,0,0,0,4
32,3,2.233455648454078,61119.92,733438.98,4,12388.67,694160.32,3220367.21,459,177963.0,11.3,12,0.2027,0.2426,Male,Married,Post Graduate,Salaried,Agricultural Loan,1,1,1,3,2,0
37,3,7.239226798889261,20126.54,241518.46,1,6582.03,423297.91,966264.98,791,140818.46,8.65,180,0.327,0.5831,Female,Divorced,Post Graduate,Business,Personal Loan,0,0,0,3,0,5
59,3,23.078660692600753,17130.36,205564.33,2,6269.55,150393.7,215941.15,612,429861.7,7.74,84,0.366,2.0911,Male,Single,Graduate,Student,Home Loan,0,1,2,0,4,4
29,2,11.118479187311586,100437.18,1205246.21,1,38829.65,1778810.53,7930405.66,460,567879.46,7.35,36,0.3866,0.4712,Female,Single,Post Graduate,Business,Personal Loan,0,0,2,3,0,5
55,1,27.324568704662248,55406.12,664873.39,3,20383.22,893507.89,2078576.45,607,1889313.84,7.16,12,0.3679,2.8416,Female,Single,Graduate,Salaried,Gold Loan,0,0,2,0,2,3
33,4,15.530112269032136,31836.48,382037.74,4,4603.0,143296.7,276582.0,445,466583.62,10.02,36,0.1446,1.2213,Male,Divorced,Graduate,Government,Home Loan,1,1,0,0,1,4
35,1,0.030814007087994755,36747.34,440968.1,4,12605.58,691687.42,2036904.94,695,86955.95,9.99,12,0.343,0.1972,Male,Divorced,Graduate,Salaried,Gold Loan,0,1,0,0,2,3
38,4,20.965078887737167,28694.56,344334.77,0,7876.79,102959.43,163143.62,388,243240.22,8.3,36,0.2745,0.7064,Male,Single,High School,Salaried,Personal Loan,0,1,2,1,2,5
53,3,15.403919137890668,41223.69,494684.31,1,12312.95,731391.75,1600177.94,607,721041.1,12.49,48,0.2987,1.4576,Female,Married,PhD,Self-employed,Home Loan,0,0,1,2,3,4
26,0,9.512830675461988,20270.01,243240.11,2,8.26,482269.56,1225506.06,845,414517.22,7.9,84,0.0004,1.7041,Male,Married,Graduate,Business,Business Loan,0,1,1,0,0,1
47,2,0.6132209520963017,60120.14,721441.69,0,7763.24,1384781.65,2920533.83,670,878053.15,13.41,120,0.1291,1.2171,Male,Married,Graduate,Business,Vehicle Loan,0,1,1,0,0,6
43,4,5.962386972758949,40346.99,484163.86,4,18775.14,782955.91,2193089.26,750,293314.54,11.11,120,0.4653,0.6058,Female,Married,Post Graduate,Self-employed,Gold Loan,0,0,1,3,3,3
47,3,4.8478175498220635,41232.26,494787.13,1,5980.25,548137.58,1391503.54,466,1111954.52,7.19,240,0.145,2.2473,Female,Divorced,High School,Student,Agricultural Loan,0,0,0,1,4,0
54,0,17.48562433260489,21239.85,254878.24,2,4651.69,350902.88,1438127.77,691,538651.49,13.74,180,0.219,2.1134,Male,Married,Post Graduate,Student,Education Loan,0,1,1,3,4,2
58,3,23.086620615232185,49739.78,596877.34,4,4642.56,882706.62,4125448.32,790,549729.75,9.16,48,0.0933,0.921,Female,Single,Post Graduate,Self-employed,Education Loan,0,0,2,3,3,2
34,2,7.038192504412678,21534.62,258415.4,2,1492.38,25695.86,36069.1,449,498801.7,10.15,84,0.0693,1.9302,Male,Divorced,High School,Business,Vehicle Loan,1,1,0,1,0,6
56,0,20.93169402682645,23973.62,287683.48,1,2501.28,80417.68,345249.98,767,239875.45,8.99,12,0.1043,0.8338,Male,Divorced,Post Graduate,Student,Vehicle Loan,0,1,0,3,4,6
28,4,26.99472775665019,38275.8,459309.61,2,10595.65,563892.88,2665569.5,342,422627.97,12.1,180,0.2768,0.9201,Female,Single,Post Graduate,Student,Business Loan,0,0,2,3,4,1
55,4,18.647580640336443,163472.35,1961668.2,0,75117.89,188041.33,704487.93,328,559617.47,10.4,84,0.4595,0.2853,Female,Single,Graduate,Government,Education Loan,1,0,2,0,1,2
39,4,23.26942877919228,40250.58,483006.95,0,6564.85,881682.1,4395783.67,330,144274.98,7.93,24,0.1631,0.2987,Male,Married,High School,Student,Home Loan,0,1,1,1,4,4
50,4,6.126945165606898,10000.0,120000.0,1,1617.04,122622.42,286957.56,427,471500.48,7.73,180,0.1617,3.9292,Female,Divorced,High School,Business,Personal Loan,1,0,0,1,0,5
34,0,2.2481556585183107,24698.53,296382.41,4,6966.72,171127.32,739482.17,593,1169284.21,12.08,48,0.2821,3.9452,Male,Married,High School,Government,Home Loan,1,1,1,1,1,4
40,2,10.961634037287833,54733.84,656806.1,3,9762.95,550506.79,2034017.98,740,625967.99,8.66,240,0.1784,0.953,Female,Married,Post Graduate,Government,Agricultural Loan,0,0,1,3,1,0
45,0,21.270207746170925,18451.91,221422.98,3,8399.46,379516.36,870502.41,687,1320910.88,7.96,48,0.4552,5.9656,Female,Divorced,PhD,Business,Agricultural Loan,1,0,0,2,0,0
60,4,20.582957679452626,59794.05,717528.62,3,11296.53,1334928.28,5097698.54,823,613037.79,10.5,12,0.1889,0.8544,Male,Single,Post Graduate,Self-employed,Education Loan,0,1,2,3,3,2
44,2,28.652377234350233,39946.34,479356.09,4,9795.69,146739.07,445864.81,846,215754.24,12.62,120,0.2452,0.4501,Male,Divorced,PhD,Salaried,Agricultural Loan,0,1,0,2,2,0
34,1,18.899352592998504,65827.72,789932.65,0,17555.9,1243689.35,2183788.62,409,832849.15,8.95,60,0.2667,1.0543,Male,Single,High School,Student,Agricultural Loan,1,1,2,1,4,0
46,1,12.338533829791485,25969.75,311636.96,0,10155.05,371347.21,629626.15,627,177580.46,8.94,60,0.391,0.5698,Female,Single,Post Graduate,Self-employed,Gold Loan,0,0,2,3,3,3
58,0,23.913942799587815,24783.41,297400.89,0,6987.76,358530.73,1381632.39,704,374463.74,12.84,48,0.282,1.2591,Female,Married,PhD,Salaried,Gold Loan,0,0,1,2,2,3
43,4,4.592037349222365,50969.93,611639.14,1,6094.86,964728.16,3712005.61,544,354762.17,8.03,84,0.1196,0.58,Male,Married,High School,Business,Personal Loan,1,1,1,1,0,5
42,1,24.390670150451317,36151.83,433822.01,0,2241.18,221445.45,691595.19,462,257140.34,11.32,12,0.062,0.5927,Female,Married,Post Graduate,Student,Personal Loan,1,0,1,3,4,5
39,1,10.977913972951086,34863.17,418358.07,0,16346.9,460683.15,1384658.15,859,2967331.96,13.69,36,0.4689,7.0928,Male,Divorced,High School,Self-employed,Business Loan,0,1,0,1,3,1
23,3,4.620300270667278,93095.57,1117146.89,0,37310.98,776892.82,1336375.12,698,417434.85,12.89,120,0.4008,0.3737,Male,Divorced,PhD,Salaried,Education Loan,0,1,0,2,2,2
62,3,4.864218721153533,52181.57,626178.78,3,599.18,165613.01,449994.49,882,1882383.53,7.43,180,0.0115,3.0061,Male,Single,High School,Business,Education Loan,0,1,2,1,0,2
39,2,29.50792485888246,11004.35,132052.24,2,4520.2,37599.97,168658.07,698,582376.48,9.24,240,0.4108,4.4102,Female,Single,PhD,Government,Personal Loan,0,0,2,2,1,5
29,2,18.696682876218308,58655.75,703868.99,0,17320.98,242766.99,1072765.27,792,229409.19,8.0,12,0.2953,0.3259,Male,Divorced,Post Graduate,Government,Gold Loan,0,1,0,3,1,3
48,4,5.2279378296624355,55236.61,662839.35,2,14330.98,836431.26,3047684.17,538,318803.37,13.64,48,0.2594,0.481,Female,Divorced,PhD,Government,Vehicle Loan,0,0,0,2,1,6
40,1,8.056876140308692,73935.38,887224.58,0,452.08,253901.09,1266820.89,764,429001.18,13.9,24,0.0061,0.4835,Male,Single,High School,Business,Vehicle Loan,0,1,2,1,0,6
27,0,11.162393072748337,20664.67,247976.09,3,8068.15,291627.9,1333530.82,879,336567.28,8.64,24,0.3904,1.3573,Male,Single,High School,Salaried,Vehicle Loan,0,1,2,1,2,6
34,0,1.6769841075862835,44129.49,529553.85,3,4370.25,641238.19,1013747.36,331,355342.8,11.69,12,0.099,0.671,Male,Divorced,PhD,Business,Gold Loan,1,1,0,2,0,3
29,3,3.2524714924010634,38831.15,465973.79,2,14134.17,846115.97,2196978.71,422,700111.7,12.89,60,0.364,1.5025,Female,Married,Graduate,Government,Home Loan,1,0,1,0,1,4
39,2,22.85262883196218,20443.51,245322.15,3,162.2,314966.29,481189.73,833,592612.52,8.64,24,0.0079,2.4157,Female,Divorced,High School,Business,Home Loan,0,0,0,1,0,4
34,4,23.606219088624144,64091.05,769092.55,1,25519.57,1516940.22,4345060.56,409,768345.65,8.31,48,0.3982,0.999,Female,Married,High School,Student,Gold Loan,0,0,1,1,4,3
58,3,29.64703834093723,31415.99,376991.93,4,361.9,53810.24,220919.61,570,1500558.1,7.08,240,0.0115,3.9803,Female,Married,Graduate,Salaried,Agricultural Loan,1,0,1,0,2,0
56,3,2.027891560414602,72521.58,870258.95,4,8553.66,1247034.74,2024130.47,679,303401.21,9.88,36,0.1179,0.3486,Female,Divorced,PhD,Student,Home Loan,0,0,0,2,4,4
60,4,26.67553234863356,23255.22,279062.59,0,3119.43,37418.61,169195.3,599,1078534.86,13.3,180,0.1341,3.8648,Female,Single,High School,Government,Vehicle Loan,1,0,2,1,1,6
37,4,9.51648136932255,15118.11,181417.33,3,1190.62,268734.77,880436.97,548,1349009.99,13.32,84,0.0788,7.4359,Female,Married,High School,Salaried,Gold Loan,1,0,1,1,2,3
50,1,9.835517572386015,31396.77,376761.24,4,7551.84,310029.12,1238807.49,820,1245590.95,7.89,60,0.2405,3.306,Female,Divorced,Graduate,Student,Personal Loan,0,0,0,0,4,5
29,4,3.8184675564137285,41737.19,500846.31,2,5920.17,628565.4,742098.92,333,108234.49,8.43,24,0.1418,0.2161,Male,Married,Post Graduate,Business,Gold Loan,0,1,1,3,0,3
53,4,29.589005308342173,26356.82,316281.87,2,13089.96,214000.94,294326.76,527,1863839.61,9.86,36,0.4966,5.893,Female,Married,PhD,Self-employed,Education Loan,1,0,1,2,3,2
45,3,29.4296771072602,10000.0,120000.0,2,2899.84,46594.16,162308.18,884,265901.39,12.46,180,0.29,2.2158,Male,Single,High School,Business,Vehicle Loan,0,1,2,1,0,6
34,3,25.944888262138317,45715.35,548584.24,0,12948.37,806454.86,3510310.62,698,101464.29,11.28,240,0.2832,0.185,Female,Married,Post Graduate,Government,Business Loan,0,0,1,3,1,1
31,0,2.7234025993570956,45587.48,547049.77,4,5034.45,994092.86,4468905.02,883,1827552.27,10.6,120,0.1104,3.3407,Female,Divorced,High School,Self-employed,Vehicle Loan,0,0,0,1,3,6
55,0,25.24948877127707,54846.87,658162.42,4,11207.67,286432.08,1075116.3,869,667118.85,11.14,12,0.2043,1.0136,Female,Married,High School,Salaried,Education Loan,0,0,1,1,2,2
61,0,19.03841979398421,28903.11,346837.34,4,1791.67,640960.29,1156135.25,519,689528.94,7.67,84,0.062,1.988,Male,Divorced,Post Graduate,Self-employed,Vehicle Loan,1,1,0,3,3,6
34,4,3.863263378628484,27972.27,335667.25,2,10664.84,118160.14,210335.32,670,339198.96,10.34,120,0.3813,1.0105,Male,Married,Graduate,Salaried,Business Loan,0,1,1,0,2,1
50,1,7.852732717393853,86179.97,1034159.64,2,14269.65,1544364.31,6988944.98,827,511794.44,13.94,84,0.1656,0.4949,Female,Single,PhD,Student,Education Loan,0,0,2,2,4,2
61,3,20.676723944946012,14111.67,169340.01,0,5305.75,325517.19,472957.45,374,395753.48,7.62,24,0.376,2.337,Male,Single,Graduate,Student,Business Loan,1,1,2,0,4,1
24,2,24.103223231422824,31311.14,375733.72,1,5819.11,137441.21,514618.85,435,268508.47,10.63,240,0.1858,0.7146,Female,Married,High School,Student,Education Loan,0,0,1,1,4,2
24,1,25.442611379294227,39552.38,474628.54,4,19553.85,435355.84,1364417.11,373,450625.85,9.07,36,0.4944,0.9494,Male,Single,Graduate,Student,Vehicle Loan,1,1,2,0,4,6
48,2,16.31490723176757,52240.49,626885.85,0,4469.74,457706.19,1229252.53,553,484324.57,10.78,84,0.0856,0.7726,Female,Married,High School,Student,Gold Loan,1,0,1,1,4,3
28,4,16.038597498479138,40209.57,482514.84,2,30.64,399481.61,1103103.85,317,153689.99,11.02,84,0.0008,0.3185,Male,Married,High School,Self-employed,Education Loan,1,1,1,1,3,2
22,2,20.52627038583748,20885.37,250624.5,1,6211.58,382666.3,1829462.34,342,462548.04,11.04,180,0.2974,1.8456,Male,Single,Post Graduate,Salaried,Personal Loan,1,1,2,3,2,5
61,0,23.331676476993238,73172.02,878064.22,3,34864.75,1185924.18,5272349.48,349,105871.37,12.97,48,0.4765,0.1206,Male,Single,Post Graduate,Student,Education Loan,1,1,2,3,4,2
42,3,5.1175734370626405,36357.09,436285.05,1,11762.5,846385.74,3774825.75,814,2056016.89,9.73,84,0.3235,4.7126,Male,Married,Graduate,Student,Personal Loan,0,1,1,0,4,5
61,1,22.195129786538782,13349.02,160188.26,0,572.16,70296.33,184631.43,870,407556.52,10.61,12,0.0429,2.5442,Male,Divorced,Post Graduate,Salaried,Gold Loan,0,1,0,3,2,3
36,0,10.250597674671397,41171.68,494060.19,1,11126.24,555611.86,793371.97,875,187738.2,7.08,240,0.2702,0.38,Female,Divorced,High School,Self-employed,Education Loan,0,0,0,1,3,2
49,3,11.512758627670271,48299.0,579587.99,2,21963.65,547222.9,2731385.24,881,667019.5,12.53,240,0.4547,1.1509,Female,Single,Graduate,Student,Agricultural Loan,0,0,2,0,4,0
50,0,2.331388946274058,117765.0,1413179.97,1,383.09,2606574.01,4121964.06,602,243443.58,8.82,120,0.0033,0.1723,Female,Single,Post Graduate,Self-employed,Education Loan,0,0,2,3,3,2
32,1,17.65262286804806,46409.1,556909.18,2,3873.12,57744.17,176831.65,441,432178.57,12.72,12,0.0835,0.776,Female,Divorced,Graduate,Student,Education Loan,0,0,0,0,4,2
55,4,2.802602926039346,14924.88,179098.52,1,6078.62,354479.53,729687.88,501,636921.01,8.86,36,0.4073,3.5563,Male,Divorced,PhD,Self-employed,Agricultural Loan,1,1,0,2,3,0
31,2,27.394068111505703,15242.75,182912.99,0,6812.8,183429.56,558170.91,506,196152.44,7.08,60,0.447,1.0724,Male,Married,Graduate,Government,Personal Loan,1,1,1,0,1,5
41,4,18.629109187818624,77282.72,927392.65,3,27325.65,1189181.06,2639664.17,714,2104876.72,8.08,48,0.3536,2.2697,Male,Single,PhD,Student,Gold Loan,0,1,2,2,4,3
41,2,29.70845565354559,22433.67,269204.03,4,11122.17,208211.57,955180.25,520,2271455.96,13.9,60,0.4958,8.4377,Female,Married,High School,Student,Vehicle Loan,1,0,1,1,4,6
25,2,7.369564578918161,14332.02,171984.22,1,646.49,295355.86,1439377.32,661,290580.91,9.24,120,0.0451,1.6896,Male,Married,Graduate,Business,Business Loan,0,1,1,0,0,1
40,1,20.38801691596912,66191.45,794297.35,3,18059.56,921763.73,2433693.25,380,180112.88,7.76,240,0.2728,0.2268,Male,Divorced,High School,Business,Business Loan,1,1,0,1,0,1
57,1,28.93289964975472,27297.72,327572.66,1,9349.4,443441.97,567942.1,862,289524.0,7.83,12,0.3425,0.8838,Female,Married,High School,Self-employed,Home Loan,0,0,1,1,3,4
23,4,8.957347929350343,64100.56,769206.72,3,22519.96,1020789.13,3729294.24,584,302173.53,9.17,60,0.3513,0.3928,Female,Single,Graduate,Business,Agricultural Loan,1,0,2,0,0,0
64,3,2.889679454702806,20976.72,251720.58,2,8322.35,196585.16,492741.14,668,1075482.97,7.26,36,0.3967,4.2725,Male,Single,Post Graduate,Self-employed,Education Loan,0,1,2,3,3,2
53,3,19.019297301647946,87929.22,1055150.59,3,40343.07,241611.27,1194495.85,791,293557.69,10.58,36,0.4588,0.2782,Male,Single,Post Graduate,Student,Education Loan,0,1,2,3,4,2
29,4,10.982975002960757,61281.8,735381.63,4,11081.02,1199728.76,1628630.72,645,174673.02,8.5,24,0.1808,0.2375,Female,Married,Graduate,Student,Education Loan,0,0,1,0,4,2
29,2,8.191729011303888,23538.41,282460.9,3,505.64,180385.8,266340.67,503,479864.38,10.64,84,0.0215,1.6989,Female,Married,PhD,Government,Vehicle Loan,1,0,1,2,1,6
24,1,29.807629522302324,13410.13,160921.57,4,2430.2,275248.23,1045308.14,324,134230.95,7.99,84,0.1812,0.8341,Female,Single,High School,Government,Gold Loan,1,0,2,1,1,3
55,4,22.623280083099633,144798.49,1737581.85,4,48624.4,2171801.99,8762348.87,852,1039651.43,10.01,36,0.3358,0.5983,Male,Divorced,PhD,Business,Personal Loan,0,1,0,2,0,5
37,3,14.561838990373131,32012.3,384147.56,3,3416.61,292438.45,843505.25,368,714968.77,11.19,12,0.1067,1.8612,Female,Divorced,High School,Student,Vehicle Loan,1,0,0,1,4,6
54,2,1.5001019214889832,22979.57,275754.89,4,9306.42,337057.14,710873.19,815,273782.24,7.43,120,0.405,0.9928,Male,Single,Graduate,Self-employed,Gold Loan,1,1,2,0,3,3
44,3,5.748470325416263,83431.81,1001181.75,4,9167.67,1322088.2,2960473.03,791,298768.14,9.79,24,0.1099,0.2984,Male,Married,Graduate,Business,Home Loan,0,1,1,0,0,4
52,2,8.963352758189275,64052.34,768628.13,2,322.29,1105141.11,2599172.4,539,539818.4,9.12,180,0.005,0.7023,Female,Married,Post Graduate,Government,Business Loan,0,0,1,3,1,1
21,3,14.615898046988553,73841.63,886099.54,0,18758.76,1470465.73,2795543.52,660,183058.83,8.68,36,0.254,0.2066,Female,Married,High School,Salaried,Gold Loan,0,0,1,1,2,3
28,0,14.917495246948786,34231.28,410775.32,2,12433.85,160009.44,704452.78,740,235551.17,11.23,12,0.3632,0.5734,Male,Married,High School,Self-employed,Gold Loan,0,1,1,1,3,3
43,2,0.7420008966981739,112266.73,1347200.73,0,19627.33,2550174.74,3214007.74,330,369412.62,11.12,240,0.1748,0.2742,Female,Single,PhD,Salaried,Personal Loan,1,0,2,2,2,5
60,2,28.300688100509234,16541.52,198498.29,0,6193.94,172847.91,454436.39,621,154040.97,11.41,60,0.3744,0.776,Male,Married,Graduate,Business,Gold Loan,0,1,1,0,0,3
32,2,16.284215383155182,26075.99,312911.89,2,5715.91,542129.16,2163319.02,643,307591.88,8.11,12,0.2192,0.983,Male,Single,High School,Business,Gold Loan,0,1,2,1,0,3
32,0,0.5918150095615637,45886.55,550638.56,4,3939.7,278578.63,282841.42,835,187503.51,9.0,84,0.0859,0.3405,Female,Single,Graduate,Salaried,Business Loan,0,0,2,0,2,1
35,0,21.040055825266354,73193.86,878326.31,2,3314.16,122062.94,550763.85,654,1384651.9,8.47,36,0.0453,1.5765,Female,Married,High School,Business,Agricultural Loan,0,0,1,1,0,0
61,3,2.140545357524557,53997.63,647971.54,4,19185.01,766059.66,2930310.62,770,320376.27,10.78,48,0.3553,0.4944,Male,Divorced,PhD,Business,Education Loan,0,1,0,2,0,2
39,1,21.635112746256922,34554.07,414648.81,2,6664.01,292580.5,378451.66,404,207428.25,10.23,180,0.1929,0.5003,Male,Married,Post Graduate,Student,Personal Loan,1,1,1,3,4,5
46,3,21.044774424833292,27307.35,327688.23,2,12462.72,645617.53,2956919.49,621,758850.2,9.31,60,0.4564,2.3158,Male,Divorced,High School,Self-employed,Agricultural Loan,0,1,0,1,3,0
49,2,29.547694922156143,73431.37,881176.45,1,19835.83,249845.06,736848.04,871,267590.02,12.5,84,0.2701,0.3037,Male,Divorced,Graduate,Government,Gold Loan,0,1,0,0,1,3
42,2,10.261122570241405,57448.12,689377.47,3,10008.39,119949.72,432893.43,826,183140.97,7.66,48,0.1742,0.2657,Female,Single,PhD,Student,Gold Loan,0,0,2,2,4,3
60,3,4.329818746686252,21488.77,257865.23,2,3749.69,43738.45,198053.55,803,899886.51,13.82,84,0.1745,3.4898,Male,Divorced,Graduate,Business,Agricultural Loan,0,1,0,0,0,0
41,4,2.75607817935851,21108.65,253303.84,3,1387.24,126400.62,571918.5,384,341631.1,7.82,36,0.0657,1.3487,Female,Divorced,High School,Government,Education Loan,1,0,0,1,1,2
58,1,2.151782105195843,26178.85,314146.2,4,7772.36,374917.67,987899.23,534,867019.76,12.41,12,0.2969,2.7599,Female,Single,Post Graduate,Business,Agricultural Loan,1,0,2,3,0,0
40,0,24.30999605756438,24239.6,290875.18,1,7055.75,306096.62,597120.42,562,437117.32,9.58,84,0.2911,1.5028,Male,Married,PhD,Self-employed,Personal Loan,1,1,1,2,3,5
49,1,21.556442094831713,67366.59,808399.14,1,26946.43,609785.14,1237672.46,305,490587.55,13.06,12,0.4,0.6069,Male,Divorced,Post Graduate,Business,Home Loan,1,1,0,3,0,4
24,4,29.277456501806718,47166.51,565998.12,0,4744.88,143491.91,583117.61,793,694219.19,7.52,36,0.1006,1.2265,Female,Married,Post Graduate,Salaried,Personal Loan,0,0,1,3,2,5
27,3,9.27558120047333,50750.28,609003.32,3,7378.83,323581.39,1526566.85,588,266235.92,9.62,180,0.1454,0.4372,Female,Single,Graduate,Salaried,Vehicle Loan,1,0,2,0,2,6
48,3,24.09307359584529,40741.47,488897.65,1,1980.81,213297.18,274923.58,869,231382.7,9.35,120,0.0486,0.4733,Male,Divorced,Graduate,Salaried,Agricultural Loan,0,1,0,0,2,0
48,2,2.7904228633570227,41909.27,502911.29,4,6188.79,760667.47,806367.54,853,1157148.61,13.95,180,0.1477,2.3009,Male,Single,PhD,Salaried,Gold Loan,0,1,2,2,2,3
24,3,27.11639677255055,14057.47,168689.7,0,3009.02,266231.24,1142595.32,649,703016.36,13.9,24,0.2141,4.1675,Male,Single,Post Graduate,Government,Business Loan,0,1,2,3,1,1
42,4,1.5549092642870854,58484.1,701809.2,1,28190.17,1103672.29,2810402.62,499,419157.33,8.33,120,0.482,0.5973,Female,Single,High School,Salaried,Vehicle Loan,1,0,2,1,2,6
32,3,23.636504472242944,25897.74,310772.92,4,8456.47,603104.9,1270016.47,634,836147.85,11.41,48,0.3265,2.6905,Female,Divorced,High School,Business,Vehicle Loan,0,0,0,1,0,6
23,3,9.220665745079728,35600.21,427202.51,3,13935.24,759618.5,1331987.54,516,681551.96,10.75,12,0.3914,1.5954,Male,Single,High School,Student,Home Loan,1,1,2,1,4,4
42,4,5.435790196510596,27339.73,328076.76,4,4449.68,340366.22,812087.41,652,940947.19,8.08,36,0.1628,2.8681,Female,Married,High School,Business,Gold Loan,0,0,1,1,0,3
64,0,21.135435831496267,39637.18,475646.2,4,2864.04,417915.78,2041883.13,624,177323.74,8.17,60,0.0723,0.3728,Female,Single,Graduate,Business,Personal Loan,0,0,2,0,0,5
22,1,26.87634095317565,51218.51,614622.17,4,6574.41,1130017.49,5546486.4,527,420271.73,13.92,180,0.1284,0.6838,Male,Divorced,Post Graduate,Business,Business Loan,1,1,0,3,0,1
44,3,22.923781181498633,19824.76,237897.13,2,2542.21,298524.83,694384.91,444,1092350.55,10.17,24,0.1282,4.5917,Female,Divorced,Post Graduate,Business,Education Loan,1,0,0,3,0,2
54,1,9.392998352175182,42262.25,507147.0,1,12321.88,328427.1,1594434.92,607,1692608.96,7.88,24,0.2916,3.3375,Female,Divorced,PhD,Student,Agricultural Loan,0,0,0,2,4,0
47,1,10.607119646848087,27739.11,332869.27,4,4736.05,387866.83,853095.18,584,288153.73,8.5,180,0.1707,0.8657,Male,Married,High School,Salaried,Gold Loan,1,1,1,1,2,3
61,2,5.67913784666942,80247.85,962974.22,0,34402.21,1911458.62,8444679.62,691,502490.65,8.88,240,0.4287,0.5218,Male,Divorced,Post Graduate,Self-employed,Vehicle Loan,0,1,0,3,3,6
21,0,24.72184778643116,18605.73,223268.73,2,9196.3,382120.93,706165.91,659,449310.14,10.58,12,0.4943,2.0124,Male,Married,Graduate,Government,Vehicle Loan,1,1,1,0,1,6
28,1,3.2128090298733003,19900.3,238803.64,4,3415.87,148643.99,640053.64,464,163514.19,9.35,24,0.1716,0.6847,Female,Single,PhD,Student,Agricultural Loan,1,0,2,2,4,0
43,2,27.096417818062505,29268.23,351218.75,4,10317.93,670767.86,1619851.79,880,351495.49,10.19,48,0.3525,1.0008,Female,Married,High School,Student,Agricultural Loan,0,0,1,1,4,0
58,4,18.034027410612044,20839.67,250076.07,1,6850.9,491266.69,875876.48,523,125122.16,8.17,36,0.3287,0.5003,Female,Single,PhD,Student,Gold Loan,1,0,2,2,4,3
26,4,17.665648670909906,31741.22,380894.63,2,3086.24,200504.2,950213.4,423,386985.58,9.29,12,0.0972,1.016,Male,Single,Post Graduate,Government,Agricultural Loan,0,1,2,3,1,0
42,4,25.13464404289336,26456.81,317481.66,4,12143.79,571430.45,1060996.25,643,192833.98,7.49,48,0.459,0.6074,Male,Single,Graduate,Business,Home Loan,0,1,2,0,0,4
45,4,20.025997541840134,38293.96,459527.5,4,3818.72,816184.51,4054266.71,823,506830.46,13.23,24,0.0997,1.1029,Female,Divorced,Post Graduate,Government,Personal Loan,0,0,0,3,1,5
38,4,9.12717774714843,66492.42,797909.03,3,24501.03,127288.58,182569.44,351,345270.08,8.39,60,0.3685,0.4327,Female,Married,PhD,Student,Business Loan,1,0,1,2,4,1
37,2,10.485453663504797,37902.33,454827.91,0,6587.61,621706.22,646626.16,428,340901.19,12.3,12,0.1738,0.7495,Female,Divorced,Graduate,Business,Education Loan,0,0,0,0,0,2
32,0,5.1916257337390785,40031.13,480373.59,0,7347.35,321107.98,1439583.01,434,1533000.05,9.45,180,0.1835,3.1913,Female,Divorced,Post Graduate,Student,Business Loan,0,0,0,3,4,1
26,0,13.921897256964503,19256.55,231078.58,1,4385.19,318042.89,1064304.33,426,468198.36,10.32,24,0.2277,2.0261,Male,Married,Post Graduate,Self-employed,Business Loan,1,1,1,3,3,1
46,2,3.304642972361329,33508.83,402105.96,2,14484.33,737591.34,1981542.98,370,1987877.23,9.04,36,0.4323,4.9437,Male,Single,Graduate,Salaried,Home Loan,1,1,2,0,2,4
47,2,19.591095219806228,28196.34,338356.03,4,1977.3,351662.52,466957.09,572,632286.08,11.88,36,0.0701,1.8687,Male,Married,Post Graduate,Salaried,Business Loan,1,1,1,3,2,1
28,3,5.076865233420131,54665.31,655983.71,2,1491.53,575707.43,1899587.04,486,849533.19,12.91,48,0.0273,1.2951,Female,Divorced,High School,Student,Business Loan,1,0,0,1,4,1
39,1,25.91795319241755,22954.28,275451.39,1,4614.28,509475.34,1311849.24,302,220660.83,9.0,120,0.201,0.8011,Male,Married,Post Graduate,Business,Personal Loan,1,1,1,3,0,5
62,4,21.013877607848478,21668.32,260019.86,3,602.22,507139.34,1488194.12,584,253991.76,8.7,240,0.0278,0.9768,Male,Single,PhD,Self-employed,Gold Loan,1,1,2,2,3,3
21,1,26.745337635937663,43934.6,527215.24,1,15104.74,106824.16,376188.47,321,448566.0,11.77,36,0.3438,0.8508,Female,Divorced,Post Graduate,Self-employed,Home Loan,1,0,0,3,3,4
49,3,2.610929627606706,119140.87,1429690.41,0,45292.89,2647966.02,9426055.78,465,1167599.15,8.37,12,0.3802,0.8167,Female,Married,Graduate,Business,Business Loan,0,0,1,0,0,1
55,0,23.955280035066064,32677.13,392125.6,3,13964.78,94883.82,459465.11,609,330921.6,11.48,12,0.4274,0.8439,Female,Single,High School,Business,Education Loan,0,0,2,1,0,2
60,4,26.424141750850282,40171.98,482063.77,4,14940.81,351809.45,1273625.39,776,140763.74,7.66,84,0.3719,0.292,Male,Divorced,Post Graduate,Self-employed,Personal Loan,0,1,0,3,3,5
34,0,1.3370942672415487,64139.34,769672.02,1,29387.08,1189092.27,2803423.63,797,608281.04,11.34,60,0.4582,0.7903,Male,Divorced,Post Graduate,Salaried,Gold Loan,0,1,0,3,2,3
55,2,29.972278656035297,49312.97,591755.6,2,18450.47,930626.94,2157687.69,733,465646.78,10.59,120,0.3742,0.7869,Male,Single,PhD,Salaried,Agricultural Loan,0,1,2,2,2,0
40,1,9.019329484746972,49507.91,594094.89,2,23171.57,875988.14,2547937.49,533,284700.19,7.8,120,0.468,0.4792,Male,Married,PhD,Self-employed,Agricultural Loan,1,1,1,2,3,0
33,0,6.351636426273036,34299.45,411593.37,0,3311.8,65154.79,132740.56,675,328255.97,11.54,36,0.0966,0.7975,Female,Single,Post Graduate,Government,Personal Loan,0,0,2,3,1,5
58,3,12.447156697716933,34702.22,416426.62,0,8673.18,140829.21,352883.61,545,220387.15,10.13,120,0.2499,0.5292,Female,Divorced,PhD,Self-employed,Education Loan,1,0,0,2,3,2
28,0,0.25906176484035703,23084.37,277012.39,0,11472.13,520159.55,2272291.54,602,926459.31,8.52,240,0.497,3.3445,Male,Single,Post Graduate,Student,Gold Loan,0,1,2,3,4,3
63,4,26.577189779814848,48621.64,583459.67,0,16569.72,139719.72,620222.33,704,450746.0,9.47,180,0.3408,0.7725,Male,Divorced,Graduate,Government,Vehicle Loan,0,1,0,0,1,6
40,4,8.05472647687817,47960.48,575525.78,4,21070.03,134603.78,472616.75,320,536264.03,10.44,36,0.4393,0.9318,Female,Single,Post Graduate,Business,Vehicle Loan,1,0,2,3,0,6
53,1,15.647745009251805,55842.96,670115.5,3,848.64,1129136.61,3761564.79,556,274541.8,7.64,60,0.0152,0.4097,Male,Married,Graduate,Self-employed,Home Loan,1,1,1,0,3,4
46,2,18.70678558853556,27095.89,325150.67,0,11810.53,426736.21,1155772.06,698,1288490.32,13.7,180,0.4359,3.9627,Male,Single,High School,Self-employed,Gold Loan,0,1,2,1,3,3
59,4,23.73275387398888,59759.33,717111.98,1,20847.44,543098.14,1924520.23,828,527886.91,11.66,24,0.3489,0.7361,Female,Divorced,Graduate,Government,Agricultural Loan,0,0,0,0,1,0
41,3,7.506183396625166,71682.42,860189.1,4,6120.08,344888.6,1456883.05,350,79785.05,7.72,120,0.0854,0.0928,Male,Married,High School,Self-employed,Gold Loan,1,1,1,1,3,3
62,1,21.514391022145663,17529.23,210350.78,3,225.08,374002.27,1477828.17,746,639208.06,12.76,120,0.0128,3.0388,Male,Divorced,High School,Student,Home Loan,0,1,0,1,4,4
63,4,3.5298264312641603,30390.23,364682.76,4,3949.61,721353.69,823669.11,569,358091.37,9.26,180,0.13,0.9819,Female,Married,High School,Salaried,Business Loan,1,0,1,1,2,1
61,3,21.12705503666649,73498.05,881976.6,2,33653.78,157973.01,619968.26,894,388032.33,11.18,12,0.4579,0.44,Male,Divorced,PhD,Self-employed,Personal Loan,0,1,0,2,3,5
29,0,27.57886597672669,24594.22,295130.59,4,8216.1,338037.86,1311516.12,561,979652.07,8.94,180,0.3341,3.3194,Male,Divorced,Post Graduate,Salaried,Home Loan,1,1,0,3,2,4
44,3,2.5507880505967604,49874.12,598489.44,4,22928.86,349616.71,488051.69,664,474898.94,12.13,12,0.4597,0.7935,Male,Divorced,Graduate,Business,Business Loan,0,1,0,0,0,1
57,1,3.5010840244575023,36502.85,438034.19,2,8142.89,735346.15,1177281.43,348,1740832.25,12.06,36,0.2231,3.9742,Female,Married,High School,Business,Gold Loan,0,0,1,1,0,3
61,4,16.716824997920888,44290.59,531487.12,2,20741.88,396829.59,1647491.25,817,481409.97,10.86,240,0.4683,0.9058,Male,Divorced,Graduate,Self-employed,Business Loan,0,1,0,0,3,1
37,2,1.3920126702895708,37176.56,446118.74,2,8605.63,648228.14,2097639.24,417,304585.28,8.69,48,0.2315,0.6827,Male,Single,High School,Business,Vehicle Loan,0,1,2,1,0,6
44,2,5.621715278668469,56823.35,681880.19,4,5803.22,761946.48,3266095.76,752,103711.64,8.78,240,0.1021,0.1521,Male,Divorced,PhD,Self-employed,Personal Loan,0,1,0,2,3,5
41,3,5.705764091539471,19674.72,236096.61,2,1489.31,264724.07,460348.94,696,249123.5,9.68,12,0.0757,1.0552,Male,Divorced,High School,Salaried,Business Loan,0,1,0,1,2,1
59,3,14.437423881939077,20994.3,251931.55,0,10432.19,435295.46,488601.33,326,341876.18,8.02,180,0.4969,1.357,Male,Married,High School,Government,Agricultural Loan,1,1,1,1,1,0
61,3,7.454610879314015,87440.0,1049280.01,1,14596.48,1033479.76,1702933.86,671,1429779.13,9.36,36,0.1669,1.3626,Male,Divorced,Post Graduate,Self-employed,Gold Loan,0,1,0,3,3,3
59,4,14.26568566708793,128055.36,1536664.35,1,10247.82,2618577.12,7358935.39,396,306066.15,11.79,120,0.08,0.1992,Male,Divorced,Graduate,Government,Agricultural Loan,0,1,0,0,1,0
33,2,15.635273648382666,36197.61,434371.3,2,152.18,338766.8,1047863.64,828,1645590.09,12.82,24,0.0042,3.7884,Female,Divorced,Post Graduate,Salaried,Education Loan,0,0,0,3,2,2
31,2,21.91933162610863,101636.67,1219639.98,3,14512.17,510216.84,2260671.06,485,176548.69,9.33,120,0.1428,0.1448,Male,Divorced,PhD,Salaried,Agricultural Loan,1,1,0,2,2,0
39,1,28.379765842225297,22855.23,274262.75,4,10160.48,262286.14,1013684.05,514,238476.39,8.64,120,0.4446,0.8695,Male,Divorced,Graduate,Government,Vehicle Loan,1,1,0,0,1,6
31,1,15.112416490988641,26398.13,316777.57,1,7048.42,328978.33,1632246.57,550,1089883.74,12.83,240,0.267,3.4405,Female,Single,PhD,Self-employed,Vehicle Loan,0,0,2,2,3,6
33,0,10.650160364767611,87072.16,1044865.95,0,27533.74,1045110.93,1374193.75,515,274828.46,13.23,24,0.3162,0.263,Female,Single,High School,Government,Home Loan,0,0,2,1,1,4
21,4,7.761102391526801,58833.34,706000.04,3,27133.67,1152639.16,1753030.79,328,1065956.33,9.87,180,0.4612,1.5099,Male,Married,PhD,Self-employed,Gold Loan,1,1,1,2,3,3
60,3,19.039716345123864,95211.52,1142538.28,3,24414.13,1331782.2,1781155.31,401,228423.99,7.19,60,0.2564,0.1999,Female,Married,Graduate,Self-employed,Gold Loan,1,0,1,0,3,3
64,1,28.28751334576308,48104.62,577255.42,0,20162.57,1031084.66,3251867.99,422,247490.6,11.86,240,0.4191,0.4287,Male,Single,Graduate,Government,Agricultural Loan,1,1,2,0,1,0
39,0,22.939647353212976,19780.9,237370.86,4,3202.86,253715.16,524541.64,353,739314.84,12.49,180,0.1619,3.1146,Male,Married,Graduate,Salaried,Agricultural Loan,1,1,1,0,2,0
32,0,6.183078956651336,41528.96,498347.58,4,20289.01,256169.22,956672.07,582,230996.75,7.13,36,0.4886,0.4635,Female,Single,Post Graduate,Student,Home Loan,1,0,2,3,4,4
28,2,26.7991239190646,74697.47,896369.66,2,2943.6,297176.74,454907.33,416,355214.29,11.17,36,0.0394,0.3963,Female,Single,High School,Business,Gold Loan,1,0,2,1,0,3
28,4,22.0653992425272,33535.47,402425.61,0,12153.75,703317.38,993622.6,856,606720.13,11.12,180,0.3624,1.5077,Male,Married,Graduate,Student,Gold Loan,0,1,1,0,4,3
32,4,3.8383458370907455,30581.17,366974.09,0,10100.45,70091.27,199105.59,413,361463.16,9.65,240,0.3303,0.985,Female,Married,PhD,Salaried,Business Loan,0,0,1,2,2,1
53,3,21.384072467368867,48548.18,582578.19,0,4652.65,179872.04,450326.45,842,282077.54,12.25,24,0.0958,0.4842,Female,Divorced,PhD,Business,Vehicle Loan,0,0,0,2,0,6
46,4,8.680663722186798,25959.59,311515.04,2,5047.11,63968.21,276128.99,592,168420.26,10.0,36,0.1944,0.5406,Female,Single,PhD,Government,Personal Loan,0,0,2,2,1,5
59,3,14.741899719903293,43360.33,520323.98,1,6782.19,465945.21,2026962.43,494,1410511.39,11.74,180,0.1564,2.7108,Female,Single,Graduate,Student,Education Loan,0,0,2,0,4,2
48,4,9.006939422742564,37725.85,452710.23,4,1782.41,499873.55,734671.49,591,1637841.53,10.62,24,0.0472,3.6179,Female,Single,Graduate,Self-employed,Education Loan,1,0,2,0,3,2
25,2,2.5217771382308927,27058.36,324700.33,2,7911.7,39427.25,167537.85,560,575772.86,8.74,180,0.2924,1.7732,Female,Married,PhD,Salaried,Personal Loan,1,0,1,2,2,5
28,0,23.05750754050078,65410.78,784929.35,2,32498.36,841083.31,2739122.32,506,367436.68,11.25,60,0.4968,0.4681,Female,Single,PhD,Salaried,Education Loan,1,0,2,2,2,2
45,4,24.860512761243722,53508.34,642100.05,2,14971.32,538104.88,1621973.53,863,383948.07,12.16,84,0.2798,0.598,Male,Single,High School,Salaried,Personal Loan,0,1,2,1,2,5
47,4,6.959370040821618,29372.02,352464.19,0,8007.69,552012.94,761255.38,348,860917.82,13.82,48,0.2726,2.4426,Male,Married,Graduate,Student,Gold Loan,0,1,1,0,4,3
43,2,7.189143537585862,35990.97,431891.59,2,725.46,723022.6,2862101.64,305,1009964.38,9.66,36,0.0202,2.3385,Male,Single,PhD,Self-employed,Home Loan,1,1,2,2,3,4
50,1,12.8987318462592,30860.57,370326.86,1,2148.21,517045.76,640379.34,678,287183.8,7.45,180,0.0696,0.7755,Female,Single,Graduate,Student,Business Loan,0,0,2,0,4,1
43,3,24.344079573101425,24755.71,297068.51,3,6352.55,294355.22,621315.3,693,1045166.27,13.92,240,0.2566,3.5183,Male,Divorced,High School,Self-employed,Gold Loan,0,1,0,1,3,3
40,1,2.318042161402637,13108.79,157305.47,2,6457.25,78278.05,108158.83,523,723655.83,11.37,180,0.4926,4.6003,Male,Divorced,Post Graduate,Business,Agricultural Loan,1,1,0,3,0,0
38,0,24.261340598889397,27165.51,325986.09,1,11906.75,556448.54,1737827.97,322,1030731.18,13.63,240,0.4383,3.1619,Male,Divorced,Graduate,Government,Home Loan,1,1,0,0,1,4
38,1,27.681688828667202,24973.82,299685.88,0,4248.16,221227.88,792199.37,409,122832.69,7.73,12,0.1701,0.4099,Female,Single,Graduate,Salaried,Agricultural Loan,1,0,2,0,2,0
22,0,16.84512503369722,38907.19,466886.32,3,10563.39,357740.49,1632520.32,852,316360.36,9.39,60,0.2715,0.6776,Female,Divorced,High School,Self-employed,Personal Loan,0,0,0,1,3,5
24,3,1.8117444452818432,47307.27,567687.25,4,13073.42,1043989.42,4108607.5,698,385261.99,7.94,120,0.2764,0.6787,Female,Married,Graduate,Student,Agricultural Loan,0,0,1,0,4,0
50,2,8.08658279568823,22441.99,269303.92,4,7690.43,526011.98,2548221.71,471,304016.44,12.85,180,0.3427,1.1289,Female,Divorced,PhD,Student,Gold Loan,1,0,0,2,4,3
53,0,3.3415942231611484,45437.74,545252.93,0,15625.63,984045.78,3979283.67,605,2051041.76,13.16,24,0.3439,3.7616,Female,Married,High School,Salaried,Agricultural Loan,0,0,1,1,2,0
56,3,7.778507122482679,20460.52,245526.26,0,8079.78,490221.79,1074709.52,863,318732.0,10.51,48,0.3949,1.2982,Female,Married,Post Graduate,Salaried,Personal Loan,0,0,1,3,2,5
38,2,24.353460284763127,33685.56,404226.7,4,420.58,706888.19,2255213.13,881,643523.57,8.31,120,0.0125,1.592,Male,Married,High School,Salaried,Business Loan,0,1,1,1,2,1
57,1,1.6700336768379342,25299.72,303596.62,0,11937.42,435160.79,1232270.3,450,499954.28,7.89,60,0.4718,1.6468,Female,Single,PhD,Business,Business Loan,1,0,2,2,0,1
39,1,8.51470904555974,56823.44,681881.27,4,1990.58,440827.5,1438805.82,727,350746.23,11.12,12,0.035,0.5144,Male,Married,Graduate,Government,Agricultural Loan,0,1,1,0,1,0
48,0,15.508522878764744,38951.16,467413.93,0,9273.49,892683.18,2935461.31,766,250969.78,10.54,24,0.2381,0.5369,Female,Single,High School,Self-employed,Vehicle Loan,0,0,2,1,3,6
60,4,26.22122929457864,33992.64,407911.65,4,15629.46,719366.38,2739638.05,855,2291412.11,11.86,60,0.4598,5.6174,Female,Married,PhD,Salaried,Agricultural Loan,1,0,1,2,2,0
40,4,7.499464977509226,24955.52,299466.19,1,6085.01,163138.6,217329.21,366,370460.51,9.14,84,0.2438,1.2371,Male,Single,PhD,Self-employed,Business Loan,1,1,2,2,3,1
53,2,23.3498146961065,29812.86,357754.35,0,948.6,365229.54,1456163.05,455,891327.91,9.82,12,0.0318,2.4915,Female,Married,PhD,Student,Business Loan,1,0,1,2,4,1
32,1,17.50707224216671,108818.48,1305821.81,4,12472.78,284155.55,447537.73,505,439011.7,7.15,36,0.1146,0.3362,Male,Married,High School,Government,Personal Loan,1,1,1,1,1,5
35,3,20.291082521390827,26885.69,322628.3,0,7778.93,616384.17,680999.24,454,306515.21,11.27,84,0.2893,0.9501,Male,Single,High School,Government,Business Loan,0,1,2,1,1,1
61,2,25.853059427240723,48418.83,581026.01,4,2127.08,686272.65,2110715.38,808,482450.34,9.96,84,0.0439,0.8303,Male,Divorced,High School,Self-employed,Gold Loan,0,1,0,1,3,3
59,0,0.7924696111514784,33942.13,407305.53,4,7190.27,225362.57,749535.15,871,566080.16,13.44,120,0.2118,1.3898,Male,Married,Post Graduate,Student,Home Loan,0,1,1,3,4,4
22,0,15.892004388104672,47595.58,571146.97,3,7831.69,367684.63,418941.44,373,303862.76,11.49,36,0.1645,0.532,Male,Married,PhD,Student,Vehicle Loan,1,1,1,2,4,6
49,2,22.41642621091671,60005.14,720061.69,0,24458.32,1413426.89,4327184.47,348,239978.23,9.79,12,0.4076,0.3333,Male,Divorced,High School,Business,Gold Loan,1,1,0,1,0,3
61,3,26.538091685972905,29366.59,352399.08,1,1617.1,445171.91,1397074.48,766,647542.18,8.85,120,0.0551,1.8375,Female,Married,High School,Salaried,Gold Loan,0,0,1,1,2,3
30,1,3.9808256486333606,55595.86,667150.35,2,18980.38,593525.4,718153.63,884,485577.32,13.34,36,0.3414,0.7278,Female,Single,Graduate,Student,Gold Loan,0,0,2,0,4,3
22,1,10.243549131603123,189848.88,2278186.61,2,38595.24,2372436.25,9125199.16,478,262591.21,7.11,60,0.2033,0.1153,Male,Single,Graduate,Salaried,Agricultural Loan,0,1,2,0,2,0
31,3,2.356673750854804,51048.12,612577.44,0,15001.78,166756.43,307025.06,347,208824.97,9.29,48,0.2939,0.3409,Female,Married,High School,Salaried,Vehicle Loan,1,0,1,1,2,6
33,1,25.04802251426649,95621.11,1147453.31,4,9826.59,260617.58,1088817.72,371,585032.73,13.6,12,0.1028,0.5099,Female,Married,High School,Self-employed,Gold Loan,1,0,1,1,3,3
30,4,25.720990434589304,48466.47,581597.7,4,14775.09,709174.94,1590884.0,412,95371.54,11.58,120,0.3049,0.164,Male,Single,Post Graduate,Salaried,Business Loan,1,1,2,3,2,1
34,4,14.507559446268132,20760.82,249129.89,1,6996.17,265242.21,772271.31,458,359158.88,10.73,48,0.337,1.4417,Male,Divorced,Graduate,Self-employed,Home Loan,1,1,0,0,3,4
38,3,0.6238588002887613,42848.09,514177.11,0,1504.64,396795.76,1812326.35,329,492904.47,8.42,12,0.0351,0.9586,Male,Married,Post Graduate,Government,Business Loan,1,1,1,3,1,1
29,4,3.0659444777217635,29785.28,357423.41,2,12276.66,417608.17,1764276.72,396,1776468.4,12.83,84,0.4122,4.9702,Male,Single,High School,Student,Gold Loan,1,1,2,1,4,3
59,2,18.730743584293194,25398.25,304779.01,1,10937.17,67852.62,280058.57,550,446138.59,8.43,48,0.4306,1.4638,Male,Divorced,Post Graduate,Self-employed,Education Loan,1,1,0,3,3,2
48,1,29.478575576488666,34767.87,417214.4,0,1104.82,789640.73,1296382.24,818,347683.17,8.74,48,0.0318,0.8333,Male,Married,PhD,Business,Personal Loan,0,1,1,2,0,5
23,2,25.16592231718072,33095.41,397144.95,0,9981.37,256667.13,306093.4,391,555513.77,8.34,24,0.3016,1.3988,Male,Married,Post Graduate,Self-employed,Agricultural Loan,0,1,1,3,3,0
40,3,23.93766648109254,19226.5,230718.06,0,5710.38,50967.78,174464.52,412,249388.55,8.11,12,0.297,1.0809,Male,Divorced,Graduate,Salaried,Education Loan,1,1,0,0,2,2
26,4,12.539096428880981,184439.53,2213274.39,3,1148.91,903495.17,2387726.84,558,371331.7,13.67,36,0.0062,0.1678,Male,Married,Graduate,Business,Business Loan,1,1,1,0,0,1
47,2,29.55636756439463,58966.37,707596.43,1,10093.46,188450.62,873715.33,406,452906.79,11.21,60,0.1712,0.6401,Male,Married,Graduate,Salaried,Home Loan,0,1,1,0,2,4
22,2,24.749185525839103,42050.82,504609.83,0,20372.06,214791.53,515150.22,874,732054.24,11.46,240,0.4845,1.4507,Female,Single,Graduate,Business,Home Loan,0,0,2,0,0,4
49,0,10.069584646921255,38327.7,459932.36,1,10644.57,405711.83,1071969.11,689,258228.43,13.68,120,0.2777,0.5614,Male,Divorced,High School,Self-employed,Personal Loan,0,1,0,1,3,5
58,2,22.454730866049477,74712.98,896555.81,2,34861.52,1342978.63,4168608.59,657,440392.18,8.61,48,0.4666,0.4912,Female,Married,Graduate,Salaried,Home Loan,0,0,1,0,2,4
23,4,12.975687583167359,126164.54,1513974.5,0,42621.2,916460.74,3835940.52,498,105576.13,7.04,180,0.3378,0.0697,Male,Single,High School,Self-employed,Home Loan,1,1,2,1,3,4
36,1,19.813670105274973,54778.4,657340.79,4,777.59,604003.74,1252218.27,726,668869.61,11.19,48,0.0142,1.0175,Female,Married,PhD,Student,Gold Loan,0,0,1,2,4,3
50,1,29.10161570310624,39054.59,468655.05,0,1517.53,873315.94,4163343.9,777,367930.0,10.55,84,0.0389,0.7851,Female,Single,Graduate,Business,Personal Loan,0,0,2,0,0,5
60,1,7.393546658015627,87867.6,1054411.23,0,31728.07,685709.98,2166627.17,802,1997592.92,10.34,12,0.3611,1.8945,Female,Married,PhD,Government,Agricultural Loan,0,0,1,2,1,0
22,4,23.850065729629716,39553.74,474644.89,1,10967.62,762538.94,3327650.56,872,585996.02,7.43,84,0.2773,1.2346,Male,Married,PhD,Government,Education Loan,0,1,1,2,1,2
37,1,17.711229635402653,47154.7,565856.36,1,2997.9,218316.25,677320.48,419,221108.04,10.18,60,0.0636,0.3907,Male,Married,High School,Self-employed,Gold Loan,1,1,1,1,3,3
61,1,28.499127397311252,66211.31,794535.7,3,20328.95,337770.38,1380796.12,872,184434.8,9.01,24,0.307,0.2321,Male,Married,Post Graduate,Business,Gold Loan,0,1,1,3,0,3
32,3,4.033899298618272,28799.48,345593.73,0,11667.93,330949.66,399020.38,608,751149.47,8.92,12,0.4051,2.1735,Female,Married,Graduate,Business,Education Loan,0,0,1,0,0,2
55,3,21.591284965355907,10451.49,125417.82,2,3934.89,66725.96,280038.83,837,1861968.96,8.56,84,0.3765,14.8461,Male,Divorced,Graduate,Self-employed,Home Loan,0,1,0,0,3,4
63,0,1.1145945310375882,27971.79,335661.51,1,3442.8,608936.01,1885167.06,774,1457351.06,9.33,24,0.1231,4.3417,Male,Divorced,Post Graduate,Government,Vehicle Loan,0,1,0,3,1,6
21,0,7.396604418428165,57745.49,692945.9,3,7454.8,125151.96,350132.93,851,167685.76,9.47,240,0.1291,0.242,Female,Divorced,Graduate,Student,Agricultural Loan,0,0,0,0,4,0
35,2,9.62563590198354,55355.46,664265.49,4,26787.55,815788.27,1179987.7,643,520546.66,9.16,240,0.4839,0.7836,Female,Single,High School,Government,Business Loan,0,0,2,1,1,1
46,2,12.967672814760999,81275.68,975308.11,4,36062.21,1210786.19,4802280.92,435,1089921.47,13.85,12,0.4437,1.1175,Male,Divorced,Post Graduate,Salaried,Agricultural Loan,1,1,0,3,2,0
57,2,28.958999313743877,28621.15,343453.85,3,4555.59,72085.13,109904.93,576,151307.92,13.53,60,0.1592,0.4405,Male,Married,Graduate,Government,Vehicle Loan,1,1,1,0,1,6
41,0,2.028042051884791,93765.77,1125189.24,4,38634.05,1673623.07,2961093.19,832,1014487.17,11.02,180,0.412,0.9016,Female,Married,Graduate,Salaried,Business Loan,0,0,1,0,2,1
51,1,5.069485930597285,40580.41,486964.91,0,3281.71,478225.66,720061.04,330,252147.53,13.87,48,0.0809,0.5178,Male,Divorced,High School,Salaried,Agricultural Loan,0,1,0,1,2,0
45,2,6.091416785563354,52190.09,626281.07,1,5136.58,920147.16,944349.27,546,372361.95,13.94,36,0.0984,0.5946,Male,Single,Graduate,Student,Home Loan,0,1,2,0,4,4
43,1,12.719901069467209,62452.88,749434.58,2,5658.11,1250261.39,4560522.36,710,552001.43,9.49,60,0.0906,0.7366,Female,Married,High School,Student,Agricultural Loan,0,0,1,1,4,0
44,1,1.8209960743234155,15851.2,190214.43,4,695.24,133573.09,278282.99,326,1039918.01,10.12,60,0.0439,5.4671,Female,Single,PhD,Government,Gold Loan,1,0,2,2,1,3
58,0,28.962586396352066,19871.89,238462.74,0,8492.04,241307.9,385581.51,372,1506840.25,13.71,180,0.4273,6.319,Male,Married,Graduate,Self-employed,Education Loan,1,1,1,0,3,2
48,3,16.795550735346655,19480.04,233760.49,1,5637.59,136311.55,310775.33,396,341688.02,11.26,84,0.2894,1.4617,Male,Single,Post Graduate,Government,Vehicle Loan,1,1,2,3,1,6
41,3,24.398607087677146,69101.4,829216.83,0,8947.11,389373.25,1166694.17,645,301428.53,8.49,24,0.1295,0.3635,Female,Single,High School,Student,Gold Loan,0,0,2,1,4,3
63,4,23.174952916920404,30234.11,362809.32,0,12829.16,30647.7,92361.43,775,285791.36,11.83,12,0.4243,0.7877,Female,Single,High School,Salaried,Vehicle Loan,0,0,2,1,2,6
38,3,19.824754080645242,122583.68,1471004.17,1,49195.7,2839470.13,7010038.51,599,825436.32,8.44,36,0.4013,0.5611,Male,Married,Graduate,Salaried,Education Loan,1,1,1,0,2,2
56,2,27.132282558930655,36389.14,436669.65,4,1836.77,405424.29,1208054.55,598,981114.68,9.38,24,0.0505,2.2468,Male,Married,High School,Self-employed,Gold Loan,1,1,1,1,3,3
55,0,27.07151136473109,15020.57,180246.81,4,4837.67,19535.82,52929.69,586,904855.98,8.59,48,0.3221,5.0201,Female,Divorced,PhD,Government,Agricultural Loan,1,0,0,2,1,0
29,1,3.833154889944521,24259.16,291109.9,0,8755.54,29246.53,125486.96,748,548987.78,8.71,36,0.3609,1.8858,Male,Single,High School,Self-employed,Agricultural Loan,0,1,2,1,3,0
58,0,27.057848973727005,38965.26,467583.15,3,13946.2,297387.13,332614.38,511,594073.08,7.03,240,0.3579,1.2705,Female,Single,PhD,Self-employed,Personal Loan,1,0,2,2,3,5
50,4,15.716731061487248,49469.61,593635.38,4,17886.8,65327.92,292154.34,375,367950.96,13.16,60,0.3616,0.6198,Male,Married,Post Graduate,Government,Gold Loan,1,1,1,3,1,3
64,4,8.042091404456947,20112.51,241350.14,0,1704.11,193358.39,382010.64,700,396454.36,9.07,48,0.0847,1.6427,Female,Single,High School,Business,Personal Loan,0,0,2,1,0,5
54,4,18.255014005693166,51076.94,612923.32,2,8046.83,125015.19,485950.14,333,876050.34,7.6,240,0.1575,1.4293,Female,Single,Post Graduate,Government,Home Loan,0,0,2,3,1,4
52,1,8.427107997285093,59953.57,719442.8,2,25305.76,114078.84,298904.65,797,546578.69,7.61,48,0.4221,0.7597,Female,Married,PhD,Self-employed,Education Loan,0,0,1,2,3,2
23,4,14.37023587957289,24721.57,296658.85,3,11104.83,405329.23,882536.26,815,302993.66,10.89,84,0.4492,1.0214,Female,Married,High School,Business,Vehicle Loan,1,0,1,1,0,6
23,4,24.493135459657687,118360.97,1420331.68,0,16522.53,2587057.17,8954812.51,627,1066039.87,13.95,12,0.1396,0.7506,Female,Married,PhD,Self-employed,Home Loan,0,0,1,2,3,4
48,4,0.9659392783591614,26381.14,316573.66,2,303.64,274783.07,1119888.77,397,272047.39,8.02,24,0.0115,0.8593,Female,Married,PhD,Self-employed,Home Loan,0,0,1,2,3,4
64,1,5.492669746978555,19931.83,239181.94,4,8568.36,403534.22,1129793.23,665,497105.83,7.7,48,0.4299,2.0784,Male,Married,Post Graduate,Self-employed,Business Loan,0,1,1,3,3,1
35,4,28.697480253685832,14508.16,174097.91,0,2735.45,24273.68,69573.6,762,164059.27,10.07,240,0.1885,0.9423,Female,Married,Post Graduate,Salaried,Business Loan,0,0,1,3,2,1
61,2,13.35295120287762,75537.49,906449.93,3,12443.43,1426666.92,1762541.32,327,207598.1,10.94,84,0.1647,0.229,Male,Single,Post Graduate,Government,Gold Loan,1,1,2,3,1,3
43,0,9.099727334263564,36817.54,441810.52,3,6387.84,89996.8,422623.51,685,449227.31,9.06,84,0.1735,1.0168,Male,Married,PhD,Student,Gold Loan,0,1,1,2,4,3
60,4,27.698386238824103,27239.64,326875.63,4,5661.71,552531.69,2424280.74,572,253471.18,9.12,240,0.2078,0.7754,Female,Divorced,PhD,Salaried,Business Loan,1,0,0,2,2,1
31,4,27.33641732814521,14995.67,179948.07,2,2836.18,319324.24,827679.21,426,368309.71,9.97,48,0.1891,2.0468,Female,Single,Post Graduate,Government,Business Loan,1,0,2,3,1,1
52,0,1.3272737129346845,28751.62,345019.46,2,8142.9,548506.14,2226826.56,501,1167781.07,9.2,36,0.2832,3.3847,Male,Divorced,PhD,Salaried,Personal Loan,1,1,0,2,2,5
56,4,10.874340492176708,151579.76,1818957.12,3,5982.87,3012985.38,6788607.68,820,400390.23,13.41,120,0.0395,0.2201,Female,Married,Post Graduate,Government,Personal Loan,0,0,1,3,1,5
53,4,27.38464949314873,10029.72,120356.58,1,4872.14,139554.91,547290.71,586,908799.15,7.29,120,0.4858,7.5509,Female,Married,Graduate,Business,Home Loan,1,0,1,0,0,4
44,2,5.3931590806691165,24859.74,298316.9,3,11639.97,176314.08,540714.17,749,236908.67,8.64,240,0.4682,0.7942,Male,Single,High School,Student,Home Loan,1,1,2,1,4,4
59,3,17.346405285693464,106475.52,1277706.24,3,49745.72,1681707.7,4781207.48,387,686336.61,12.66,84,0.4672,0.5372,Female,Married,Graduate,Business,Gold Loan,1,0,1,0,0,3
54,1,9.623340410104614,76832.56,921990.76,0,33778.58,853568.13,1046553.04,617,198758.82,12.84,24,0.4396,0.2156,Female,Single,PhD,Business,Gold Loan,0,0,2,2,0,3
48,1,22.09696302358575,25786.97,309443.64,4,8513.91,28952.09,140756.0,318,362280.92,7.78,84,0.3302,1.1707,Female,Single,High School,Government,Agricultural Loan,1,0,2,1,1,0
57,0,4.747874238431767,41034.03,492408.39,0,4536.49,491053.91,2135905.69,892,708988.94,13.82,180,0.1106,1.4398,Female,Married,PhD,Self-employed,Agricultural Loan,0,0,1,2,3,0
27,2,17.881595409623515,47942.73,575312.75,3,1186.19,765996.44,3196926.18,406,446951.69,11.85,84,0.0247,0.7769,Female,Single,PhD,Self-employed,Vehicle Loan,1,0,2,2,3,6
24,1,0.00025296633912930133,39352.04,472224.51,0,1954.24,51918.1,115240.78,757,940193.12,8.91,240,0.0497,1.991,Male,Single,High School,Self-employed,Education Loan,0,1,2,1,3,2
57,0,7.576912665296925,105944.44,1271333.33,2,17162.6,1620026.98,3496602.63,610,754651.54,10.19,48,0.162,0.5936,Female,Single,PhD,Self-employed,Vehicle Loan,0,0,2,2,3,6
21,0,4.864956345321132,44527.07,534324.8,3,11218.22,712799.7,2347087.16,711,345682.46,9.08,36,0.2519,0.647,Male,Married,PhD,Student,Education Loan,0,1,1,2,4,2
21,0,6.294921359460789,71776.31,861315.74,2,35646.02,332789.02,1459244.18,797,1248631.49,8.05,60,0.4966,1.4497,Female,Single,PhD,Business,Home Loan,0,0,2,2,0,4
40,1,25.81278876918336,40496.03,485952.38,2,8816.87,442002.29,2094433.87,543,627214.62,9.04,36,0.2177,1.2907,Male,Divorced,Post Graduate,Salaried,Gold Loan,0,1,0,3,2,3
39,3,27.44389756400741,10727.51,128730.12,4,2814.07,248659.92,516147.39,876,364050.77,11.06,24,0.2623,2.828,Female,Single,PhD,Student,Vehicle Loan,0,0,2,2,4,6
49,0,22.650947190267463,17757.31,213087.68,2,6172.06,378876.15,1299416.07,679,497133.03,12.78,24,0.3476,2.333,Female,Single,High School,Government,Business Loan,0,0,2,1,1,1
30,4,17.70319589552089,20112.03,241344.33,0,1817.46,210148.42,818656.52,814,475791.3,9.54,48,0.0904,1.9714,Female,Married,Graduate,Student,Education Loan,0,0,1,0,4,2
38,3,6.925695475891627,31270.44,375245.27,0,14584.95,282886.9,539060.4,506,519838.71,9.44,36,0.4664,1.3853,Female,Single,High School,Student,Agricultural Loan,1,0,2,1,4,0
48,3,8.24164135275896,126380.0,1516560.04,1,33429.7,487050.29,1280881.15,693,394980.84,10.28,240,0.2645,0.2604,Male,Married,High School,Government,Business Loan,0,1,1,1,1,1
55,4,9.296693193154862,45136.52,541638.2,4,6234.62,81667.71,142910.09,320,596015.63,11.51,120,0.1381,1.1004,Male,Single,Graduate,Salaried,Business Loan,1,1,2,0,2,1
63,1,23.31016381487859,34082.08,408985.01,1,15935.23,267259.57,1014415.84,826,832223.04,12.26,84,0.4676,2.0348,Female,Divorced,PhD,Business,Personal Loan,0,0,0,2,0,5
51,1,7.586529235100997,76353.93,916247.17,2,23877.81,1727623.52,7696805.59,642,621848.1,9.29,180,0.3127,0.6787,Male,Married,Graduate,Student,Education Loan,0,1,1,0,4,2
47,2,29.20168276110941,15197.25,182367.0,3,3675.38,350267.89,1579756.31,501,605144.63,11.1,240,0.2418,3.3183,Male,Divorced,Graduate,Government,Education Loan,1,1,0,0,1,2
31,1,23.893905637706983,27070.04,324840.49,0,7852.42,532953.47,1961458.24,419,408177.23,9.73,36,0.2901,1.2565,Male,Single,Post Graduate,Government,Business Loan,1,1,2,3,1,1
58,2,29.991531689885925,24775.31,297303.7,3,9269.71,224686.55,536688.41,688,217756.81,12.01,120,0.3742,0.7324,Male,Divorced,Post Graduate,Salaried,Gold Loan,0,1,0,3,2,3
25,0,13.77535690191613,46111.84,553342.03,1,3563.02,198438.04,723140.27,836,179247.79,8.15,240,0.0773,0.3239,Male,Single,High School,Student,Vehicle Loan,0,1,2,1,4,6
28,1,17.679845549889475,62162.16,745945.95,1,26879.86,913614.08,4072039.1,533,251183.48,8.8,12,0.4324,0.3367,Male,Single,High School,Government,Home Loan,1,1,2,1,1,4
54,1,8.412046352731625,48189.25,578271.05,0,23118.96,764744.92,2679225.19,619,316664.09,9.98,240,0.4798,0.5476,Male,Single,Post Graduate,Salaried,Vehicle Loan,0,1,2,3,2,6
32,4,18.112337611057214,48649.16,583789.96,1,13792.03,523717.59,1388672.67,479,1685264.55,13.23,120,0.2835,2.8868,Female,Single,Graduate,Salaried,Home Loan,0,0,2,0,2,4
58,0,29.217008560363325,29241.22,350894.6,3,9975.21,494406.88,2313434.1,667,1204203.89,11.01,48,0.3411,3.4318,Female,Single,Graduate,Government,Business Loan,0,0,2,0,1,1
21,2,0.9114064550487777,44022.49,528269.88,1,18926.01,800050.79,3472913.58,375,275225.77,13.76,84,0.4299,0.521,Male,Single,Graduate,Government,Agricultural Loan,1,1,2,0,1,0
51,0,8.67866377226373,21940.67,263288.04,3,4111.8,417101.32,1889360.92,795,633973.11,7.72,84,0.1874,2.4079,Male,Married,PhD,Student,Personal Loan,0,1,1,2,4,5
24,3,8.438825093708793,54419.8,653037.62,2,27014.85,683123.96,3151092.4,821,419115.67,10.22,84,0.4964,0.6418,Male,Single,Post Graduate,Student,Business Loan,0,1,2,3,4,1
25,4,29.47109595135837,26893.45,322721.45,4,9150.52,516562.42,1330276.97,500,534342.67,9.93,24,0.3403,1.6557,Female,Single,PhD,Business,Business Loan,1,0,2,2,0,1
50,3,3.979481622718868,18529.04,222348.43,0,3928.14,29386.27,130432.6,645,285244.93,11.2,60,0.212,1.2829,Male,Single,Graduate,Government,Gold Loan,0,1,2,0,1,3
44,2,24.370805442901066,37148.98,445787.79,1,12581.21,618504.57,2029560.09,782,2658859.59,12.68,120,0.3387,5.9644,Female,Divorced,PhD,Self-employed,Education Loan,0,0,0,2,3,2
23,1,8.236615390069328,11523.35,138280.15,0,3005.75,73975.05,85266.3,518,1966173.41,12.89,84,0.2608,14.2188,Female,Divorced,High School,Self-employed,Business Loan,1,0,0,1,3,1
31,1,25.81808939634369,87958.65,1055503.74,1,4909.92,635234.41,2250854.93,359,350076.15,11.69,36,0.0558,0.3317,Male,Married,Post Graduate,Business,Vehicle Loan,0,1,1,3,0,6
24,1,14.632527040209322,58586.49,703037.88,2,23313.48,181614.56,523499.55,849,274563.21,11.49,60,0.3979,0.3905,Male,Divorced,Graduate,Government,Vehicle Loan,0,1,0,0,1,6
46,2,7.267832554571316,44452.74,533432.9,3,12544.02,241157.1,506579.1,520,927620.61,13.64,180,0.2822,1.739,Female,Married,High School,Salaried,Home Loan,1,0,1,1,2,4
47,3,21.29199046771938,13708.74,164504.93,0,5455.02,326490.04,1593771.77,801,168091.65,9.69,60,0.3979,1.0218,Female,Single,PhD,Self-employed,Agricultural Loan,0,0,2,2,3,0
63,2,25.247422902140702,23858.26,286299.16,2,1847.96,251799.46,307266.71,432,870443.68,12.83,36,0.0775,3.0403,Female,Single,High School,Student,Vehicle Loan,1,0,2,1,4,6
47,2,14.104176276362212,37210.08,446521.0,2,10016.16,831221.32,3976155.15,352,489124.72,13.45,240,0.2692,1.0954,Male,Married,Graduate,Self-employed,Agricultural Loan,0,1,1,0,3,0
62,3,21.419678271430694,31012.24,372146.84,4,11887.37,147205.45,240985.36,749,140466.2,10.44,36,0.3833,0.3774,Male,Married,Post Graduate,Government,Education Loan,0,1,1,3,1,2
26,1,5.447475717767225,13185.34,158224.1,2,6515.57,75068.81,188269.03,361,391830.09,12.1,24,0.4942,2.4764,Female,Married,Post Graduate,Self-employed,Home Loan,1,0,1,3,3,4
35,4,28.1283654233448,16483.95,197807.43,4,7289.18,227968.23,608433.69,322,261815.88,9.64,84,0.4422,1.3236,Male,Single,Graduate,Business,Education Loan,1,1,2,0,0,2
50,2,2.8934851914335846,30642.5,367710.05,2,13242.92,276985.21,1086912.7,343,503542.9,8.11,180,0.4322,1.3694,Female,Divorced,Post Graduate,Student,Business Loan,1,0,0,3,4,1
62,2,6.6585212691407545,16815.0,201779.95,3,2080.52,265845.92,495121.23,857,463242.07,11.11,84,0.1237,2.2958,Female,Single,High School,Business,Agricultural Loan,0,0,2,1,0,0
57,3,8.650792982307275,82688.22,992258.61,2,34645.73,885348.63,4377524.31,346,150564.68,8.38,12,0.419,0.1517,Female,Married,Graduate,Salaried,Home Loan,1,0,1,0,2,4
57,4,4.58259000813456,48860.42,586325.08,3,4135.58,960925.08,3839902.16,323,338637.4,10.2,180,0.0846,0.5776,Male,Single,PhD,Salaried,Education Loan,1,1,2,2,2,2
62,2,12.200409965269873,22424.77,269097.27,1,2221.26,245009.89,1019194.74,388,700658.76,13.11,12,0.0991,2.6037,Female,Single,Post Graduate,Salaried,Home Loan,1,0,2,3,2,4
57,0,13.732080836943096,73239.7,878876.39,2,4032.46,1037369.39,1478993.19,473,804138.29,7.6,240,0.0551,0.915,Female,Single,PhD,Salaried,Gold Loan,1,0,2,2,2,3
55,4,15.557677726372598,64901.37,778816.39,2,27829.59,544177.42,1580970.38,875,330894.07,7.21,180,0.4288,0.4249,Male,Divorced,Post Graduate,Government,Vehicle Loan,0,1,0,3,1,6
43,2,1.2239864266683298,43190.46,518285.57,1,2337.78,742571.18,3551300.17,418,638078.45,11.25,84,0.0541,1.2311,Female,Divorced,Post Graduate,Government,Education Loan,1,0,0,3,1,2
26,4,6.573182099321377,35463.11,425557.31,4,2448.93,569498.06,1184706.47,477,547492.57,9.32,24,0.0691,1.2865,Female,Single,Graduate,Government,Agricultural Loan,1,0,2,0,1,0
24,0,24.23289753636062,30361.05,364332.56,3,3732.7,307588.49,486461.84,641,424168.06,9.93,240,0.1229,1.1642,Female,Single,Graduate,Business,Personal Loan,0,0,2,0,0,5
38,0,24.318139637093516,26266.16,315193.94,1,7520.82,193023.15,567792.63,867,641204.27,9.84,180,0.2863,2.0343,Female,Married,High School,Business,Business Loan,0,0,1,1,0,1
29,4,9.900202552630404,16283.78,195405.37,1,7166.33,246282.42,1162840.27,358,211047.07,7.61,48,0.4401,1.08,Female,Single,PhD,Self-employed,Gold Loan,1,0,2,2,3,3
49,1,13.835230843117147,90852.92,1090235.08,0,18998.63,2061678.87,6076102.65,737,442756.98,7.02,24,0.2091,0.4061,Female,Divorced,PhD,Student,Gold Loan,0,0,0,2,4,3
33,4,5.503587831888429,26574.09,318889.11,1,7258.53,107646.06,281961.33,727,122620.39,13.29,84,0.2731,0.3845,Female,Divorced,Graduate,Business,Business Loan,0,0,0,0,0,1
37,3,24.664196712656018,36935.2,443222.43,4,3074.66,715792.48,2577632.97,725,423665.6,8.52,12,0.0832,0.9559,Female,Single,Graduate,Self-employed,Education Loan,0,0,2,0,3,2
52,1,28.700511649363182,21033.07,252396.85,4,2796.83,283711.11,1346928.73,680,1383353.42,9.98,120,0.133,5.4809,Female,Divorced,PhD,Salaried,Education Loan,0,0,0,2,2,2
42,0,8.740585807695169,31080.31,372963.69,4,2081.23,406775.11,486596.51,785,342620.79,13.8,12,0.067,0.9186,Male,Divorced,PhD,Salaried,Agricultural Loan,0,1,0,2,2,0
24,1,23.458137814659974,200880.7,2410568.34,3,41172.39,4644107.64,7493649.33,484,1277010.17,12.79,84,0.205,0.5298,Male,Divorced,Post Graduate,Business,Personal Loan,1,1,0,3,0,5
25,0,10.57167408690368,23491.67,281900.06,3,6933.99,350850.95,537158.85,858,347017.17,7.76,60,0.2952,1.231,Female,Single,Post Graduate,Government,Business Loan,0,0,2,3,1,1
57,0,0.07901764723374227,86608.87,1039306.39,2,12299.3,1741003.63,2335263.75,759,185762.29,10.56,36,0.142,0.1787,Male,Married,Graduate,Self-employed,Education Loan,0,1,1,0,3,2
61,0,17.99183179773079,35714.67,428575.99,1,15107.23,458325.47,1012177.13,401,753372.9,12.11,84,0.423,1.7579,Male,Divorced,PhD,Student,Business Loan,1,1,0,2,4,1
33,3,12.311959602277716,54609.5,655313.96,4,26792.47,368429.93,706367.17,855,641232.4,11.89,48,0.4906,0.9785,Male,Married,Post Graduate,Self-employed,Personal Loan,0,1,1,3,3,5
54,3,22.753050794854794,76630.32,919563.89,1,4603.75,1300667.66,4155327.6,314,2828356.47,12.33,84,0.0601,3.0758,Male,Single,Post Graduate,Government,Education Loan,0,1,2,3,1,2
42,2,22.462922404132396,42760.09,513121.06,2,381.85,950687.99,2195288.47,350,202109.2,10.2,48,0.0089,0.3939,Male,Married,PhD,Government,Personal Loan,0,1,1,2,1,5
43,3,28.380937323675,29406.64,352879.65,2,11612.34,598374.86,1568239.65,608,588381.74,8.23,12,0.3949,1.6674,Female,Married,PhD,Business,Home Loan,0,0,1,2,0,4
23,0,13.13457026728045,32478.88,389746.6,4,3095.93,180659.34,861285.94,333,605393.9,10.25,60,0.0953,1.5533,Female,Married,Graduate,Government,Vehicle Loan,1,0,1,0,1,6
62,4,14.475357106521228,33141.55,397698.54,1,5851.91,274692.03,445721.49,888,1031523.88,11.54,180,0.1766,2.5937,Female,Single,PhD,Government,Vehicle Loan,0,0,2,2,1,6
54,1,12.0121592213965,111148.49,1333781.88,2,21909.1,1432510.14,3658386.37,504,675926.18,11.26,84,0.1971,0.5068,Male,Single,Graduate,Student,Education Loan,0,1,2,0,4,2
52,4,8.908166310681594,14906.08,178872.97,0,6831.45,210874.48,427722.47,369,351349.93,7.49,240,0.4583,1.9642,Male,Single,Post Graduate,Government,Education Loan,1,1,2,3,1,2
41,0,19.135266447299163,12551.1,150613.24,3,4134.57,68500.46,218972.96,529,187801.76,7.45,48,0.3294,1.2469,Male,Single,High School,Salaried,Agricultural Loan,1,1,2,1,2,0
64,4,24.841102888876577,13063.38,156760.57,1,265.25,82172.37,324198.36,779,583791.0,13.76,240,0.0203,3.7241,Male,Divorced,High School,Government,Vehicle Loan,0,1,0,1,1,6
41,1,4.734320236347478,21239.99,254879.91,4,157.28,391944.02,1672798.08,832,596918.89,8.06,180,0.0074,2.342,Male,Single,PhD,Salaried,Agricultural Loan,0,1,2,2,2,0
64,2,29.45517983280055,55273.55,663282.65,2,5515.42,983720.06,3011350.83,407,733169.96,9.06,36,0.0998,1.1054,Female,Married,Graduate,Student,Vehicle Loan,1,0,1,0,4,6
31,2,20.514220909047634,57345.61,688147.32,2,9122.88,1164219.27,5145460.73,540,350968.91,12.37,84,0.1591,0.51,Female,Married,High School,Business,Personal Loan,0,0,1,1,0,5
59,3,23.40333048692922,25222.67,302672.02,2,6110.49,566435.19,2345212.78,550,552672.7,9.87,48,0.2423,1.826,Male,Single,Post Graduate,Salaried,Personal Loan,0,1,2,3,2,5
24,4,29.965637576901123,35699.97,428399.62,3,14955.42,288812.95,470192.17,434,128627.89,8.27,12,0.4189,0.3003,Male,Divorced,Post Graduate,Business,Home Loan,1,1,0,3,0,4
21,3,15.120944897367316,18587.06,223044.7,1,2925.77,386065.91,765072.62,389,194192.07,10.27,240,0.1574,0.8706,Male,Divorced,Graduate,Business,Agricultural Loan,1,1,0,0,0,0
48,3,2.138737696826869,19650.71,235808.49,2,3699.61,320665.58,1182256.18,890,935113.89,10.98,48,0.1883,3.9656,Male,Single,High School,Salaried,Home Loan,0,1,2,1,2,4
44,4,23.7087518081677,51427.08,617124.92,3,8468.44,1184299.74,5802092.98,739,510868.97,10.17,60,0.1647,0.8278,Male,Divorced,Post Graduate,Self-employed,Personal Loan,0,1,0,3,3,5
55,4,26.122980828342342,68091.69,817100.26,0,305.23,494189.43,1237706.72,597,647358.86,13.43,36,0.0045,0.7923,Male,Married,Post Graduate,Government,Home Loan,1,1,1,3,1,4
33,1,4.871914503191253,27279.99,327359.87,1,13028.94,196482.61,377095.58,706,274119.28,8.99,48,0.4776,0.8374,Female,Divorced,PhD,Student,Gold Loan,0,0,0,2,4,3
54,4,0.7241226552761859,96858.76,1162305.07,4,6731.48,1665849.46,7457204.67,607,247616.83,11.63,240,0.0695,0.213,Female,Divorced,High School,Business,Agricultural Loan,0,0,0,1,0,0
31,4,4.074710307800475,64819.59,777835.12,1,9323.24,1448941.41,2605845.54,401,315261.9,7.79,120,0.1438,0.4053,Female,Single,PhD,Self-employed,Business Loan,0,0,2,2,3,1
56,3,9.718992423004671,94375.38,1132504.56,2,6101.52,1884184.07,7140366.31,660,535067.16,9.75,180,0.0647,0.4725,Female,Married,Post Graduate,Business,Agricultural Loan,0,0,1,3,0,0
37,2,27.728431121563972,30316.19,363794.28,4,7435.7,537260.78,610863.51,827,765844.15,12.19,36,0.2453,2.1052,Female,Divorced,Post Graduate,Self-employed,Personal Loan,0,0,0,3,3,5
55,0,0.07401581472553098,90437.27,1085247.25,1,42151.28,896062.57,964093.48,592,362475.42,8.57,36,0.4661,0.334,Male,Divorced,High School,Student,Home Loan,1,1,0,1,4,4
38,2,24.11393687180623,134285.79,1611429.5,4,6761.34,2351162.76,6597990.12,445,117281.71,11.13,120,0.0504,0.0728,Female,Married,High School,Self-employed,Home Loan,1,0,1,1,3,4
60,4,25.645642086343514,28353.04,340236.46,1,6250.38,550763.39,1997156.47,703,609765.71,8.07,180,0.2204,1.7922,Male,Divorced,Graduate,Student,Education Loan,0,1,0,0,4,2
42,0,24.33156978158945,33106.95,397283.43,0,370.38,606703.79,952365.89,301,547786.96,7.72,60,0.0112,1.3788,Female,Married,High School,Government,Education Loan,0,0,1,1,1,2
44,4,2.466430669310938,20565.47,246785.68,0,7926.94,340700.97,1381722.92,418,649097.61,10.66,12,0.3854,2.6302,Female,Divorced,Graduate,Self-employed,Education Loan,1,0,0,0,3,2
39,1,20.37569996567265,18278.32,219339.84,0,5860.27,38092.36,57707.87,490,877821.46,11.73,36,0.3206,4.0021,Female,Single,PhD,Business,Vehicle Loan,1,0,2,2,0,6
57,4,28.61710870497646,18406.69,220880.22,1,6439.57,297699.48,933237.63,302,824099.7,7.79,60,0.3498,3.731,Male,Divorced,High School,Government,Business Loan,1,1,0,1,1,1
59,0,3.6108830556662985,22317.36,267808.37,4,5270.65,267825.71,598107.52,786,1314085.29,13.42,36,0.2362,4.9068,Male,Divorced,PhD,Business,Vehicle Loan,0,1,0,2,0,6
41,1,0.9504539464723971,42823.52,513882.25,0,19434.02,989912.51,3968572.21,476,452586.5,8.58,12,0.4538,0.8807,Female,Divorced,PhD,Business,Vehicle Loan,1,0,0,2,0,6
28,0,26.209770950757886,22890.57,274686.83,3,4687.5,342565.78,1444417.29,556,313156.34,7.84,120,0.2048,1.14,Female,Married,Graduate,Government,Personal Loan,1,0,1,0,1,5
48,1,19.34789005209624,42045.07,504540.9,3,10807.37,630223.17,796832.09,833,1017310.23,8.42,12,0.257,2.0163,Female,Married,Post Graduate,Government,Education Loan,0,0,1,3,1,2
25,3,19.393063972216545,42570.09,510841.04,0,14799.26,1015861.44,1798499.66,776,915005.03,8.19,84,0.3476,1.7912,Female,Single,Graduate,Student,Education Loan,0,0,2,0,4,2
37,0,28.932942867818742,27389.78,328677.4,0,7129.02,86346.82,394654.73,697,367220.82,7.63,84,0.2603,1.1173,Male,Single,Graduate,Self-employed,Personal Loan,0,1,2,0,3,5
57,3,23.09296750767597,34976.01,419712.15,2,3311.1,257258.17,684937.37,795,1071648.48,12.58,120,0.0947,2.5533,Male,Single,PhD,Student,Vehicle Loan,0,1,2,2,4,6
56,3,11.923346569047736,26456.38,317476.54,3,4194.27,425678.56,1237423.5,519,469593.53,10.47,12,0.1585,1.4791,Male,Single,Post Graduate,Salaried,Business Loan,1,1,2,3,2,1
39,4,13.075233519010268,30138.42,361661.07,3,1390.8,248655.06,415774.98,472,1228197.76,9.72,36,0.0461,3.396,Female,Single,High School,Salaried,Home Loan,1,0,2,1,2,4
47,2,4.340789399274226,22352.25,268226.99,0,4834.94,200308.64,997452.72,689,1764489.75,13.65,240,0.2163,6.5783,Female,Married,High School,Student,Gold Loan,0,0,1,1,4,3
54,1,9.121496006960852,38195.11,458341.34,2,11637.9,822372.59,3858729.04,801,3659574.35,9.6,24,0.3047,7.9844,Male,Single,PhD,Student,Education Loan,0,1,2,2,4,2
31,0,13.362111464449724,25328.17,303938.04,4,1501.07,362829.57,365768.01,876,464998.71,8.17,60,0.0593,1.5299,Female,Divorced,Graduate,Self-employed,Vehicle Loan,0,0,0,0,3,6
32,3,7.832562803347386,18040.25,216482.96,2,5687.97,60721.82,194488.26,559,1372774.85,8.92,36,0.3153,6.3413,Male,Single,High School,Government,Home Loan,1,1,2,1,1,4
41,4,27.476185444326738,51847.26,622167.1,2,23146.49,422546.83,1896842.11,430,875961.16,8.67,60,0.4464,1.4079,Male,Single,Graduate,Salaried,Education Loan,1,1,2,0,2,2
31,0,0.35408020855335676,52911.43,634937.2,3,8934.72,145471.66,395993.41,412,943705.37,10.49,120,0.1689,1.4863,Male,Single,Post Graduate,Government,Education Loan,1,1,2,3,1,2
59,4,17.610662690411036,70757.88,849094.5,0,7855.3,975821.04,2680831.22,319,621285.19,9.04,12,0.111,0.7317,Male,Single,High School,Business,Gold Loan,0,1,2,1,0,3
48,0,23.148243871087583,19640.75,235688.95,0,8769.65,97912.43,246483.64,514,946838.34,10.61,36,0.4465,4.0173,Female,Married,High School,Business,Vehicle Loan,1,0,1,1,0,6
25,4,21.963269894297333,27212.82,326553.89,0,9414.89,563676.87,628676.34,609,147374.55,11.69,84,0.346,0.4513,Male,Single,High School,Government,Business Loan,0,1,2,1,1,1
37,4,19.311988773870908,41701.7,500420.43,2,2197.57,595426.2,2477647.8,550,432322.22,12.44,120,0.0527,0.8639,Male,Married,PhD,Business,Personal Loan,1,1,1,2,0,5
40,2,12.310064837923123,26870.28,322443.34,2,5483.04,63565.4,179708.34,787,262292.28,11.97,36,0.2041,0.8135,Female,Single,Post Graduate,Salaried,Home Loan,0,0,2,3,2,4
61,3,27.554316981160117,51151.5,613818.06,1,17240.35,405127.09,1265723.41,681,245317.05,8.44,48,0.337,0.3997,Female,Married,Graduate,Salaried,Agricultural Loan,0,0,1,0,2,0
32,1,9.868390139114037,48960.04,587520.48,4,14060.93,743006.13,1502908.56,708,140308.43,7.81,84,0.2872,0.2388,Male,Single,Graduate,Business,Agricultural Loan,0,1,2,0,0,0
26,1,22.50402378851795,48415.59,580987.12,1,14973.66,422012.65,1745644.32,570,290287.91,10.8,60,0.3093,0.4996,Male,Divorced,Post Graduate,Salaried,Home Loan,1,1,0,3,2,4
37,0,27.79952915395286,87186.11,1046233.35,4,24723.16,1116249.33,4660334.45,706,384877.2,8.39,240,0.2836,0.3679,Female,Married,Graduate,Business,Vehicle Loan,0,0,1,0,0,6
39,0,3.851508687585956,53447.02,641364.29,1,21327.0,1171309.33,3761874.56,493,512700.66,7.59,12,0.399,0.7994,Female,Married,PhD,Self-employed,Home Loan,0,0,1,2,3,4
46,2,28.412431440573005,39828.37,477940.4,1,6381.04,360479.67,1664879.57,740,438036.37,10.69,60,0.1602,0.9165,Female,Single,Graduate,Self-employed,Agricultural Loan,0,0,2,0,3,0
64,0,23.28098103740972,32334.13,388009.6,1,11453.76,282117.76,412889.77,612,1026710.92,9.29,12,0.3542,2.6461,Female,Married,PhD,Government,Agricultural Loan,0,0,1,2,1,0
64,1,18.497749891235944,33714.44,404573.29,1,16706.84,669380.24,2775589.63,378,216035.5,12.29,180,0.4955,0.534,Male,Married,PhD,Business,Personal Loan,1,1,1,2,0,5
52,3,11.201961168748868,19177.13,230125.61,2,3739.15,159772.37,516757.63,479,93439.98,9.2,120,0.195,0.406,Female,Married,Post Graduate,Self-employed,Agricultural Loan,1,0,1,3,3,0
26,2,27.127962755392797,12588.94,151067.27,4,4979.23,35161.44,67652.45,313,676819.89,13.85,60,0.3955,4.4803,Female,Divorced,PhD,Self-employed,Agricultural Loan,1,0,0,2,3,0
56,0,1.3212880864173993,47966.29,575595.44,1,5902.47,247589.21,378617.16,545,426180.09,12.31,84,0.1231,0.7404,Male,Single,High School,Salaried,Home Loan,1,1,2,1,2,4
58,2,12.954871663365129,75673.23,908078.78,1,10666.02,1727045.19,3806456.24,313,419159.71,7.4,48,0.1409,0.4616,Female,Divorced,PhD,Government,Vehicle Loan,1,0,0,2,1,6
31,2,22.699016927522788,29790.09,357481.07,0,13924.84,669256.23,2961635.29,398,250139.01,10.56,240,0.4674,0.6997,Male,Divorced,Graduate,Government,Personal Loan,1,1,0,0,1,5
53,2,24.334213273715037,94113.47,1129361.68,2,1220.57,580743.95,2410364.63,332,915576.89,10.94,36,0.013,0.8107,Female,Single,Post Graduate,Self-employed,Gold Loan,0,0,2,3,3,3
44,0,6.068354919924108,32666.08,391992.97,3,3551.25,448523.03,1605950.04,735,316395.47,11.87,24,0.1087,0.8071,Female,Divorced,Graduate,Self-employed,Business Loan,0,0,0,0,3,1
43,4,1.4281395604764313,11245.65,134947.82,0,2715.38,46775.91,63676.42,556,218194.32,10.48,120,0.2415,1.6169,Male,Divorced,High School,Government,Vehicle Loan,1,1,0,1,1,6
35,0,24.08553465760804,63003.75,756045.02,3,12658.95,1040669.85,5015323.69,333,1688597.47,10.38,24,0.2009,2.2335,Male,Married,PhD,Salaried,Business Loan,1,1,1,2,2,1
47,0,12.656768031635458,27239.6,326875.19,1,8569.17,143335.68,318457.56,318,769317.65,9.58,84,0.3146,2.3536,Male,Married,High School,Student,Gold Loan,0,1,1,1,4,3
31,0,4.305711902477004,66520.62,798247.4,4,6409.99,142698.68,489171.06,559,428426.02,8.9,180,0.0964,0.5367,Male,Single,PhD,Salaried,Home Loan,1,1,2,2,2,4
37,0,2.5670504432439287,16873.23,202478.74,3,595.18,337002.68,1419592.63,888,62755.8,13.62,36,0.0353,0.3099,Female,Single,High School,Student,Business Loan,0,0,2,1,4,1
34,0,19.219187115403063,46500.88,558010.55,3,8587.16,394523.17,604181.99,715,366465.73,9.22,36,0.1847,0.6567,Male,Divorced,High School,Government,Personal Loan,0,1,0,1,1,5
47,2,17.484535968069153,22465.21,269582.57,3,5889.88,78538.73,283429.55,436,434828.36,7.44,36,0.2622,1.613,Male,Single,High School,Government,Business Loan,1,1,2,1,1,1
38,2,25.619711301044916,40980.14,491761.72,4,11515.46,826970.72,933802.1,658,1426801.24,8.17,12,0.281,2.9014,Male,Single,High School,Government,Home Loan,0,1,2,1,1,4
48,0,0.9470103681745246,57524.37,690292.48,0,17300.27,1066222.42,1500342.61,878,109099.76,13.0,240,0.3007,0.158,Female,Married,High School,Business,Vehicle Loan,0,0,1,1,0,6
24,3,26.052816995025996,50043.13,600517.61,2,13728.38,837043.7,3258255.01,415,1541405.84,11.11,60,0.2743,2.5668,Male,Divorced,High School,Business,Gold Loan,1,1,0,1,0,3
27,3,26.617293282169648,37858.87,454306.5,4,4651.95,831332.44,1347031.75,703,627529.84,12.45,240,0.1229,1.3813,Female,Married,PhD,Business,Gold Loan,0,0,1,2,0,3
55,4,13.388990323875769,15881.73,190580.73,0,6071.19,194586.11,539787.09,501,168372.44,12.66,60,0.3823,0.8835,Male,Married,Graduate,Government,Home Loan,1,1,1,0,1,4
29,3,2.299993434562846,56286.3,675435.64,1,2470.41,222066.32,442651.51,675,924910.88,12.76,120,0.0439,1.3694,Male,Married,Post Graduate,Self-employed,Vehicle Loan,0,1,1,3,3,6
28,1,28.402296138069445,67430.87,809170.49,0,6687.59,162573.64,436496.9,549,363997.22,10.85,12,0.0992,0.4498,Female,Divorced,Post Graduate,Government,Agricultural Loan,0,0,0,3,1,0
37,1,2.1608971598451268,19422.78,233073.34,3,7180.39,161677.99,211617.24,745,117066.57,8.24,240,0.3697,0.5023,Female,Divorced,Graduate,Student,Agricultural Loan,0,0,0,0,4,0
37,3,17.72025931338546,21213.28,254559.31,0,2966.95,63578.5,255560.28,577,310042.41,8.04,12,0.1399,1.218,Female,Divorced,PhD,Salaried,Home Loan,1,0,0,2,2,4
53,0,14.79469508018463,69156.99,829883.88,0,17063.57,920944.07,1212114.09,411,542490.38,11.02,48,0.2467,0.6537,Male,Married,PhD,Student,Business Loan,1,1,1,2,4,1
52,3,25.05259368984175,32046.24,384554.85,1,5242.73,42732.93,185959.11,772,464887.05,9.57,120,0.1636,1.2089,Male,Single,Post Graduate,Salaried,Education Loan,0,1,2,3,2,2
28,1,15.07820558117879,21545.71,258548.52,1,5461.64,241453.2,881409.33,691,740279.07,10.91,240,0.2535,2.8632,Male,Divorced,Post Graduate,Student,Vehicle Loan,0,1,0,3,4,6
39,3,14.073608451181403,42767.45,513209.44,0,7412.79,218310.17,582089.64,442,1064424.13,10.49,12,0.1733,2.0741,Female,Single,High School,Salaried,Vehicle Loan,0,0,2,1,2,6
58,2,26.419504391366758,24757.54,297090.48,4,12307.07,234457.99,1047076.76,331,183715.91,11.22,84,0.4971,0.6184,Female,Married,Graduate,Self-employed,Personal Loan,1,0,1,0,3,5
23,4,28.92030248294508,39999.62,479995.46,1,7149.48,661025.1,1153174.89,480,435076.22,7.22,60,0.1787,0.9064,Male,Divorced,High School,Salaried,Education Loan,0,1,0,1,2,2
25,2,16.47810325196421,28341.32,340095.81,3,8885.7,257117.16,529213.16,878,271585.94,7.23,36,0.3135,0.7986,Female,Single,High School,Government,Agricultural Loan,0,0,2,1,1,0
33,2,13.64171792525159,29836.67,358040.06,4,13252.6,264078.93,408924.81,815,162894.16,12.05,24,0.4442,0.455,Female,Divorced,High School,Student,Gold Loan,0,0,0,1,4,3
51,4,24.932854296432065,70702.66,848431.88,0,22551.85,1681822.97,4248746.93,568,424441.15,8.35,12,0.319,0.5003,Male,Married,Graduate,Business,Home Loan,0,1,1,0,0,4
36,0,24.93280384169494,10000.0,120000.0,3,2829.29,175327.39,867332.79,535,624891.27,11.57,24,0.2829,5.2074,Male,Divorced,Graduate,Self-employed,Gold Loan,1,1,0,0,3,3
52,4,9.581451482559961,50657.9,607894.79,3,14417.98,649374.46,1067642.72,576,655099.02,10.83,48,0.2846,1.0777,Male,Married,Graduate,Student,Vehicle Loan,1,1,1,0,4,6
42,0,17.286709662660115,64040.47,768485.61,4,15896.79,917420.68,3966840.73,852,322491.02,13.87,84,0.2482,0.4196,Male,Married,High School,Self-employed,Business Loan,0,1,1,1,3,1
49,1,4.623509440667988,25004.31,300051.73,0,10096.5,381670.81,1376885.2,574,197541.66,12.85,60,0.4038,0.6584,Male,Single,PhD,Business,Home Loan,1,1,2,2,0,4
42,3,19.06625968137967,63745.84,764950.09,3,1607.16,99777.17,106088.72,385,264156.31,9.89,48,0.0252,0.3453,Male,Married,Graduate,Business,Agricultural Loan,1,1,1,0,0,0
63,1,25.019670406285503,20426.44,245117.33,1,9040.03,58135.41,277861.72,362,98571.2,11.31,180,0.4426,0.4021,Male,Married,High School,Business,Gold Loan,1,1,1,1,0,3
23,1,5.625452546166747,24440.82,293289.81,1,7164.73,389375.35,1901851.34,703,170852.75,7.82,120,0.2931,0.5825,Male,Divorced,PhD,Business,Home Loan,0,1,0,2,0,4
30,1,9.691411389742553,22808.76,273705.07,4,9680.87,214009.62,1005760.23,491,183120.86,9.7,48,0.4244,0.669,Male,Married,Post Graduate,Business,Gold Loan,1,1,1,3,0,3
62,3,13.468028511672985,64265.31,771183.75,1,333.95,146217.27,439669.28,592,869996.08,12.14,60,0.0052,1.1281,Male,Married,High School,Government,Home Loan,0,1,1,1,1,4
41,0,25.352401923774426,12746.75,152960.97,2,5540.22,99970.25,188094.09,330,869368.97,11.36,60,0.4346,5.6836,Female,Married,Post Graduate,Salaried,Gold Loan,1,0,1,3,2,3
36,4,21.941100337220295,97157.47,1165889.63,0,5836.13,388291.64,995990.85,629,2430445.91,10.39,36,0.0601,2.0846,Male,Married,Post Graduate,Business,Gold Loan,0,1,1,3,0,3
32,0,9.506111647200656,30243.51,362922.11,3,10906.08,667632.06,2307847.94,406,536199.44,8.24,240,0.3606,1.4775,Male,Single,Graduate,Student,Home Loan,1,1,2,0,4,4
22,0,7.291006610111611,52519.89,630238.72,3,10937.83,297645.15,748680.4,575,300406.3,12.62,60,0.2083,0.4767,Male,Divorced,High School,Student,Personal Loan,1,1,0,1,4,5
61,2,20.87114130138363,49872.49,598469.84,4,16983.39,214695.94,822862.27,897,446670.95,8.91,24,0.3405,0.7464,Female,Divorced,Graduate,Business,Home Loan,0,0,0,0,0,4
44,3,14.39662395120397,39764.87,477178.41,4,12489.94,612453.83,2561466.98,855,386396.22,12.74,48,0.3141,0.8098,Female,Married,PhD,Self-employed,Business Loan,0,0,1,2,3,1
55,0,17.80662673648208,25326.04,303912.47,3,2069.09,329339.17,605184.3,381,266898.73,11.28,48,0.0817,0.8782,Male,Single,Graduate,Business,Gold Loan,1,1,2,0,0,3
50,0,19.460923778281657,76528.89,918346.63,1,19691.41,1090264.67,2856240.09,363,571453.22,9.61,60,0.2573,0.6223,Male,Single,Post Graduate,Government,Education Loan,0,1,2,3,1,2
50,1,16.760602005957523,26664.52,319974.28,4,3696.11,294024.56,1420426.04,866,516424.4,7.28,180,0.1386,1.614,Male,Married,Post Graduate,Salaried,Vehicle Loan,0,1,1,3,2,6
55,2,18.39216089646139,23417.78,281013.35,2,6562.09,275039.34,549866.13,885,414129.88,8.63,60,0.2802,1.4737,Female,Married,High School,Student,Personal Loan,0,0,1,1,4,5
39,4,26.625094575372742,61489.77,737877.29,4,22689.83,1162915.75,2774472.72,428,349608.32,13.22,12,0.369,0.4738,Female,Divorced,PhD,Business,Business Loan,1,0,0,2,0,1
28,2,26.045967824324336,39634.28,475611.4,1,1610.31,240112.82,274363.0,555,733454.74,12.73,24,0.0406,1.5421,Male,Divorced,Post Graduate,Salaried,Home Loan,0,1,0,3,2,4
46,1,4.471028197782882,82017.91,984214.95,0,21150.88,830035.54,1933538.05,530,284078.73,11.02,36,0.2579,0.2886,Male,Divorced,High School,Salaried,Vehicle Loan,0,1,0,1,2,6
60,1,17.59490143757472,34975.38,419704.59,2,10800.92,805482.5,2000597.5,796,320447.27,10.26,36,0.3088,0.7635,Male,Divorced,High School,Business,Business Loan,0,1,0,1,0,1
27,1,13.179059900077313,24574.75,294897.0,4,3629.29,131958.33,184654.86,436,646977.1,11.53,84,0.1477,2.1939,Female,Married,Graduate,Salaried,Personal Loan,1,0,1,0,2,5
50,3,8.565602251955545,42823.66,513883.95,0,20405.55,332174.27,334090.58,754,993693.19,10.26,240,0.4765,1.9337,Female,Married,Post Graduate,Student,Education Loan,0,0,1,3,4,2
27,1,18.93442228253395,27762.17,333146.08,0,7222.37,150083.4,495518.64,654,923670.09,11.51,12,0.2602,2.7726,Female,Divorced,Graduate,Business,Agricultural Loan,0,0,0,0,0,0
23,0,15.326506022703676,25005.39,300064.62,3,2281.96,36792.83,81168.91,784,359450.21,9.15,84,0.0913,1.1979,Male,Divorced,Post Graduate,Self-employed,Vehicle Loan,0,1,0,3,3,6
21,3,23.24712195989399,59822.25,717866.98,1,3224.07,431084.4,461818.72,445,160897.37,12.87,240,0.0539,0.2241,Female,Married,Post Graduate,Business,Business Loan,1,0,1,3,0,1
56,1,2.802929687750888,108981.46,1307777.5,3,29515.42,225455.53,1000972.32,332,350952.97,11.91,48,0.2708,0.2684,Male,Divorced,PhD,Student,Home Loan,1,1,0,2,4,4
45,3,9.0804224811631,31323.47,375881.64,1,5876.88,142764.79,476497.29,559,469209.35,9.31,36,0.1876,1.2483,Female,Married,Graduate,Business,Education Loan,0,0,1,0,0,2
57,0,0.7734677648328891,20234.72,242816.66,0,1948.07,189026.45,318447.83,386,181429.3,12.81,84,0.0963,0.7472,Male,Divorced,High School,Business,Home Loan,1,1,0,1,0,4
21,1,22.37879260906441,33121.11,397453.35,4,508.38,48906.24,218170.06,564,345767.95,10.41,84,0.0153,0.87,Male,Married,Graduate,Business,Business Loan,1,1,1,0,0,1
35,1,27.373719990252503,49458.08,593496.97,1,14011.48,905973.17,1824941.52,841,1162030.24,8.22,24,0.2833,1.9579,Male,Single,PhD,Government,Vehicle Loan,0,1,2,2,1,6
57,0,17.62129021945912,42382.37,508588.42,1,12685.05,817918.14,1562046.11,691,497814.8,7.54,60,0.2993,0.9788,Male,Married,Post Graduate,Government,Home Loan,0,1,1,3,1,4
33,1,18.50937478998118,74350.0,892200.06,0,5271.51,777888.22,3561589.41,531,287083.43,11.9,12,0.0709,0.3218,Female,Single,Graduate,Student,Business Loan,1,0,2,0,4,1
60,0,1.3927536499077176,54125.13,649501.58,2,16284.58,1279914.18,2198676.92,887,452739.02,13.06,240,0.3009,0.6971,Male,Single,Graduate,Salaried,Education Loan,0,1,2,0,2,2
28,1,15.113438947086333,18731.36,224776.3,0,8915.87,311256.36,1405616.04,746,473069.42,12.65,240,0.476,2.1046,Female,Divorced,PhD,Business,Agricultural Loan,0,0,0,2,0,0
25,1,15.806166978546088,27011.26,324135.09,0,13212.5,489055.02,2059847.53,428,328180.58,11.59,36,0.4891,1.0125,Female,Single,Post Graduate,Business,Education Loan,1,0,2,3,0,2
29,2,1.1692345727826692,15859.11,190309.35,1,7045.35,86002.54,192569.15,570,820692.58,7.99,60,0.4442,4.3124,Female,Divorced,Post Graduate,Government,Vehicle Loan,1,0,0,3,1,6
21,3,23.471614192487475,72172.01,866064.15,0,29124.24,1462281.85,1663474.76,388,102465.19,7.66,36,0.4035,0.1183,Female,Single,High School,Self-employed,Vehicle Loan,1,0,2,1,3,6
56,4,8.349604122849199,10991.39,131896.7,3,1150.62,249901.01,332441.42,765,645260.16,9.42,120,0.1047,4.8922,Male,Single,Post Graduate,Government,Gold Loan,0,1,2,3,1,3
55,2,21.703410204337498,16814.56,201774.75,0,1315.19,108203.96,155609.53,469,279702.59,12.98,12,0.0782,1.3862,Male,Divorced,Post Graduate,Salaried,Education Loan,1,1,0,3,2,2
22,2,12.087760406094732,26713.34,320560.14,4,5943.02,448481.76,2046509.89,427,1021276.23,13.73,60,0.2225,3.1859,Female,Married,Post Graduate,Business,Business Loan,1,0,1,3,0,1
60,3,29.86938412344323,50937.28,611247.42,0,15781.18,926021.71,2422606.05,473,159577.7,8.69,84,0.3098,0.2611,Male,Divorced,Post Graduate,Business,Gold Loan,1,1,0,3,0,3
43,2,6.366154386214031,26555.92,318671.03,0,11295.28,212949.02,240657.74,325,937395.79,12.33,120,0.4253,2.9416,Male,Single,Post Graduate,Student,Home Loan,1,1,2,3,4,4
29,0,1.7470677387180156,29169.02,350028.2,4,3383.07,347846.56,1122220.44,872,235292.72,11.02,36,0.116,0.6722,Male,Divorced,High School,Self-employed,Vehicle Loan,0,1,0,1,3,6
54,2,29.397164796014657,29515.87,354190.41,2,7078.61,95731.74,175377.58,810,572397.37,7.22,120,0.2398,1.6161,Female,Divorced,Post Graduate,Student,Business Loan,0,0,0,3,4,1
34,4,7.315260542266948,40282.39,483388.63,2,13040.22,200653.83,389369.6,787,304979.58,10.8,48,0.3237,0.6309,Female,Single,Graduate,Self-employed,Personal Loan,0,0,2,0,3,5
24,0,19.059935613474888,17460.44,209525.29,2,3890.13,42186.56,69327.99,878,1090086.69,12.64,84,0.2228,5.2026,Male,Single,Graduate,Self-employed,Business Loan,0,1,2,0,3,1
50,3,11.237046594456844,20572.16,246865.87,3,4671.87,285619.82,1156213.57,705,379699.66,8.93,60,0.2271,1.5381,Male,Single,Post Graduate,Self-employed,Home Loan,0,1,2,3,3,4
51,3,19.188835705039804,99563.83,1194765.95,4,11206.76,1531395.9,1535150.24,325,248091.28,13.28,48,0.1126,0.2076,Male,Divorced,Graduate,Self-employed,Gold Loan,1,1,0,0,3,3
58,3,17.88175768264425,46232.55,554790.65,3,22807.93,1020387.16,2812122.37,382,1354956.35,8.65,84,0.4933,2.4423,Female,Divorced,High School,Student,Education Loan,1,0,0,1,4,2
31,0,21.21821643867789,57323.69,687884.31,3,13619.92,772164.51,1040479.84,663,353585.79,7.54,36,0.2376,0.514,Female,Divorced,Graduate,Business,Vehicle Loan,0,0,0,0,0,6
55,3,0.5533006793007567,37602.17,451226.08,3,10016.13,262991.91,844072.12,666,671604.99,8.12,36,0.2664,1.4884,Female,Married,High School,Business,Vehicle Loan,0,0,1,1,0,6
28,3,25.08582651462003,33383.99,400607.93,4,3648.19,79049.68,188452.01,359,937747.02,12.86,60,0.1093,2.3408,Female,Divorced,High School,Student,Business Loan,1,0,0,1,4,1
23,4,14.359975926607172,47775.99,573311.92,1,12281.7,1020204.76,1135902.43,850,218907.76,9.92,60,0.2571,0.3818,Male,Married,PhD,Government,Agricultural Loan,0,1,1,2,1,0
34,1,15.565584050143293,56194.17,674329.98,1,7174.58,675101.86,1919920.09,591,620051.01,12.58,240,0.1277,0.9195,Female,Single,Graduate,Salaried,Home Loan,0,0,2,0,2,4
33,1,12.330755731203777,60333.66,724003.9,2,6103.84,1083496.31,3556405.45,490,690898.26,10.72,48,0.1012,0.9543,Male,Married,Graduate,Self-employed,Business Loan,1,1,1,0,3,1
52,1,29.681474468191414,33659.96,403919.51,3,4640.4,45001.18,89580.07,760,128286.04,10.36,60,0.1379,0.3176,Female,Divorced,Post Graduate,Student,Home Loan,0,0,0,3,4,4
54,3,24.047141222841113,64423.0,773075.96,2,88.89,787712.55,3199725.87,532,572889.1,12.65,240,0.0014,0.7411,Female,Single,Post Graduate,Self-employed,Vehicle Loan,0,0,2,3,3,6
39,0,9.341801250894253,10000.0,120000.0,3,2850.76,84916.2,210948.41,773,333324.65,9.96,48,0.2851,2.7777,Male,Married,PhD,Self-employed,Gold Loan,0,1,1,2,3,3
58,3,23.49213824366263,62029.92,744359.1,2,12017.68,105303.2,420937.53,704,1617102.93,12.61,36,0.1937,2.1725,Male,Single,Post Graduate,Self-employed,Education Loan,0,1,2,3,3,2
36,1,13.109805817657929,28109.32,337311.82,0,12630.77,529592.9,1756163.39,570,884604.22,7.7,120,0.4493,2.6225,Female,Single,Graduate,Student,Vehicle Loan,1,0,2,0,4,6
22,4,26.100400280869422,50616.33,607395.92,4,1030.22,647723.87,2899867.73,433,628606.91,11.45,120,0.0204,1.0349,Female,Married,High School,Business,Vehicle Loan,1,0,1,1,0,6
60,3,0.925394857936066,24597.58,295170.97,3,531.31,213092.42,679274.53,470,86416.8,11.92,180,0.0216,0.2928,Male,Single,PhD,Government,Home Loan,1,1,2,2,1,4
37,3,10.662194959574336,16382.73,196592.81,3,7256.52,320009.93,557620.12,714,631585.63,13.29,48,0.4429,3.2127,Female,Single,High School,Government,Education Loan,1,0,2,1,1,2
54,3,12.89457467885165,44525.73,534308.71,3,2819.47,502216.33,2154691.23,327,240679.34,8.57,48,0.0633,0.4504,Female,Divorced,Post Graduate,Student,Vehicle Loan,1,0,0,3,4,6
62,0,22.327487391816515,14751.23,177014.75,4,15.93,15938.01,65858.1,435,889862.98,11.23,240,0.0011,5.0271,Female,Single,High School,Salaried,Home Loan,1,0,2,1,2,4
36,4,5.469007997673687,28572.32,342867.79,0,2555.99,649228.6,3174353.42,704,389284.65,10.03,120,0.0895,1.1354,Male,Married,PhD,Government,Personal Loan,0,1,1,2,1,5
58,4,8.588432831815352,22304.47,267653.59,1,9188.06,153470.4,210918.62,804,292064.88,9.68,36,0.4119,1.0912,Female,Married,Graduate,Government,Agricultural Loan,0,0,1,0,1,0
22,4,21.716408771587922,32695.1,392341.19,4,13122.41,657277.33,2211688.69,540,311983.53,7.75,240,0.4014,0.7952,Male,Divorced,Graduate,Self-employed,Vehicle Loan,1,1,0,0,3,6
22,4,2.3053097762946253,58590.36,703084.33,0,9964.23,1158774.02,3437706.99,743,329003.65,7.94,60,0.1701,0.4679,Female,Divorced,PhD,Student,Personal Loan,0,0,0,2,4,5
46,1,6.033728843011332,27067.6,324811.24,2,9041.0,128154.28,472054.83,733,150575.2,12.86,48,0.334,0.4636,Female,Married,High School,Business,Education Loan,0,0,1,1,0,2
33,3,22.600996870255244,43859.5,526313.95,3,11123.86,522018.42,2568706.19,527,167240.07,12.25,12,0.2536,0.3178,Female,Married,PhD,Student,Education Loan,1,0,1,2,4,2
51,4,26.265859527986564,56591.13,679093.62,3,25599.99,108913.97,340801.43,808,338274.53,9.68,240,0.4524,0.4981,Male,Divorced,Graduate,Student,Vehicle Loan,0,1,0,0,4,6
54,2,21.864841523897642,25226.42,302716.99,1,711.68,230939.98,864397.84,602,1535105.0,12.8,84,0.0282,5.0711,Male,Married,High School,Government,Agricultural Loan,0,1,1,1,1,0
59,2,15.814148553925591,25446.87,305362.4,2,10346.43,453272.65,1082802.07,333,783534.65,7.57,24,0.4066,2.5659,Male,Single,Post Graduate,Self-employed,Business Loan,1,1,2,3,3,1
23,1,2.9718390357232813,82586.16,991033.87,0,7044.54,532895.25,1170175.06,301,841720.96,11.37,120,0.0853,0.8493,Male,Divorced,Graduate,Student,Gold Loan,1,1,0,0,4,3
28,2,24.816772289408867,34626.23,415514.78,2,6780.18,127907.31,299454.83,661,1152890.1,13.08,36,0.1958,2.7746,Female,Divorced,PhD,Business,Home Loan,0,0,0,2,0,4
43,2,3.7211699151334567,49290.33,591484.01,2,4730.82,624204.99,720601.94,494,553984.76,12.87,84,0.096,0.9366,Male,Divorced,Graduate,Self-employed,Home Loan,1,1,0,0,3,4
34,2,11.552353593342628,49066.74,588800.86,1,17237.5,655074.66,1401180.18,607,307017.22,9.61,180,0.3513,0.5214,Female,Divorced,Post Graduate,Self-employed,Gold Loan,0,0,0,3,3,3
47,1,1.514980330359993,17698.01,212376.11,0,6002.51,292797.02,495349.78,549,318447.52,12.22,36,0.3392,1.4995,Male,Single,High School,Business,Agricultural Loan,1,1,2,1,0,0
49,3,21.29025284638248,23005.18,276062.1,1,6302.24,424679.4,1201720.36,446,228526.84,9.99,60,0.2739,0.8278,Female,Divorced,PhD,Business,Personal Loan,1,0,0,2,0,5
59,1,15.10484893179638,45488.21,545858.5,0,15879.09,773464.18,2199189.96,645,846450.06,12.88,84,0.3491,1.5507,Female,Divorced,Graduate,Business,Business Loan,0,0,0,0,0,1
59,0,27.2282320024631,10505.05,126060.56,4,3359.33,214770.23,872164.57,647,209191.31,10.72,12,0.3198,1.6595,Female,Married,Graduate,Student,Business Loan,0,0,1,0,4,1
21,0,4.162274867837392,31991.37,383896.43,4,12419.72,196006.28,589815.54,553,2355526.72,12.35,120,0.3882,6.1358,Male,Divorced,PhD,Self-employed,Education Loan,1,1,0,2,3,2
37,2,24.574978511304376,21608.23,259298.8,3,2586.58,304776.24,869321.31,698,214845.26,7.55,48,0.1197,0.8286,Female,Married,High School,Self-employed,Vehicle Loan,0,0,1,1,3,6
61,2,15.320062738725852,70707.27,848487.25,1,15163.62,656318.55,1264401.13,633,1176816.71,11.13,120,0.2145,1.387,Male,Married,Post Graduate,Salaried,Home Loan,0,1,1,3,2,4
50,3,10.982771500716215,44697.34,536368.08,4,3388.65,1033786.19,4558914.45,475,1181907.87,10.85,120,0.0758,2.2035,Male,Married,PhD,Salaried,Home Loan,1,1,1,2,2,4
33,2,19.307006576580925,74216.95,890603.35,2,15941.56,825769.58,1126352.69,424,729039.42,11.27,60,0.2148,0.8186,Female,Single,Graduate,Salaried,Vehicle Loan,0,0,2,0,2,6
41,0,23.712521099843105,35472.93,425675.19,2,12445.53,818481.89,4034447.71,697,1617605.73,11.87,180,0.3508,3.8001,Male,Divorced,Post Graduate,Student,Vehicle Loan,0,1,0,3,4,6
39,2,13.208558202337327,33916.83,407001.9,4,11724.9,633854.93,1840904.85,430,378137.09,13.43,180,0.3457,0.9291,Male,Divorced,High School,Student,Home Loan,1,1,0,1,4,4
39,3,6.984170410132535,30243.67,362924.08,1,10727.84,530010.36,924310.5,861,490222.16,12.5,60,0.3547,1.3508,Female,Married,PhD,Business,Home Loan,0,0,1,2,0,4
45,0,27.47367448494904,26853.69,322244.23,3,4145.77,330460.53,798826.27,706,529422.05,8.54,60,0.1544,1.6429,Male,Divorced,High School,Student,Home Loan,0,1,0,1,4,4
42,2,9.389932324319672,181823.88,2181886.56,2,60203.16,2036008.73,2161184.03,633,709344.3,12.78,120,0.3311,0.3251,Male,Married,Post Graduate,Self-employed,Vehicle Loan,0,1,1,3,3,6
51,3,29.947093316925248,58941.56,707298.71,3,10829.52,772759.7,1287487.76,319,103241.55,7.85,84,0.1837,0.146,Male,Divorced,High School,Self-employed,Business Loan,1,1,0,1,3,1
37,3,23.019747868695774,19154.38,229852.6,2,9045.58,148514.67,347726.2,504,406399.03,11.36,48,0.4722,1.7681,Female,Married,Post Graduate,Government,Personal Loan,1,0,1,3,1,5
43,0,20.63457524740976,176943.42,2123321.09,0,30378.21,3858026.4,12413821.51,654,879042.78,13.18,24,0.1717,0.414,Male,Married,Graduate,Government,Home Loan,0,1,1,0,1,4
52,0,0.37199183495660093,28481.56,341778.69,4,8587.45,548828.36,833079.4,472,328557.58,7.71,180,0.3015,0.9613,Female,Married,Post Graduate,Student,Agricultural Loan,1,0,1,3,4,0
30,0,13.455939777852734,44032.85,528394.19,1,16515.53,855650.93,3169205.41,488,2121557.81,12.95,36,0.3751,4.0151,Female,Single,PhD,Government,Agricultural Loan,0,0,2,2,1,0
30,3,15.073832270621326,63815.95,765791.39,2,28921.63,699584.43,3062155.17,301,490129.53,12.59,24,0.4532,0.64,Male,Married,Post Graduate,Student,Personal Loan,1,1,1,3,4,5
56,0,11.291291885603739,14432.35,173188.23,4,3160.17,38029.91,125094.0,467,667715.43,10.53,120,0.219,3.8554,Female,Single,Post Graduate,Business,Home Loan,1,0,2,3,0,4
28,0,4.4991930150422235,22105.99,265271.89,3,3984.44,369408.31,808119.75,667,1530028.75,9.16,84,0.1802,5.7678,Female,Single,Graduate,Business,Vehicle Loan,0,0,2,0,0,6
40,3,11.023513327653246,97625.98,1171511.72,1,20990.96,938333.29,1393959.13,835,490679.45,9.84,180,0.215,0.4188,Male,Married,High School,Government,Gold Loan,0,1,1,1,1,3
52,3,2.2492002357302656,31732.69,380792.33,1,5135.88,667017.98,708466.64,879,1510158.58,13.78,84,0.1618,3.9658,Male,Single,Graduate,Student,Personal Loan,0,1,2,0,4,5
34,0,8.727567591001257,66118.38,793420.58,4,21618.21,1252796.81,4919995.33,669,705397.63,8.41,120,0.327,0.8891,Male,Divorced,PhD,Government,Agricultural Loan,0,1,0,2,1,0
48,0,2.5103782686918596,27664.88,331978.53,4,12901.75,120136.04,422148.13,895,706490.21,11.06,24,0.4664,2.1281,Female,Single,Post Graduate,Self-employed,Agricultural Loan,0,0,2,3,3,0
44,0,22.572703614674545,34302.18,411626.18,4,2162.26,509025.91,1478788.3,736,217221.11,7.58,24,0.063,0.5277,Male,Single,Graduate,Student,Gold Loan,0,1,2,0,4,3
35,3,20.134718795233002,105995.73,1271948.8,0,29727.67,1793545.35,2525279.95,506,1072141.02,8.53,84,0.2805,0.8429,Male,Single,PhD,Salaried,Home Loan,0,1,2,2,2,4
42,4,28.19799410487212,47216.91,566602.91,0,21192.1,664208.02,1214239.16,348,272362.03,12.34,240,0.4488,0.4807,Female,Single,High School,Self-employed,Agricultural Loan,1,0,2,1,3,0
50,1,11.397864659262657,29527.91,354334.97,1,1478.09,378635.56,1613248.45,843,381128.77,9.12,36,0.0501,1.0756,Male,Married,Graduate,Student,Home Loan,0,1,1,0,4,4
24,2,23.586028739876202,24100.36,289204.28,4,5951.17,150406.73,439098.29,428,1211486.6,13.9,180,0.2469,4.189,Male,Divorced,Post Graduate,Government,Business Loan,1,1,0,3,1,1
33,1,17.628216082047818,25460.28,305523.33,0,11014.49,163604.11,793697.77,746,329920.5,10.51,60,0.4326,1.0799,Male,Divorced,Graduate,Government,Vehicle Loan,0,1,0,0,1,6
43,3,19.383102842778506,76491.59,917899.02,1,34438.51,1427653.27,7138107.28,334,584336.08,10.62,84,0.4502,0.6366,Female,Single,Graduate,Government,Gold Loan,1,0,2,0,1,3
28,4,16.42383809293199,57486.13,689833.56,2,14784.06,82197.41,345461.62,498,423751.34,7.25,84,0.2572,0.6143,Male,Divorced,Post Graduate,Student,Gold Loan,0,1,0,3,4,3
38,3,23.374804213822237,18229.46,218753.47,4,227.43,344808.91,700904.94,376,435739.95,13.7,36,0.0125,1.9919,Female,Married,PhD,Government,Home Loan,1,0,1,2,1,4
32,0,1.2597429574364605,38265.62,459187.45,0,2021.17,501906.07,965898.08,668,392555.06,8.22,60,0.0528,0.8549,Female,Single,Post Graduate,Student,Agricultural Loan,0,0,2,3,4,0
51,2,2.414644917435166,34888.42,418660.99,1,10234.81,786144.89,1583718.18,825,193118.42,10.77,12,0.2934,0.4613,Male,Single,High School,Student,Education Loan,0,1,2,1,4,2
34,1,2.8777130992857067,43899.39,526792.66,4,2718.66,1050880.92,5198855.37,648,684274.57,9.77,24,0.0619,1.2989,Male,Single,Graduate,Government,Agricultural Loan,0,1,2,0,1,0
54,3,8.660722021879064,25282.24,303386.84,1,1888.81,411092.84,962517.11,805,734758.71,9.91,36,0.0747,2.4219,Male,Divorced,PhD,Business,Agricultural Loan,0,1,0,2,0,0
38,4,17.733863686451674,70170.51,842046.08,2,27089.92,735521.32,2813947.88,537,277731.49,11.5,48,0.3861,0.3298,Male,Single,High School,Business,Business Loan,1,1,2,1,0,1
54,0,19.368526486033993,36286.33,435435.99,1,13619.93,432786.21,2092984.78,579,310571.39,11.63,240,0.3753,0.7132,Female,Single,Post Graduate,Self-employed,Agricultural Loan,1,0,2,3,3,0
31,4,21.378110105685142,45436.09,545233.03,1,19146.15,258847.33,1107448.42,876,918404.3,8.08,12,0.4214,1.6844,Male,Divorced,PhD,Student,Education Loan,0,1,0,2,4,2
61,2,8.422896716542729,22678.8,272145.61,2,1198.97,74440.66,252384.73,731,358244.08,10.5,36,0.0529,1.3164,Female,Married,PhD,Government,Gold Loan,0,0,1,2,1,3
32,4,19.506382316953484,23374.76,280497.13,3,2315.79,334529.24,560624.88,437,476430.78,12.53,36,0.0991,1.6985,Male,Divorced,Post Graduate,Government,Agricultural Loan,1,1,0,3,1,0
35,4,3.530699782742027,178886.47,2146637.7,4,74502.77,3493006.58,5937248.35,568,218539.53,10.1,84,0.4165,0.1018,Male,Married,PhD,Government,Gold Loan,1,1,1,2,1,3
51,0,0.29937630175972285,106942.65,1283311.78,2,38557.51,750804.75,2229659.13,500,420509.28,8.16,60,0.3605,0.3277,Female,Married,High School,Business,Agricultural Loan,0,0,1,1,0,0
49,4,20.840423626514994,34828.5,417942.0,2,14035.12,370993.69,1783655.31,441,219488.93,9.19,36,0.403,0.5252,Female,Married,PhD,Salaried,Personal Loan,1,0,1,2,2,5
46,0,21.468366254417514,91108.13,1093297.61,4,45086.94,1253629.18,5789227.95,654,272670.5,8.49,48,0.4949,0.2494,Female,Single,High School,Student,Home Loan,0,0,2,1,4,4
38,2,18.664281237723326,75180.15,902161.8,1,32494.05,1645065.71,2738653.12,877,240062.68,7.88,120,0.4322,0.2661,Male,Married,PhD,Self-employed,Education Loan,0,1,1,2,3,2
52,3,7.766098472909913,24956.1,299473.15,0,6494.37,104529.06,224829.36,628,882599.58,9.64,36,0.2602,2.9472,Male,Single,Graduate,Self-employed,Vehicle Loan,0,1,2,0,3,6
42,0,27.824053817454775,23506.68,282080.21,4,3652.56,151578.45,508582.88,858,152715.21,10.79,240,0.1554,0.5414,Male,Divorced,PhD,Self-employed,Personal Loan,0,1,0,2,3,5
58,3,26.270267493907458,54241.74,650900.86,2,15450.12,1200163.58,3492142.33,530,547624.63,7.51,180,0.2848,0.8413,Female,Married,High School,Student,Education Loan,0,0,1,1,4,2
37,1,15.466216818575258,42448.06,509376.67,1,13553.38,81046.86,119742.79,607,370089.61,11.23,24,0.3193,0.7266,Female,Single,Graduate,Student,Home Loan,0,0,2,0,4,4
43,4,29.674192531358745,28532.45,342389.37,3,4783.64,459105.9,1137310.34,445,1351884.35,13.95,60,0.1677,3.9484,Female,Single,Post Graduate,Self-employed,Home Loan,1,0,2,3,3,4
44,3,8.9585866966649,55979.23,671750.71,1,21578.23,879382.99,4237621.28,451,825360.87,13.75,48,0.3855,1.2287,Female,Married,Post Graduate,Self-employed,Business Loan,1,0,1,3,3,1
28,4,14.73402854011093,15283.21,183398.54,0,708.79,150002.46,720877.17,439,164066.5,12.8,60,0.0464,0.8946,Male,Married,PhD,Government,Home Loan,1,1,1,2,1,4
61,0,27.837653155593483,38909.78,466917.36,1,15163.0,457882.03,1482486.26,320,282541.79,8.86,36,0.3897,0.6051,Female,Married,Graduate,Salaried,Education Loan,1,0,1,0,2,2
26,4,13.863663978105473,17268.61,207223.35,0,276.29,356823.28,1263527.38,553,437516.43,7.16,12,0.016,2.1113,Male,Single,PhD,Business,Home Loan,1,1,2,2,0,4
25,2,14.130246832355628,17613.22,211358.67,3,4385.39,84448.14,159406.43,363,282495.84,12.83,180,0.249,1.3366,Female,Single,PhD,Student,Agricultural Loan,1,0,2,2,4,0
64,3,2.3817780400231925,23764.33,285172.0,3,10235.73,150334.41,596498.5,517,914944.48,7.39,240,0.4307,3.2084,Male,Married,Graduate,Salaried,Business Loan,1,1,1,0,2,1
49,4,6.340391984696593,45160.24,541922.9,1,1953.07,577331.21,698561.96,371,506841.46,8.44,180,0.0432,0.9353,Male,Divorced,Post Graduate,Self-employed,Vehicle Loan,0,1,0,3,3,6
48,3,4.735956780410921,24218.15,290617.85,4,6269.34,252453.54,475301.54,461,379012.04,10.81,48,0.2589,1.3042,Male,Single,Graduate,Self-employed,Agricultural Loan,1,1,2,0,3,0
31,3,16.95797611181141,17485.63,209827.59,4,1393.53,248480.76,254328.7,429,969676.6,8.25,24,0.0797,4.6213,Male,Single,High School,Self-employed,Business Loan,1,1,2,1,3,1
21,2,9.554747130500854,48356.19,580274.28,4,21634.94,1072506.51,2727174.96,880,172493.23,12.84,48,0.4474,0.2973,Male,Divorced,Graduate,Self-employed,Home Loan,0,1,0,0,3,4
63,0,2.310913775882093,88933.86,1067206.32,3,37011.85,1964846.58,8647377.8,524,357750.06,12.44,240,0.4162,0.3352,Male,Divorced,Post Graduate,Government,Personal Loan,1,1,0,3,1,5
39,4,15.299171770049014,53279.68,639356.14,0,24879.4,335151.65,1652306.31,879,539500.68,12.29,240,0.467,0.8438,Male,Divorced,Graduate,Student,Business Loan,0,1,0,0,4,1
29,1,20.076514848874215,107052.99,1284635.89,2,46834.74,850999.14,3124038.17,753,395121.41,12.71,60,0.4375,0.3076,Female,Single,High School,Self-employed,Vehicle Loan,0,0,2,1,3,6
47,3,22.095802119673532,84584.56,1015014.73,1,31150.52,399880.25,1591310.16,683,50000.0,8.54,60,0.3683,0.0493,Female,Divorced,Graduate,Self-employed,Agricultural Loan,0,0,0,0,3,0
54,0,25.125537222041668,27106.89,325282.63,0,2505.89,605545.57,1241972.94,406,580252.65,12.1,36,0.0924,1.7838,Female,Divorced,PhD,Student,Personal Loan,1,0,0,2,4,5
64,1,14.45869184459787,53066.22,636794.67,2,8026.34,538668.59,1659816.1,402,661444.98,9.49,84,0.1513,1.0387,Female,Single,Graduate,Business,Business Loan,0,0,2,0,0,1
24,3,11.71835572446066,34372.82,412473.88,3,8539.16,389898.44,1538660.75,440,196803.61,11.67,120,0.2484,0.4771,Female,Single,Graduate,Government,Business Loan,1,0,2,0,1,1
56,1,20.523653588327857,68683.2,824198.37,2,20223.66,1336625.71,3995312.31,876,77158.71,7.85,240,0.2944,0.0936,Female,Single,Post Graduate,Government,Personal Loan,0,0,2,3,1,5
38,4,0.4009425801447586,34369.1,412429.15,3,13441.47,439869.09,595664.37,433,257252.03,11.94,120,0.3911,0.6237,Male,Divorced,PhD,Salaried,Agricultural Loan,1,1,0,2,2,0
35,4,19.005797591798732,22624.35,271492.22,3,2567.41,84940.32,336657.3,498,375951.14,13.8,36,0.1135,1.3848,Male,Married,PhD,Government,Gold Loan,1,1,1,2,1,3
33,3,12.170457723467534,82788.43,993461.13,0,5309.94,916510.97,1721443.66,809,404972.77,7.31,120,0.0641,0.4076,Male,Married,PhD,Salaried,Gold Loan,0,1,1,2,2,3
39,3,13.586258590116982,43944.26,527331.14,4,10603.97,681226.27,947443.16,378,91703.41,7.66,12,0.2413,0.1739,Male,Single,Graduate,Business,Home Loan,1,1,2,0,0,4
26,4,8.888086002490214,24388.87,292666.45,4,1924.79,427824.92,1245925.32,781,520515.37,7.87,24,0.0789,1.7785,Female,Divorced,High School,Student,Vehicle Loan,0,0,0,1,4,6
32,0,3.8182655275830935,26923.75,323085.05,0,9339.0,426555.53,553855.18,811,1007619.72,10.01,48,0.3469,3.1187,Female,Divorced,Post Graduate,Self-employed,Agricultural Loan,0,0,0,3,3,0
57,1,12.042739925226252,24295.53,291546.35,1,6992.63,90893.38,319742.42,549,951167.35,9.04,120,0.2878,3.2625,Male,Divorced,Graduate,Salaried,Education Loan,1,1,0,0,2,2
37,3,9.246069904769957,19909.49,238913.82,3,7377.54,159274.37,567318.26,898,1175818.05,12.65,240,0.3706,4.9215,Female,Single,Post Graduate,Government,Gold Loan,0,0,2,3,1,3
43,3,28.80355118659473,27268.59,327223.09,1,864.91,487343.89,987752.45,899,167647.88,10.32,60,0.0317,0.5123,Female,Married,Graduate,Self-employed,Vehicle Loan,0,0,1,0,3,6
46,2,28.306182952080796,45424.77,545097.18,3,21910.58,965020.73,4688203.56,782,893811.2,10.39,180,0.4823,1.6397,Female,Divorced,PhD,Business,Gold Loan,0,0,0,2,0,3
49,1,19.317517952376544,37738.51,452862.15,3,0.1,78695.65,338218.66,471,209597.34,12.02,120,0.0,0.4628,Male,Married,Post Graduate,Student,Business Loan,1,1,1,3,4,1
53,4,27.111039311944573,27919.2,335030.38,4,4543.05,55036.26,79161.29,316,831837.15,9.53,60,0.1627,2.4829,Male,Married,PhD,Salaried,Vehicle Loan,1,1,1,2,2,6
47,3,22.538243333024784,89081.28,1068975.35,4,30271.37,1407333.14,5620956.85,593,245270.98,9.47,36,0.3398,0.2294,Female,Divorced,Graduate,Government,Home Loan,1,0,0,0,1,4
45,3,10.376744673803275,10868.46,130421.47,3,245.31,147866.01,356696.99,693,586318.54,12.3,36,0.0226,4.4956,Female,Single,High School,Self-employed,Personal Loan,0,0,2,1,3,5
30,4,18.117020018229145,43637.91,523654.92,4,1818.6,199547.36,798419.72,797,1510799.61,12.46,84,0.0417,2.8851,Female,Married,Post Graduate,Self-employed,Gold Loan,0,0,1,3,3,3
43,1,6.609707207984582,33334.38,400012.51,4,1278.06,453704.4,1907000.88,518,933175.96,7.1,48,0.0383,2.3329,Male,Married,PhD,Self-employed,Agricultural Loan,1,1,1,2,3,0
41,0,20.616247528314478,20290.16,243481.91,2,5899.46,475057.73,762710.99,533,211542.02,8.01,36,0.2908,0.8688,Female,Married,Graduate,Student,Personal Loan,1,0,1,0,4,5
41,4,1.3442271570246789,45191.88,542302.51,2,20244.27,700957.85,2556651.21,689,177885.04,8.49,48,0.448,0.328,Female,Married,PhD,Salaried,Business Loan,0,0,1,2,2,1
63,0,24.940252460971497,31829.57,381954.86,3,8839.66,360636.9,1605165.93,547,823297.0,9.46,36,0.2777,2.1555,Male,Married,Graduate,Student,Personal Loan,1,1,1,0,4,5
33,3,17.496894729268845,76745.04,920940.52,4,23160.55,1537452.42,3526138.67,351,1271330.15,9.04,84,0.3018,1.3805,Female,Divorced,PhD,Government,Agricultural Loan,1,0,0,2,1,0
57,0,1.7531504016815658,61134.96,733619.51,2,10576.4,360385.52,476182.15,314,623958.78,11.68,120,0.173,0.8505,Male,Single,PhD,Salaried,Agricultural Loan,0,1,2,2,2,0
53,0,26.152834959824077,113968.62,1367623.46,1,1067.95,1200033.5,1330921.06,623,293919.63,12.8,48,0.0094,0.2149,Male,Married,Graduate,Business,Agricultural Loan,0,1,1,0,0,0
44,4,26.331042327151977,27173.82,326085.82,3,293.68,357027.61,514121.12,740,457483.47,8.34,36,0.0108,1.403,Male,Single,PhD,Business,Education Loan,0,1,2,2,0,2
64,3,25.584475139349532,83946.31,1007355.71,3,37285.17,1058094.33,1075895.37,411,625280.3,10.94,36,0.4442,0.6207,Female,Single,Post Graduate,Student,Education Loan,1,0,2,3,4,2
31,1,23.22905930456169,18042.53,216510.38,1,925.33,400226.06,923635.21,306,411825.7,9.57,36,0.0513,1.9021,Female,Divorced,Post Graduate,Student,Home Loan,1,0,0,3,4,4
37,2,20.337762457907893,33983.08,407796.99,3,16987.96,262735.66,577312.84,862,211710.59,10.54,240,0.4999,0.5192,Female,Single,Graduate,Student,Vehicle Loan,0,0,2,0,4,6
24,0,11.907273656357493,27470.05,329640.66,4,2258.35,63169.74,91050.66,544,1036117.23,11.35,36,0.0822,3.1432,Male,Single,Graduate,Business,Agricultural Loan,1,1,2,0,0,0
45,3,4.090175018593664,52128.51,625542.09,2,17583.84,1150824.16,4148112.89,747,1987978.64,13.26,36,0.3373,3.178,Female,Single,PhD,Business,Home Loan,0,0,2,2,0,4
50,2,8.663258250996659,51378.01,616536.08,0,24377.72,307885.59,1529460.28,664,1385045.92,8.35,180,0.4745,2.2465,Female,Single,Graduate,Salaried,Vehicle Loan,0,0,2,0,2,6
29,1,10.412314150543029,21154.93,253859.16,2,3832.1,205576.06,946411.69,666,77891.16,7.61,48,0.1811,0.3068,Male,Married,PhD,Salaried,Business Loan,0,1,1,2,2,1
41,2,10.742294020943744,53901.59,646819.11,1,19793.56,712067.39,1432254.05,586,1115469.15,11.39,120,0.3672,1.7245,Male,Divorced,Post Graduate,Student,Agricultural Loan,1,1,0,3,4,0
40,1,16.964688453819655,28903.17,346838.04,0,5070.43,677642.07,2764729.84,405,702611.78,9.76,36,0.1754,2.0258,Female,Divorced,High School,Self-employed,Education Loan,0,0,0,1,3,2
39,2,6.2514842443731675,22246.09,266953.09,4,3391.87,296121.59,1405823.35,312,261496.19,8.14,180,0.1525,0.9796,Male,Divorced,High School,Salaried,Home Loan,1,1,0,1,2,4
39,1,5.689833872062503,36059.7,432716.4,4,3638.5,407405.96,1884438.71,445,92065.35,7.82,36,0.1009,0.2128,Female,Single,Graduate,Business,Vehicle Loan,1,0,2,0,0,6
32,0,21.508881058042228,14971.35,179656.17,2,6145.25,215942.0,979987.59,777,403967.83,10.91,60,0.4105,2.2486,Female,Single,Post Graduate,Government,Business Loan,0,0,2,3,1,1
57,2,0.22501651291548685,63499.28,761991.33,3,8171.95,1481348.47,6141377.51,414,591812.57,9.1,12,0.1287,0.7767,Female,Married,Graduate,Self-employed,Education Loan,1,0,1,0,3,2
62,1,4.4855830623908215,35123.56,421482.76,3,4972.76,695893.54,1511457.03,808,182501.94,13.98,60,0.1416,0.433,Male,Single,Graduate,Business,Vehicle Loan,0,1,2,0,0,6
37,3,13.048742467739142,35587.6,427051.24,1,17775.47,173890.54,232013.84,451,1185655.08,9.84,84,0.4995,2.7764,Female,Single,Post Graduate,Self-employed,Home Loan,1,0,2,3,3,4
57,4,4.472494983596841,34465.01,413580.18,3,5640.38,671205.49,1980913.59,356,1162886.17,8.49,120,0.1637,2.8118,Male,Divorced,High School,Government,Gold Loan,1,1,0,1,1,3
59,2,28.794376539568283,97549.0,1170587.95,4,20620.61,1984661.48,2419628.89,681,643278.31,11.4,24,0.2114,0.5495,Female,Single,PhD,Student,Gold Loan,0,0,2,2,4,3
48,2,20.103118544050282,90339.19,1084070.25,0,44720.4,1525464.3,7618008.14,456,147524.27,8.71,24,0.495,0.1361,Male,Divorced,Post Graduate,Self-employed,Business Loan,1,1,0,3,3,1
61,2,12.983085346335802,81671.2,980054.35,2,15080.6,1316243.17,3202733.87,432,358735.14,10.46,240,0.1847,0.366,Male,Divorced,Graduate,Government,Home Loan,0,1,0,0,1,4
55,2,3.367660436003881,34508.99,414107.82,2,6317.77,384436.0,1858117.45,462,789341.48,10.38,12,0.1831,1.9061,Female,Divorced,High School,Government,Business Loan,0,0,0,1,1,1
38,4,11.55558870463884,18594.57,223134.88,2,7695.5,293031.77,1199227.8,574,748774.23,10.17,24,0.4139,3.3557,Female,Single,Post Graduate,Self-employed,Personal Loan,1,0,2,3,3,5
34,2,19.518050060338815,35968.99,431627.83,3,5609.91,646154.93,1709185.63,376,252906.89,12.57,24,0.156,0.5859,Male,Single,PhD,Self-employed,Business Loan,1,1,2,2,3,1
55,0,29.064426100742015,43854.83,526258.02,0,5126.33,167738.85,247120.54,343,284385.91,8.52,120,0.1169,0.5404,Male,Married,PhD,Self-employed,Agricultural Loan,0,1,1,2,3,0
64,0,14.180620909224027,59134.29,709611.44,3,12513.12,409125.83,797293.11,849,247743.01,13.33,84,0.2116,0.3491,Female,Divorced,High School,Self-employed,Gold Loan,0,0,0,1,3,3
61,3,20.772367382772174,43770.25,525243.0,3,15333.61,239155.54,883004.88,617,352811.52,12.54,240,0.3503,0.6717,Male,Married,PhD,Student,Business Loan,0,1,1,2,4,1
27,4,5.860769919801694,19616.05,235392.61,4,424.13,399144.9,1724202.51,833,299733.37,9.33,120,0.0216,1.2733,Female,Single,Post Graduate,Business,Gold Loan,0,0,2,3,0,3
61,3,18.7090011220699,26337.54,316050.52,4,4924.01,438258.3,2155249.99,884,259070.58,8.26,36,0.187,0.8197,Female,Single,Post Graduate,Salaried,Gold Loan,0,0,2,3,2,3
33,0,7.171646997210511,24942.24,299306.9,3,4318.06,283541.06,433434.69,453,396291.71,8.96,36,0.1731,1.324,Female,Single,High School,Student,Personal Loan,1,0,2,1,4,5
38,2,5.944021563472369,50183.01,602196.14,1,6142.86,1003624.21,1629674.34,536,456796.49,9.33,12,0.1224,0.7586,Female,Married,High School,Self-employed,Education Loan,0,0,1,1,3,2
57,2,15.276616850102,50927.51,611130.09,1,16660.61,890516.9,1041689.19,816,1055623.62,10.9,180,0.3271,1.7273,Female,Single,PhD,Government,Education Loan,0,0,2,2,1,2
33,1,6.349928923007998,55093.07,661116.79,1,7988.22,1212743.86,2475765.79,520,106402.27,7.32,12,0.145,0.1609,Male,Single,Graduate,Student,Agricultural Loan,1,1,2,0,4,0
56,4,21.63982581672684,43504.58,522054.97,3,13197.8,120358.07,515646.45,609,1173393.63,13.4,24,0.3034,2.2476,Male,Single,Graduate,Salaried,Personal Loan,0,1,2,0,2,5
51,1,28.12009772899014,10556.32,126675.88,0,2661.97,134177.41,240583.77,897,243323.57,7.69,120,0.2522,1.9208,Male,Married,High School,Salaried,Business Loan,0,1,1,1,2,1
22,4,11.808063071842048,12893.57,154722.87,1,1400.18,222481.19,710039.6,476,1959902.69,8.95,12,0.1086,12.6672,Female,Married,Graduate,Student,Personal Loan,1,0,1,0,4,5
36,4,9.673842102801801,33385.85,400630.19,4,4449.77,192714.58,536831.3,519,758090.18,7.77,48,0.1333,1.8922,Female,Single,Graduate,Government,Home Loan,1,0,2,0,1,4
29,2,5.27654680808128,38516.68,462200.2,2,3285.47,328312.48,756203.77,337,685477.21,8.8,240,0.0853,1.4831,Male,Divorced,Post Graduate,Government,Home Loan,1,1,0,3,1,4
29,2,11.711892827624862,77049.19,924590.3,2,2181.62,819530.17,2846544.33,730,407089.47,12.86,180,0.0283,0.4403,Male,Married,Graduate,Government,Agricultural Loan,0,1,1,0,1,0
58,3,16.789022715961707,38050.79,456609.46,3,11780.3,733219.26,2206479.04,502,2304603.66,11.31,180,0.3096,5.0472,Female,Married,Post Graduate,Business,Business Loan,1,0,1,3,0,1
31,0,11.189082389792176,20220.06,242640.71,2,6801.91,249763.27,584209.46,747,431712.84,8.59,36,0.3364,1.7792,Male,Divorced,Graduate,Government,Home Loan,0,1,0,0,1,4
42,0,18.69228655496654,54030.22,648362.7,3,4484.51,666517.43,2503041.93,794,1482674.24,13.1,60,0.083,2.2868,Male,Married,High School,Salaried,Education Loan,0,1,1,1,2,2
53,2,19.872702448596378,35941.54,431298.47,2,11059.07,392137.12,831280.79,424,279392.73,12.6,48,0.3077,0.6478,Male,Divorced,Post Graduate,Self-employed,Business Loan,0,1,0,3,3,1
56,0,2.9348868604423606,28531.59,342379.06,0,14010.22,178537.82,637868.01,364,784871.21,12.28,180,0.491,2.2924,Female,Divorced,Graduate,Self-employed,Agricultural Loan,1,0,0,0,3,0
43,4,20.933481180288364,13783.68,165404.13,0,512.77,306420.04,1479697.3,543,2019871.84,12.93,120,0.0372,12.2117,Male,Divorced,PhD,Salaried,Vehicle Loan,1,1,0,2,2,6
54,0,27.009525927350154,38219.92,458639.08,0,9370.97,317585.61,1243604.26,826,224497.8,11.34,120,0.2452,0.4895,Female,Divorced,PhD,Government,Gold Loan,0,0,0,2,1,3
29,3,0.7875644582852492,41659.75,499917.02,0,15269.09,585390.75,1565099.69,525,655404.67,10.51,120,0.3665,1.311,Female,Divorced,PhD,Self-employed,Home Loan,0,0,0,2,3,4
44,0,16.540566317965784,19976.51,239718.09,1,459.55,88334.79,352476.79,764,251425.01,9.62,12,0.023,1.0488,Male,Married,High School,Salaried,Agricultural Loan,0,1,1,1,2,0
28,0,18.11623121260798,56761.56,681138.76,4,22088.01,623673.24,2642483.1,592,623890.44,8.57,120,0.3891,0.916,Male,Single,Post Graduate,Government,Gold Loan,1,1,2,3,1,3
27,3,21.29446005211096,53791.89,645502.74,0,26344.88,1171989.88,2699516.79,680,2013108.93,10.9,48,0.4898,3.1187,Male,Divorced,Graduate,Business,Personal Loan,0,1,0,0,0,5
56,3,11.573059913973513,37397.07,448764.8,1,1654.59,893629.1,3414135.79,465,209664.66,13.23,36,0.0442,0.4672,Male,Married,High School,Self-employed,Education Loan,0,1,1,1,3,2
38,2,24.56130950570563,36571.84,438862.03,3,15035.23,340860.22,933133.74,517,501223.01,11.16,60,0.4111,1.1421,Male,Single,PhD,Government,Home Loan,1,1,2,2,1,4
23,3,16.196893987085534,64063.03,768756.3,2,12126.54,290960.33,1243590.62,574,226935.93,13.44,24,0.1893,0.2952,Male,Single,Post Graduate,Government,Business Loan,1,1,2,3,1,1
48,2,12.268098046917,45275.36,543304.31,2,3262.46,372724.19,813101.7,351,398943.45,9.5,180,0.0721,0.7343,Female,Married,Graduate,Self-employed,Business Loan,0,0,1,0,3,1
26,4,21.577700872097026,23828.72,285944.6,1,5876.08,203177.0,965301.79,673,727217.64,11.87,240,0.2466,2.5432,Female,Single,Graduate,Government,Vehicle Loan,0,0,2,0,1,6
64,1,27.821265948158615,32254.44,387053.3,2,1153.4,510384.68,1683834.46,662,348525.04,11.54,60,0.0358,0.9005,Male,Single,Post Graduate,Student,Business Loan,0,1,2,3,4,1
64,0,24.360049313324037,50721.73,608660.73,0,13240.94,629538.03,1519209.51,866,1558339.18,11.69,36,0.2611,2.5603,Male,Divorced,High School,Student,Education Loan,0,1,0,1,4,2
41,3,27.919943339651823,10727.95,128735.36,2,103.83,200339.83,536406.9,313,651266.95,11.52,120,0.0097,5.059,Female,Divorced,Post Graduate,Business,Personal Loan,1,0,0,3,0,5
48,0,7.978042860906278,20766.25,249195.0,0,7565.26,355725.36,850608.51,639,153471.59,8.55,12,0.3643,0.6159,Male,Married,High School,Salaried,Business Loan,0,1,1,1,2,1
60,4,3.5553891266012396,54681.6,656179.23,0,13341.48,370746.77,587628.2,838,571394.78,8.01,36,0.244,0.8708,Male,Divorced,PhD,Student,Agricultural Loan,0,1,0,2,4,0
21,1,16.030486504765577,75006.24,900074.86,2,17211.67,1427959.82,1819177.39,388,1423877.41,13.85,240,0.2295,1.582,Male,Single,PhD,Student,Agricultural Loan,1,1,2,2,4,0
56,3,1.3329127452602696,67012.15,804145.82,1,6573.61,1373187.74,3140637.97,340,682782.32,7.32,24,0.0981,0.8491,Female,Single,High School,Business,Business Loan,0,0,2,1,0,1
41,2,20.237693067637675,62067.39,744808.66,3,11211.33,916299.27,2597490.13,603,545036.93,10.27,240,0.1806,0.7318,Male,Divorced,Post Graduate,Student,Business Loan,0,1,0,3,4,1
63,2,7.200045697966634,39255.48,471065.75,1,3569.69,876824.42,2145824.12,567,348702.5,9.98,12,0.0909,0.7402,Female,Married,High School,Student,Gold Loan,0,0,1,1,4,3
55,3,13.63050265224365,19587.72,235052.6,4,7202.31,372319.54,393049.55,437,409371.62,9.52,48,0.3677,1.7416,Female,Married,PhD,Self-employed,Education Loan,1,0,1,2,3,2
33,3,19.666855216179542,32274.28,387291.38,4,3211.7,474241.72,1572597.38,305,446267.31,12.47,84,0.0995,1.1523,Female,Divorced,Graduate,Business,Agricultural Loan,1,0,0,0,0,0
30,4,14.492859101143987,10982.28,131787.39,0,3386.68,239873.01,378823.28,541,62520.43,12.22,120,0.3084,0.4744,Male,Married,Post Graduate,Government,Gold Loan,1,1,1,3,1,3
64,1,7.081861816996387,79252.45,951029.44,0,11079.79,1173589.75,2164124.29,461,641111.6,13.34,36,0.1398,0.6741,Male,Married,PhD,Government,Business Loan,1,1,1,2,1,1
30,3,26.41111559988269,22241.88,266902.57,1,7306.26,288864.11,428383.79,817,982011.48,9.77,240,0.3285,3.6793,Male,Single,High School,Salaried,Home Loan,0,1,2,1,2,4
33,2,22.936059631201424,26370.27,316443.25,1,7125.97,242446.73,747155.6,700,243204.09,10.95,48,0.2702,0.7686,Male,Divorced,PhD,Salaried,Business Loan,0,1,0,2,2,1
57,1,18.032174807083567,68539.91,822478.88,0,14511.22,1460301.42,2016146.42,455,532845.56,13.25,60,0.2117,0.6479,Female,Divorced,Graduate,Student,Business Loan,1,0,0,0,4,1
58,3,20.956207908251976,13783.45,165401.39,3,4638.14,52690.34,106720.53,384,587064.09,13.96,180,0.3365,3.5493,Male,Single,High School,Student,Personal Loan,1,1,2,1,4,5
44,1,12.45977692883817,17789.41,213472.88,3,3697.72,211526.05,593718.69,309,845968.81,13.79,36,0.2079,3.9629,Male,Single,Post Graduate,Government,Vehicle Loan,1,1,2,3,1,6
22,4,11.2767628925507,42650.01,511800.13,4,17515.73,569825.75,952085.12,437,446803.74,12.02,180,0.4107,0.873,Male,Divorced,Graduate,Business,Education Loan,1,1,0,0,0,2
42,3,4.803347271854936,49623.92,595487.04,3,18102.77,682786.9,1901537.92,455,681266.96,8.0,12,0.3648,1.1441,Male,Divorced,High School,Self-employed,Business Loan,1,1,0,1,3,1
37,3,24.107744623492145,34786.32,417435.86,2,9403.42,556353.85,1319081.88,707,174682.21,7.16,180,0.2703,0.4185,Female,Single,PhD,Salaried,Gold Loan,0,0,2,2,2,3
56,1,11.431327355436425,35473.82,425685.79,0,15556.34,448151.34,1990862.45,524,196534.83,12.78,180,0.4385,0.4617,Female,Married,PhD,Student,Personal Loan,1,0,1,2,4,5
34,3,20.769719235032316,77732.35,932788.18,1,32214.69,536883.14,2243963.65,879,624631.78,12.89,84,0.4144,0.6696,Female,Single,Post Graduate,Salaried,Agricultural Loan,0,0,2,3,2,0
30,1,8.99825973962765,53198.8,638385.57,0,14146.61,1101732.25,5477171.93,483,368179.05,12.22,60,0.2659,0.5767,Female,Married,High School,Government,Personal Loan,1,0,1,1,1,5
55,1,23.879677803799144,49055.22,588662.69,2,1678.86,790921.42,2464231.91,494,124920.31,8.96,240,0.0342,0.2122,Female,Divorced,PhD,Business,Agricultural Loan,1,0,0,2,0,0
45,3,3.1573023399871714,57837.23,694046.71,3,16367.83,1199446.88,3960079.89,853,584199.28,11.48,84,0.283,0.8417,Female,Divorced,Post Graduate,Government,Home Loan,0,0,0,3,1,4
23,2,18.75042598005272,30322.52,363870.2,0,5386.14,222840.18,1066643.12,695,159563.68,9.21,12,0.1776,0.4385,Male,Divorced,Graduate,Self-employed,Education Loan,0,1,0,0,3,2
58,4,24.2278413432441,133772.97,1605275.66,2,36126.26,2093855.83,5440609.78,895,3844248.04,10.15,84,0.2701,2.3948,Male,Divorced,Post Graduate,Business,Home Loan,0,1,0,3,0,4
37,1,19.807507379595528,10000.0,120000.0,3,3235.65,174259.96,561592.93,433,77582.57,9.68,12,0.3236,0.6465,Female,Divorced,Graduate,Self-employed,Home Loan,1,0,0,0,3,4
32,2,20.883474200253005,87094.81,1045137.76,4,28081.05,855124.63,2151786.02,608,461456.27,13.4,84,0.3224,0.4415,Female,Single,High School,Self-employed,Home Loan,0,0,2,1,3,4
44,1,15.779668662532321,62396.5,748758.04,4,21012.77,1228063.93,3909471.31,841,181150.11,8.64,36,0.3368,0.2419,Female,Divorced,PhD,Business,Personal Loan,0,0,0,2,0,5
49,2,16.77095991326297,42149.28,505791.4,4,14315.34,44581.37,58984.09,308,920520.77,11.04,84,0.3396,1.82,Male,Divorced,High School,Self-employed,Gold Loan,1,1,0,1,3,3
63,3,1.9768031660890517,38101.82,457221.86,2,2081.91,559454.93,2313444.79,469,320517.65,9.53,84,0.0546,0.701,Female,Divorced,Graduate,Salaried,Gold Loan,0,0,0,0,2,3
45,4,7.524094410167365,33079.47,396953.6,2,3170.87,499899.37,2470062.68,589,994769.42,11.64,12,0.0959,2.506,Female,Divorced,High School,Student,Vehicle Loan,0,0,0,1,4,6
56,2,21.657862401110517,70408.28,844899.36,1,22197.65,934908.68,1180753.78,467,817388.62,10.95,240,0.3153,0.9674,Male,Married,Graduate,Business,Business Loan,0,1,1,0,0,1
46,0,28.362642661729947,35457.19,425486.27,1,7236.32,549271.41,2309224.28,643,188301.24,13.47,180,0.2041,0.4426,Female,Divorced,High School,Government,Vehicle Loan,0,0,0,1,1,6
58,1,16.253428727788204,23465.09,281581.11,4,8950.19,113716.95,223674.32,796,247244.87,7.71,24,0.3814,0.8781,Male,Married,PhD,Government,Gold Loan,0,1,1,2,1,3
21,2,21.767739967731853,62391.84,748702.05,0,3896.66,1045061.66,1870857.06,444,335838.05,8.54,24,0.0625,0.4486,Female,Married,High School,Student,Home Loan,0,0,1,1,4,4
40,4,20.507396118429853,93982.11,1127785.34,3,8999.87,819819.69,3093574.53,712,419146.11,12.36,60,0.0958,0.3717,Male,Divorced,Post Graduate,Government,Personal Loan,0,1,0,3,1,5
48,4,29.981529631985847,11426.59,137119.1,1,3190.67,130231.56,153221.21,887,378070.88,9.58,24,0.2792,2.7572,Male,Married,PhD,Student,Home Loan,0,1,1,2,4,4
36,4,23.85013317055559,149380.96,1792571.52,3,37401.11,1293865.48,3691343.08,756,792136.23,8.16,12,0.2504,0.4419,Male,Divorced,Post Graduate,Salaried,Home Loan,0,1,0,3,2,4
37,2,18.82942001355516,19495.93,233951.21,0,2596.83,232012.0,233352.54,601,533471.86,10.52,24,0.1332,2.2803,Male,Married,Post Graduate,Government,Agricultural Loan,0,1,1,3,1,0
60,2,3.4547794714037883,20410.83,244929.99,4,4167.31,312205.97,1004546.48,345,271001.59,11.56,60,0.2042,1.1064,Female,Single,PhD,Government,Home Loan,1,0,2,2,1,4
48,3,10.87986017989842,17206.91,206482.89,3,300.96,348988.77,994034.02,316,213211.04,7.31,120,0.0175,1.0326,Female,Divorced,Graduate,Salaried,Education Loan,1,0,0,0,2,2
32,0,7.520968666226682,36334.01,436008.09,4,672.87,440332.07,2052797.47,877,230333.77,9.04,60,0.0185,0.5283,Male,Divorced,Post Graduate,Government,Education Loan,0,1,0,3,1,2
47,2,25.61026899745398,16851.06,202212.76,3,799.81,142124.36,551597.1,659,576075.74,12.67,12,0.0475,2.8489,Female,Married,Post Graduate,Government,Home Loan,0,0,1,3,1,4
62,3,13.385190417887976,18124.94,217499.23,0,5227.16,221534.99,333194.1,560,379094.98,10.64,120,0.2884,1.743,Male,Single,Post Graduate,Salaried,Vehicle Loan,1,1,2,3,2,6
50,1,16.058990008590317,24025.47,288305.69,1,10375.6,404648.67,978505.17,422,2336702.74,7.25,84,0.4319,8.1049,Female,Divorced,High School,Salaried,Vehicle Loan,1,0,0,1,2,6
61,0,28.94469899068164,39461.21,473534.5,2,5134.36,354129.48,1673728.93,530,442327.27,8.97,120,0.1301,0.9341,Female,Married,Graduate,Salaried,Gold Loan,1,0,1,0,2,3
54,4,25.100514049514008,41810.89,501730.7,4,709.53,440205.46,1717389.68,411,514517.23,11.47,24,0.017,1.0255,Male,Married,Post Graduate,Government,Personal Loan,1,1,1,3,1,5
57,0,23.69460780720319,76474.94,917699.26,1,27096.11,1066467.17,3601566.77,892,104733.16,8.4,60,0.3543,0.1141,Female,Divorced,PhD,Student,Education Loan,0,0,0,2,4,2
26,1,4.266589632851917,75424.64,905095.66,3,32257.32,585462.11,1894723.04,545,151683.65,12.79,180,0.4277,0.1676,Female,Married,Post Graduate,Student,Business Loan,1,0,1,3,4,1
27,2,0.6830526701015815,67155.55,805866.55,1,4639.53,390103.02,1011300.67,690,180390.43,11.74,120,0.0691,0.2238,Male,Divorced,Post Graduate,Business,Home Loan,0,1,0,3,0,4
52,2,3.76645067576289,31039.93,372479.15,2,5986.79,131268.56,438542.77,691,288824.78,10.3,84,0.1929,0.7754,Female,Single,High School,Business,Business Loan,0,0,2,1,0,1
52,3,22.208499918430764,12031.59,144379.07,4,954.93,109608.14,447930.93,627,135159.42,13.41,84,0.0794,0.9361,Male,Single,Graduate,Government,Education Loan,0,1,2,0,1,2
45,2,12.321533932802353,11872.87,142474.46,4,631.38,25074.16,37865.76,514,175616.26,9.74,12,0.0532,1.2326,Male,Single,Post Graduate,Government,Business Loan,1,1,2,3,1,1
53,2,3.524087591374302,66878.84,802546.1,1,21674.38,964399.46,4705616.02,666,753097.41,8.65,12,0.3241,0.9384,Female,Single,Post Graduate,Student,Gold Loan,0,0,2,3,4,3
27,0,22.17058510661294,60249.69,722996.26,0,29146.89,304014.83,595096.72,381,222372.69,11.63,120,0.4838,0.3076,Female,Married,Post Graduate,Self-employed,Vehicle Loan,1,0,1,3,3,6
32,1,5.837520985014306,25083.8,301005.55,3,8505.48,242813.15,677684.4,375,428133.31,11.01,36,0.3391,1.4223,Male,Married,High School,Business,Agricultural Loan,1,1,1,1,0,0
36,4,17.67129928953643,15299.24,183590.85,1,7533.46,110034.02,120031.99,826,710491.49,9.35,84,0.4924,3.87,Male,Married,High School,Student,Vehicle Loan,0,1,1,1,4,6
36,4,22.246284623574116,19374.43,232493.15,0,4208.08,300283.68,961323.28,802,943447.46,9.41,60,0.2172,4.058,Female,Divorced,PhD,Government,Agricultural Loan,0,0,0,2,1,0
63,3,18.241818745365013,40328.62,483943.4,4,18104.92,829073.69,2095456.71,778,559064.04,9.79,36,0.4489,1.1552,Male,Single,Post Graduate,Business,Agricultural Loan,0,1,2,3,0,0
56,1,29.809096225185787,40373.81,484485.73,3,4140.02,628455.67,1256297.64,671,586655.46,9.04,84,0.1025,1.2109,Male,Divorced,High School,Business,Personal Loan,0,1,0,1,0,5
33,0,13.02488161690728,67881.5,814577.96,4,4001.76,914880.56,4521428.5,564,966872.21,11.97,36,0.059,1.187,Female,Single,PhD,Business,Personal Loan,1,0,2,2,0,5
27,4,9.354152628298886,27716.61,332599.38,2,9735.74,454245.55,1232170.38,563,616252.85,11.56,180,0.3513,1.8528,Male,Divorced,PhD,Government,Agricultural Loan,1,1,0,2,1,0
56,3,6.0359004029975525,31369.09,376429.11,0,5825.37,53007.01,140849.46,409,1012912.44,10.09,120,0.1857,2.6908,Male,Married,Graduate,Student,Gold Loan,0,1,1,0,4,3
29,2,15.113388935268526,71338.6,856063.16,2,11331.69,272900.61,778425.26,606,79641.13,9.78,240,0.1588,0.093,Female,Married,PhD,Self-employed,Personal Loan,0,0,1,2,3,5
52,2,25.57439820754109,10147.1,121765.18,2,3405.77,32301.53,47309.3,499,413766.2,9.56,60,0.3356,3.3981,Male,Married,Post Graduate,Government,Gold Loan,1,1,1,3,1,3
31,0,28.407455697867505,43935.23,527222.75,2,7325.85,143164.47,368274.07,525,462568.52,8.98,12,0.1667,0.8774,Female,Divorced,Graduate,Business,Business Loan,0,0,0,0,0,1
28,4,29.161646188176633,29716.65,356599.79,0,8507.26,207752.82,487308.55,484,402597.5,7.6,180,0.2863,1.129,Male,Married,Graduate,Salaried,Business Loan,0,1,1,0,2,1
53,2,15.941350154289433,55695.57,668346.83,3,8339.16,737253.49,2108912.02,330,488239.04,8.88,24,0.1497,0.7305,Male,Married,Graduate,Student,Agricultural Loan,1,1,1,0,4,0
43,3,18.15781036638566,49393.0,592715.98,4,19356.07,179675.74,795331.91,398,319123.62,9.25,84,0.3919,0.5384,Female,Single,High School,Government,Education Loan,1,0,2,1,1,2
45,3,17.446192940465075,23913.88,286966.53,3,3735.21,538245.75,953309.42,638,831662.52,10.83,12,0.1562,2.8981,Male,Divorced,High School,Business,Home Loan,0,1,0,1,0,4
28,4,13.97917186055892,26785.05,321420.57,3,7164.92,553055.16,1897508.63,565,288238.93,12.42,84,0.2675,0.8968,Female,Divorced,Graduate,Self-employed,Vehicle Loan,1,0,0,0,3,6
42,0,4.567194429502135,10000.0,120000.0,3,115.88,233478.2,268627.96,649,371686.34,9.77,48,0.0116,3.0974,Male,Married,High School,Business,Agricultural Loan,0,1,1,1,0,0
24,3,1.9637606029674126,56953.75,683445.06,4,22546.02,112626.11,255342.54,843,1404553.66,13.61,60,0.3959,2.0551,Male,Divorced,High School,Business,Home Loan,0,1,0,1,0,4
60,1,13.0991368709287,41934.51,503214.07,4,13006.78,863106.74,2494922.66,756,1256136.42,12.79,120,0.3102,2.4962,Female,Married,Post Graduate,Government,Business Loan,0,0,1,3,1,1
23,3,5.5850308583300485,84044.98,1008539.76,0,8078.28,1637690.71,2124275.81,387,501875.59,13.89,84,0.0961,0.4976,Female,Divorced,PhD,Self-employed,Education Loan,1,0,0,2,3,2
49,0,26.599552352449777,28577.07,342924.86,1,3077.37,621506.58,1973825.18,362,265797.34,13.13,12,0.1077,0.7751,Female,Single,Post Graduate,Salaried,Business Loan,0,0,2,3,2,1
61,3,22.850998345978816,62855.98,754271.76,4,8249.62,826098.29,1851536.14,686,119680.57,11.32,240,0.1312,0.1587,Female,Divorced,Post Graduate,Government,Agricultural Loan,0,0,0,3,1,0
49,2,18.552201119327748,19111.48,229337.74,4,5509.17,365439.14,1816685.71,758,398283.58,11.19,84,0.2883,1.7367,Female,Married,Post Graduate,Student,Personal Loan,0,0,1,3,4,5
54,0,1.4223592528253648,10000.0,120000.0,1,2741.58,21795.98,76806.38,885,664336.15,7.91,84,0.2742,5.5361,Female,Divorced,Graduate,Self-employed,Vehicle Loan,0,0,0,0,3,6
54,2,18.667362425200743,34313.41,411760.97,4,4698.6,94196.81,186198.91,568,248468.37,12.06,240,0.1369,0.6034,Female,Divorced,High School,Salaried,Personal Loan,1,0,0,1,2,5
48,2,18.63207596163164,25848.06,310176.76,3,8970.08,96316.13,135872.48,645,444516.74,11.2,60,0.347,1.4331,Male,Single,Graduate,Salaried,Home Loan,0,1,2,0,2,4
33,4,13.17633773186406,19331.81,231981.71,4,8593.39,426075.85,495474.71,377,334786.67,10.55,84,0.4445,1.4432,Male,Divorced,Post Graduate,Self-employed,Business Loan,1,1,0,3,3,1
35,0,19.732589726461025,62246.85,746962.22,0,1354.35,149821.64,204220.83,664,111551.77,11.85,84,0.0218,0.1493,Female,Single,PhD,Student,Personal Loan,0,0,2,2,4,5
43,2,25.737435929946557,74977.85,899734.19,4,15640.25,247684.76,921446.28,313,485887.78,10.11,120,0.2086,0.54,Male,Single,Post Graduate,Business,Gold Loan,1,1,2,3,0,3
64,4,22.739605616942242,38686.76,464241.15,1,11480.69,866561.79,3830176.33,435,626605.13,10.67,240,0.2968,1.3497,Female,Single,High School,Government,Home Loan,0,0,2,1,1,4
46,4,14.203026087578335,32548.56,390582.78,3,9543.81,112944.48,183753.04,603,502592.76,9.79,60,0.2932,1.2868,Female,Married,PhD,Student,Personal Loan,0,0,1,2,4,5
24,2,7.868534950183234,37707.9,452494.86,1,368.32,792031.72,2066044.69,696,1607190.55,12.02,60,0.0098,3.5518,Male,Single,PhD,Salaried,Home Loan,0,1,2,2,2,4
46,2,14.335118893926447,24544.53,294534.35,4,2584.12,470106.96,1136220.97,378,341979.59,13.14,48,0.1053,1.1611,Male,Divorced,High School,Student,Personal Loan,1,1,0,1,4,5
60,1,28.37912508036978,50896.91,610762.97,4,1573.5,98052.18,350837.79,717,320919.94,12.89,48,0.0309,0.5254,Male,Divorced,High School,Business,Personal Loan,0,1,0,1,0,5
29,0,24.59959677018987,14420.08,173040.93,0,4102.26,21666.02,37497.64,541,2503419.49,12.5,180,0.2845,14.4672,Female,Single,Post Graduate,Student,Business Loan,1,0,2,3,4,1
25,4,0.8111906925448886,19075.37,228904.41,3,6155.52,253529.43,1220307.43,350,162918.55,7.1,24,0.3227,0.7117,Female,Single,High School,Student,Business Loan,1,0,2,1,4,1
52,0,23.488897530323264,22589.56,271074.77,4,1804.25,540681.99,2116351.24,683,269451.51,13.38,180,0.0799,0.994,Female,Single,PhD,Salaried,Business Loan,0,0,2,2,2,1
40,4,5.116729137353271,50252.38,603028.6,0,8367.3,1066008.52,5138467.56,674,590536.43,8.92,24,0.1665,0.9793,Male,Married,High School,Student,Home Loan,0,1,1,1,4,4
31,3,17.133339991133134,30287.98,363455.71,0,4994.54,246258.96,519477.61,505,1088397.25,13.22,12,0.1649,2.9946,Female,Single,Post Graduate,Government,Education Loan,0,0,2,3,1,2
35,3,24.195526133398808,82144.42,985733.08,1,33671.09,812006.86,2720923.37,788,934595.02,8.38,240,0.4099,0.9481,Female,Single,Graduate,Self-employed,Agricultural Loan,0,0,2,0,3,0
52,4,16.838652688745977,58805.22,705662.6,3,5723.49,583455.83,2292439.82,680,192546.98,10.08,180,0.0973,0.2729,Female,Single,Graduate,Salaried,Home Loan,0,0,2,0,2,4
48,1,12.115821780637337,22456.7,269480.35,2,6156.66,401662.99,1543922.2,610,1626784.91,12.25,84,0.2742,6.0367,Female,Single,Post Graduate,Self-employed,Vehicle Loan,0,0,2,3,3,6
42,3,9.638029103395345,53107.82,637293.85,0,20790.0,469794.61,509907.74,674,641297.16,11.48,48,0.3915,1.0063,Female,Single,PhD,Student,Vehicle Loan,0,0,2,2,4,6
61,0,9.153007217674059,28426.46,341117.55,2,11790.99,125057.46,624431.49,891,229694.12,9.91,24,0.4148,0.6734,Female,Divorced,Graduate,Business,Education Loan,0,0,0,0,0,2
37,2,25.122825133290778,48238.29,578859.43,1,16077.0,877139.44,4133291.47,341,245693.38,11.75,180,0.3333,0.4244,Female,Divorced,Post Graduate,Salaried,Personal Loan,1,0,0,3,2,5
46,0,24.751526939988224,60540.22,726482.7,0,9066.74,698292.7,1032780.72,832,468474.69,10.84,36,0.1498,0.6449,Male,Divorced,Graduate,Student,Home Loan,0,1,0,0,4,4
64,0,24.701299449207585,70886.04,850632.45,3,29171.26,196064.45,622360.92,821,2475267.75,8.93,48,0.4115,2.9099,Male,Married,PhD,Student,Agricultural Loan,0,1,1,2,4,0
27,0,8.48187037149165,40995.31,491943.72,2,15212.66,785929.37,1774806.0,452,524372.95,11.52,60,0.3711,1.0659,Female,Married,PhD,Business,Business Loan,1,0,1,2,0,1
62,4,23.96753313647321,94852.11,1138225.31,3,33410.19,1371766.29,6194315.03,611,2457190.58,8.43,48,0.3522,2.1588,Female,Divorced,PhD,Student,Personal Loan,0,0,0,2,4,5
46,4,1.0990452473779933,47324.75,567896.95,2,1593.32,579988.17,2198200.69,593,893114.35,11.86,180,0.0337,1.5727,Male,Single,High School,Government,Personal Loan,0,1,2,1,1,5
45,0,6.193687860440624,39380.71,472568.48,1,851.9,649265.49,1229753.4,897,161161.33,7.02,240,0.0216,0.341,Male,Single,PhD,Business,Vehicle Loan,0,1,2,2,0,6
30,2,15.435089678149724,30287.53,363450.36,0,10530.45,382333.33,434118.31,412,1364103.96,10.84,12,0.3477,3.7532,Female,Married,PhD,Salaried,Business Loan,1,0,1,2,2,1
39,1,12.202384877956874,24864.95,298379.44,0,11746.14,395692.5,857452.66,411,207872.23,9.81,24,0.4724,0.6967,Male,Married,PhD,Salaried,Agricultural Loan,1,1,1,2,2,0
31,1,3.35664770531373,46720.12,560641.47,1,18074.24,978891.05,1128219.99,474,270468.4,9.12,48,0.3869,0.4824,Male,Single,Graduate,Self-employed,Business Loan,0,1,2,0,3,1
33,3,1.2516137957517637,38578.66,462943.93,4,16038.61,582955.61,912467.1,601,551613.26,10.61,12,0.4157,1.1915,Female,Married,Post Graduate,Government,Home Loan,0,0,1,3,1,4
28,3,18.33513408551729,42467.54,509610.51,2,11572.03,686734.62,2434166.7,815,432462.92,11.52,84,0.2725,0.8486,Female,Single,Post Graduate,Government,Gold Loan,0,0,2,3,1,3
60,2,9.40443851434299,48457.75,581492.96,2,7379.78,732617.63,2916067.46,520,904132.82,13.76,60,0.1523,1.5548,Female,Divorced,PhD,Salaried,Business Loan,0,0,0,2,2,1
24,0,0.4788519078500475,42360.05,508320.55,4,14354.48,559878.44,1608008.73,470,660913.04,12.83,120,0.3389,1.3002,Female,Married,Graduate,Student,Agricultural Loan,1,0,1,0,4,0
51,4,12.926838907721418,121537.39,1458448.7,1,43265.54,602262.19,2048384.95,617,402583.32,12.02,84,0.356,0.276,Female,Divorced,Post Graduate,Government,Business Loan,0,0,0,3,1,1
48,3,9.203013484202417,26455.55,317466.54,3,8933.48,230707.85,374563.46,512,1722247.92,10.35,36,0.3377,5.425,Female,Married,Graduate,Government,Vehicle Loan,1,0,1,0,1,6
31,0,17.2982204976631,47069.29,564831.46,3,22280.46,797424.64,1807905.73,552,302661.14,9.75,60,0.4734,0.5358,Female,Divorced,Post Graduate,Student,Business Loan,1,0,0,3,4,1
63,1,27.89441880372133,31678.2,380138.42,1,5815.79,341679.51,1315990.73,423,198785.23,7.23,36,0.1836,0.5229,Female,Divorced,High School,Business,Personal Loan,0,0,0,1,0,5
21,2,9.235990082599145,10000.0,120000.0,3,198.29,103409.67,254342.76,512,640906.78,9.51,240,0.0198,5.3409,Male,Married,PhD,Student,Personal Loan,1,1,1,2,4,5
58,4,29.914095548531428,32335.35,388024.19,1,14687.43,597013.81,1429994.27,384,436024.32,12.94,24,0.4542,1.1237,Male,Married,Graduate,Self-employed,Gold Loan,1,1,1,0,3,3
44,4,2.581345419555461,20704.41,248452.86,2,1661.52,23356.3,41480.11,815,538369.82,9.69,84,0.0802,2.1669,Female,Divorced,Graduate,Self-employed,Personal Loan,0,0,0,0,3,5
51,3,2.6483449020128447,34888.29,418659.48,2,12164.12,579734.29,1959095.79,364,798531.07,10.23,240,0.3487,1.9074,Female,Divorced,High School,Salaried,Education Loan,0,0,0,1,2,2
61,0,21.388798080135203,35744.74,428936.92,4,15606.23,437952.09,1856108.58,617,381522.74,8.9,120,0.4366,0.8895,Male,Single,Post Graduate,Business,Gold Loan,0,1,2,3,0,3
46,4,22.45895430609668,45762.25,549146.97,1,7096.38,442316.8,1272890.5,645,1956929.3,8.92,60,0.1551,3.5636,Female,Divorced,Graduate,Government,Business Loan,0,0,0,0,1,1
25,1,12.686135860185546,26420.42,317045.01,3,10969.96,233354.16,341200.43,542,546882.49,7.43,24,0.4152,1.7249,Male,Married,PhD,Salaried,Personal Loan,1,1,1,2,2,5
40,1,8.581427898533068,28479.63,341755.52,1,4728.45,141718.51,616967.22,436,308564.17,11.3,24,0.166,0.9029,Female,Single,High School,Salaried,Vehicle Loan,0,0,2,1,2,6
61,2,23.82006217179881,55293.81,663525.68,0,21958.77,480381.42,617572.79,546,709037.29,10.14,48,0.3971,1.0686,Male,Single,PhD,Government,Vehicle Loan,0,1,2,2,1,6
31,2,28.68716834129206,22349.63,268195.52,4,780.34,223554.93,645382.84,740,413170.24,11.24,24,0.0349,1.5406,Female,Divorced,Post Graduate,Government,Agricultural Loan,0,0,0,3,1,0
53,1,29.697056799037338,12051.3,144615.66,0,3948.27,133303.4,272513.39,344,484386.03,10.83,180,0.3276,3.3495,Female,Single,PhD,Student,Education Loan,1,0,2,2,4,2
58,1,19.03362240558313,39903.48,478841.76,4,13510.08,656927.59,3117300.49,853,182607.45,12.59,120,0.3386,0.3814,Male,Married,High School,Self-employed,Gold Loan,0,1,1,1,3,3
47,0,22.203441958513373,69044.69,828536.27,4,16965.17,789328.1,3117982.4,388,199938.52,12.26,120,0.2457,0.2413,Female,Married,High School,Government,Gold Loan,1,0,1,1,1,3
54,4,24.667397851477723,54913.16,658957.91,4,18865.16,1060622.35,3463606.45,527,1034338.11,12.4,36,0.3435,1.5697,Male,Divorced,Graduate,Student,Personal Loan,1,1,0,0,4,5
35,0,23.966094532786443,40347.73,484172.81,0,18624.18,634023.24,2327513.12,590,164804.31,10.49,120,0.4616,0.3404,Male,Single,PhD,Self-employed,Personal Loan,1,1,2,2,3,5
52,2,29.801769084496765,76909.69,922916.33,4,28220.27,412292.32,1290849.76,721,401153.33,9.48,180,0.3669,0.4347,Male,Divorced,PhD,Business,Home Loan,0,1,0,2,0,4
41,2,24.31295556732169,69508.92,834107.02,1,33409.32,512627.09,815284.06,366,574169.83,13.53,60,0.4806,0.6884,Male,Divorced,Post Graduate,Business,Business Loan,1,1,0,3,0,1
25,2,19.877172878692072,29775.8,357309.61,1,6678.9,84049.08,322445.46,550,1370136.34,7.38,12,0.2243,3.8346,Male,Divorced,Graduate,Business,Education Loan,1,1,0,0,0,2
26,4,11.286478190009735,42129.9,505558.83,0,11128.42,958522.7,2847479.37,340,301033.82,8.07,12,0.2641,0.5954,Male,Single,Post Graduate,Government,Gold Loan,0,1,2,3,1,3
58,3,17.939598195490333,43229.4,518752.82,2,5700.63,924705.48,3270902.5,398,811889.53,9.94,48,0.1319,1.5651,Female,Married,Post Graduate,Self-employed,Personal Loan,0,0,1,3,3,5
42,2,26.41078351472207,34473.62,413683.42,2,16988.63,101707.97,120097.45,605,401747.96,11.3,24,0.4928,0.9711,Male,Married,High School,Self-employed,Business Loan,0,1,1,1,3,1
38,2,9.164401887267251,71721.69,860660.32,0,1977.25,1018716.89,1597489.86,755,77335.17,7.06,120,0.0276,0.0899,Male,Single,High School,Business,Gold Loan,0,1,2,1,0,3
34,0,0.9195766491804713,33147.27,397767.28,4,5943.64,765345.41,2569633.36,890,459025.31,12.04,36,0.1793,1.154,Male,Divorced,Graduate,Salaried,Business Loan,0,1,0,0,2,1
30,0,9.815466234435418,26898.68,322784.22,4,4003.83,489133.32,1388021.27,600,419355.38,10.91,48,0.1488,1.2992,Female,Married,Post Graduate,Self-employed,Education Loan,0,0,1,3,3,2
33,3,28.806901769121456,10000.0,120000.0,4,1932.56,123116.8,234844.65,498,621628.13,10.39,240,0.1933,5.1802,Female,Divorced,PhD,Self-employed,Vehicle Loan,1,0,0,2,3,6
51,3,23.82202713694858,22494.31,269931.72,0,10321.72,147233.55,289025.9,787,264575.05,9.96,24,0.4589,0.9802,Male,Married,PhD,Student,Education Loan,0,1,1,2,4,2
50,3,5.614196421169933,16493.96,197927.47,4,3035.2,122349.73,431482.63,405,288133.75,10.64,180,0.184,1.4558,Male,Divorced,High School,Business,Gold Loan,1,1,0,1,0,3
23,3,0.36002927720874434,35445.88,425350.56,1,16251.52,635667.73,785601.48,700,1156438.48,8.13,12,0.4585,2.7188,Female,Divorced,Post Graduate,Salaried,Personal Loan,0,0,0,3,2,5
50,0,20.07358244658499,17116.3,205395.59,4,3623.0,324409.17,887918.74,776,338095.18,7.76,36,0.2117,1.6461,Female,Divorced,High School,Student,Gold Loan,0,0,0,1,4,3
26,2,17.37026171519568,52324.02,627888.26,0,22362.47,688581.32,2129378.53,421,95727.0,9.03,48,0.4274,0.1525,Female,Married,High School,Salaried,Home Loan,1,0,1,1,2,4
49,0,2.489459427763865,70619.57,847434.83,4,18422.88,267070.51,596253.71,376,654977.1,11.97,84,0.2609,0.7729,Male,Divorced,Graduate,Salaried,Business Loan,1,1,0,0,2,1
28,1,28.979892793069023,35642.92,427715.1,1,5548.76,801216.33,3430968.02,611,882092.03,11.12,12,0.1557,2.0623,Male,Married,Post Graduate,Salaried,Education Loan,0,1,1,3,2,2
64,1,18.533796122154648,20122.41,241468.91,0,4521.0,411091.63,504441.63,411,875903.23,10.36,180,0.2247,3.6274,Male,Married,High School,Government,Home Loan,1,1,1,1,1,4
63,2,19.545629428206958,43124.23,517490.72,2,9150.55,182518.63,814604.58,817,270420.56,11.0,24,0.2122,0.5226,Female,Married,Post Graduate,Self-employed,Gold Loan,0,0,1,3,3,3
64,3,25.607933846684926,113106.49,1357277.87,0,14698.98,260680.42,1014842.42,496,442494.43,10.91,60,0.13,0.326,Male,Married,Post Graduate,Self-employed,Agricultural Loan,0,1,1,3,3,0
53,2,10.111898059289572,93853.32,1126239.8,3,13591.78,1250591.38,3482918.89,397,676726.22,9.15,84,0.1448,0.6009,Female,Single,Post Graduate,Student,Gold Loan,1,0,2,3,4,3
37,1,16.74758954602676,15620.71,187448.5,2,1456.27,117706.42,552969.39,758,956589.99,7.68,180,0.0932,5.1032,Female,Married,PhD,Salaried,Business Loan,0,0,1,2,2,1
31,2,17.28564981180533,15276.81,183321.72,2,2566.51,114801.31,437272.8,529,661102.59,13.28,36,0.168,3.6062,Female,Divorced,High School,Salaried,Home Loan,1,0,0,1,2,4
33,3,29.0206667198255,13098.83,157185.95,0,4089.49,39376.35,186021.0,467,822825.11,11.2,240,0.3122,5.2347,Male,Married,Post Graduate,Self-employed,Personal Loan,1,1,1,3,3,5
31,0,3.9445949860363614,18357.85,220294.15,3,3548.19,420906.38,1216570.59,307,246294.19,11.88,60,0.1933,1.118,Female,Divorced,Graduate,Salaried,Personal Loan,1,0,0,0,2,5
51,3,22.767392161072408,42232.93,506795.14,2,15041.75,848621.22,2386231.55,471,70821.83,10.25,180,0.3562,0.1397,Male,Single,Graduate,Salaried,Education Loan,0,1,2,0,2,2
48,0,17.254536256162485,26003.42,312041.07,4,12832.41,94085.47,293826.14,659,1027825.7,12.3,48,0.4935,3.2939,Male,Married,High School,Salaried,Business Loan,0,1,1,1,2,1
64,1,25.361370958968173,21956.05,263472.59,3,4139.82,464628.9,586225.45,494,207562.07,11.09,240,0.1886,0.7878,Female,Single,Graduate,Business,Home Loan,1,0,2,0,0,4
26,4,24.958551885918254,67742.29,812907.42,3,15670.12,1131837.38,5244908.37,568,385718.56,7.38,180,0.2313,0.4745,Female,Married,PhD,Business,Education Loan,1,0,1,2,0,2
61,2,0.3609090492911293,49913.95,598967.44,0,4095.69,423527.18,1554712.48,318,844309.45,13.23,60,0.0821,1.4096,Female,Married,Graduate,Business,Education Loan,0,0,1,0,0,2
36,4,7.693640212679975,13058.29,156699.47,0,2560.83,274730.26,953408.14,653,451959.95,9.14,36,0.1961,2.8842,Male,Single,High School,Student,Vehicle Loan,0,1,2,1,4,6
24,3,5.424520287053136,65449.54,785394.53,0,23785.43,965675.97,4544330.28,348,776177.22,7.97,12,0.3634,0.9883,Female,Divorced,Post Graduate,Salaried,Business Loan,1,0,0,3,2,1
55,0,13.85131943429571,49198.62,590383.43,3,5348.01,1009526.46,5021938.55,763,3153067.72,7.62,60,0.1087,5.3407,Female,Divorced,PhD,Business,Education Loan,0,0,0,2,0,2
46,3,27.158623858615126,49859.18,598310.19,1,4538.53,587997.43,972297.0,655,687772.02,12.04,60,0.091,1.1495,Female,Divorced,High School,Business,Business Loan,0,0,0,1,0,1
32,3,0.1501817002878758,25789.32,309471.79,0,4853.23,322752.62,1289715.58,457,246987.14,11.93,48,0.1882,0.7981,Male,Married,High School,Government,Business Loan,0,1,1,1,1,1
31,1,14.645759272709673,32455.25,389463.0,1,13284.74,249685.72,828901.85,365,139000.0,11.9,180,0.4093,0.3569,Male,Divorced,Graduate,Student,Education Loan,1,1,0,0,4,2
57,3,26.543803056430807,11118.52,133422.19,2,3467.07,110261.56,313582.65,870,760205.42,13.41,36,0.3118,5.6977,Male,Divorced,High School,Business,Vehicle Loan,0,1,0,1,0,6
45,2,27.786373080805507,61095.41,733144.91,4,29251.85,858897.44,4217573.29,607,472222.54,9.44,240,0.4788,0.6441,Female,Married,Post Graduate,Business,Education Loan,0,0,1,3,0,2
38,1,19.718958099128688,19943.21,239318.47,4,9019.72,454353.33,1999632.66,636,146800.85,10.93,36,0.4523,0.6134,Female,Single,High School,Business,Education Loan,1,0,2,1,0,2
39,4,24.892568929359655,21539.04,258468.53,1,1627.68,318836.19,1207432.65,420,1136264.04,11.34,48,0.0756,4.3961,Male,Divorced,High School,Government,Business Loan,1,1,0,1,1,1
43,3,9.722045825548149,21365.13,256381.51,3,454.57,93786.46,237345.83,703,789629.32,13.86,84,0.0213,3.0799,Female,Single,Post Graduate,Government,Education Loan,0,0,2,3,1,2
58,4,8.578784096609551,106963.26,1283559.09,4,21344.24,124174.96,454997.31,867,438331.84,9.19,240,0.1995,0.3415,Male,Married,High School,Student,Home Loan,0,1,1,1,4,4
38,2,1.4735894134851668,24313.27,291759.24,1,6346.73,500190.11,1563982.67,395,2544501.2,13.69,24,0.261,8.7212,Female,Married,Post Graduate,Salaried,Vehicle Loan,1,0,1,3,2,6
46,2,15.096078692003607,63917.99,767015.9,0,16477.12,599517.83,1197521.16,413,1003030.0,8.04,24,0.2578,1.3077,Female,Divorced,Post Graduate,Salaried,Personal Loan,0,0,0,3,2,5
26,2,13.674960375585307,35796.48,429557.71,1,2400.28,295113.9,826769.07,728,200282.64,12.35,24,0.0671,0.4663,Male,Divorced,Graduate,Student,Education Loan,0,1,0,0,4,2
24,4,11.15746472060222,22082.36,264988.27,2,1378.13,428769.03,792728.71,839,1130426.61,11.43,60,0.0624,4.2659,Male,Single,High School,Salaried,Home Loan,0,1,2,1,2,4
64,4,3.4000229751640862,19806.39,237676.7,1,464.07,450464.27,1352150.11,301,542496.79,12.72,84,0.0234,2.2825,Male,Divorced,PhD,Self-employed,Home Loan,1,1,0,2,3,4
49,0,6.922894764727384,24901.58,298818.9,0,10593.88,453334.1,1759368.03,511,2012014.17,7.2,36,0.4254,6.7332,Male,Single,PhD,Salaried,Home Loan,1,1,2,2,2,4
54,1,6.1102684747161415,34728.75,416745.0,1,16456.98,173591.25,199037.1,879,940707.15,7.55,36,0.4739,2.2573,Female,Married,Post Graduate,Government,Vehicle Loan,0,0,1,3,1,6
37,3,28.31905206712533,52106.36,625276.3,0,3013.96,521152.2,2116669.5,632,651768.18,7.49,24,0.0578,1.0424,Female,Single,High School,Government,Agricultural Loan,0,0,2,1,1,0
63,1,28.99381011987344,27375.53,328506.41,0,2917.17,505521.18,545950.73,323,622751.28,11.15,84,0.1066,1.8957,Male,Married,Graduate,Business,Agricultural Loan,0,1,1,0,0,0
63,2,0.1026481457703099,26767.75,321212.96,2,1202.71,585124.03,1795810.5,667,170964.63,11.22,12,0.0449,0.5322,Male,Divorced,Graduate,Government,Vehicle Loan,0,1,0,0,1,6
36,3,5.116437027254721,21403.44,256841.27,2,9390.78,512993.39,1689752.43,805,293719.79,13.34,240,0.4388,1.1436,Female,Single,Graduate,Self-employed,Gold Loan,0,0,2,0,3,3
22,0,26.66342400712357,17739.95,212879.46,4,8503.72,226466.51,916051.09,475,522657.75,10.27,48,0.4794,2.4552,Male,Single,Post Graduate,Self-employed,Education Loan,1,1,2,3,3,2
54,1,1.1502025399543214,16871.57,202458.87,0,2208.46,336049.18,1359021.62,728,147650.04,7.48,24,0.1309,0.7293,Female,Single,Graduate,Self-employed,Personal Loan,0,0,2,0,3,5
28,2,28.30354537770797,65697.58,788370.95,0,9972.36,136160.06,363523.09,741,642904.3,8.47,84,0.1518,0.8155,Female,Divorced,PhD,Business,Personal Loan,0,0,0,2,0,5
33,3,11.401939631436113,26441.67,317300.07,0,4794.8,200268.41,253437.68,847,244110.81,7.06,60,0.1813,0.7693,Male,Divorced,High School,Salaried,Gold Loan,0,1,0,1,2,3
62,3,16.16057287711036,27884.73,334616.74,4,7005.53,266154.39,1004466.83,813,323015.68,12.44,36,0.2512,0.9653,Male,Divorced,High School,Business,Personal Loan,0,1,0,1,0,5
28,2,22.914588634828796,24343.8,292125.59,3,8306.85,570546.81,1736712.54,660,781179.63,12.71,36,0.3412,2.6741,Male,Single,PhD,Government,Education Loan,0,1,2,2,1,2
50,4,7.317152729674774,30028.02,360336.24,2,7572.93,32371.82,75498.66,573,283577.31,13.99,60,0.2522,0.787,Female,Single,Post Graduate,Self-employed,Personal Loan,0,0,2,3,3,5
52,1,3.020220234914656,45371.73,544460.76,2,21574.29,366806.71,711419.82,476,644087.64,9.89,48,0.4755,1.183,Female,Married,High School,Business,Education Loan,1,0,1,1,0,2
56,3,24.298445993164176,27115.79,325389.48,0,1354.35,607379.66,898334.47,563,496816.5,7.14,60,0.0499,1.5268,Female,Single,Post Graduate,Business,Vehicle Loan,0,0,2,3,0,6
50,4,29.538792385070607,40475.17,485702.02,4,16161.85,325970.79,710802.12,485,189681.25,8.64,24,0.3993,0.3905,Female,Married,Graduate,Self-employed,Agricultural Loan,1,0,1,0,3,0
21,0,19.763340568000892,85044.09,1020529.07,0,14222.9,525277.84,1488615.61,826,895479.77,11.11,12,0.1672,0.8775,Male,Divorced,Post Graduate,Student,Vehicle Loan,0,1,0,3,4,6
63,3,24.756729313546064,22207.86,266494.33,2,4192.26,395123.05,1149980.62,578,933039.29,13.73,60,0.1888,3.5012,Male,Married,PhD,Self-employed,Education Loan,1,1,1,2,3,2
59,3,28.239371775961526,27898.24,334778.93,4,9887.55,506152.11,1685970.28,497,974503.47,7.73,12,0.3544,2.9109,Female,Married,Post Graduate,Student,Agricultural Loan,1,0,1,3,4,0
37,0,6.8573934441878475,53350.37,640204.42,1,24791.31,632740.24,1550134.04,648,2035281.12,7.85,36,0.4647,3.1791,Female,Single,High School,Self-employed,Agricultural Loan,0,0,2,1,3,0
40,0,10.51217862321481,89176.93,1070123.21,2,31934.29,2031370.46,9505983.91,720,318408.97,11.91,180,0.3581,0.2975,Male,Single,High School,Salaried,Business Loan,0,1,2,1,2,1
44,3,6.57078220674363,17233.56,206802.7,1,6685.42,97580.94,291130.62,604,92993.4,11.67,180,0.3879,0.4497,Male,Married,Graduate,Student,Education Loan,0,1,1,0,4,2
42,2,1.8535131593806509,13088.87,157066.45,3,4913.43,288067.25,776312.48,363,261553.72,8.75,240,0.3754,1.6652,Female,Married,High School,Student,Vehicle Loan,1,0,1,1,4,6
49,0,21.968273919467304,36302.29,435627.52,1,5826.13,667115.83,795650.29,589,953212.94,12.69,12,0.1605,2.1881,Female,Divorced,PhD,Business,Education Loan,1,0,0,2,0,2
42,4,4.369728108895254,34121.19,409454.27,4,12913.68,323086.44,1097221.04,317,414531.42,7.9,48,0.3785,1.0124,Male,Single,PhD,Student,Gold Loan,1,1,2,2,4,3
64,0,2.781281907151709,55276.41,663316.96,1,21682.75,1081145.75,3688302.49,363,143800.45,13.48,84,0.3923,0.2168,Male,Divorced,High School,Government,Vehicle Loan,0,1,0,1,1,6
29,3,10.729046118726995,50439.82,605277.83,3,13452.31,204969.77,683196.75,629,115066.05,8.41,120,0.2667,0.1901,Male,Married,High School,Business,Personal Loan,0,1,1,1,0,5
57,3,1.8166834262251885,35582.96,426995.48,2,9549.69,142780.08,649704.71,316,1378193.32,7.57,60,0.2684,3.2277,Female,Divorced,High School,Business,Vehicle Loan,0,0,0,1,0,6
30,1,5.38674951919687,68154.26,817851.09,3,25889.1,1525875.4,6182241.83,742,719898.89,9.38,120,0.3799,0.8802,Female,Single,High School,Salaried,Personal Loan,0,0,2,1,2,5
56,4,2.098236226193925,24134.3,289611.62,4,9859.23,76745.91,343025.26,440,297350.67,8.31,180,0.4085,1.0267,Male,Married,Graduate,Business,Personal Loan,1,1,1,0,0,5
57,1,26.318334204238788,41231.12,494773.38,1,6951.47,45099.87,55819.67,607,1994716.36,10.69,84,0.1686,4.0316,Female,Married,Graduate,Business,Gold Loan,0,0,1,0,0,3
48,0,23.392031698553815,17510.84,210130.14,1,7018.02,174192.65,395853.8,743,3682575.38,11.81,48,0.4008,17.5252,Male,Divorced,Graduate,Government,Vehicle Loan,1,1,0,0,1,6
48,1,25.785444231057227,35409.06,424908.74,4,14415.19,119986.17,272950.27,795,1012442.29,10.44,12,0.4071,2.3827,Female,Single,Graduate,Business,Vehicle Loan,0,0,2,0,0,6
62,3,26.049932263888927,15113.16,181357.89,0,1769.19,315106.91,1143264.66,725,809583.0,11.62,60,0.1171,4.464,Female,Married,Graduate,Student,Gold Loan,0,0,1,0,4,3
63,2,28.335271672160975,18592.13,223105.61,4,6664.82,413153.49,1154540.98,774,675091.07,9.55,48,0.3585,3.0259,Male,Married,High School,Salaried,Agricultural Loan,0,1,1,1,2,0
41,0,5.59963696748847,101282.72,1215392.65,4,9446.33,1225096.18,5035011.05,544,877253.86,7.2,60,0.0933,0.7218,Male,Divorced,Post Graduate,Government,Vehicle Loan,1,1,0,3,1,6
44,3,27.00027192177334,12152.35,145828.14,3,565.38,131073.32,332627.67,749,2119510.76,13.82,48,0.0465,14.5343,Female,Married,Graduate,Self-employed,Agricultural Loan,0,0,1,0,3,0
62,0,15.75116706517106,31888.76,382665.16,3,9160.73,427242.57,805963.34,650,203175.49,12.74,240,0.2873,0.5309,Male,Married,Post Graduate,Self-employed,Personal Loan,0,1,1,3,3,5
60,1,4.986930750451305,59654.75,715857.01,4,27102.71,370007.18,800623.13,898,337303.66,7.51,36,0.4543,0.4712,Female,Single,Graduate,Self-employed,Business Loan,0,0,2,0,3,1
22,1,19.673201303308172,137697.34,1652368.05,2,2441.31,1081366.77,1870633.56,460,425819.14,10.14,36,0.0177,0.2577,Female,Single,Post Graduate,Government,Business Loan,1,0,2,3,1,1
28,0,9.81001566612563,40386.26,484635.18,1,16689.66,134182.35,240397.18,439,700427.95,11.45,120,0.4133,1.4453,Male,Divorced,High School,Self-employed,Agricultural Loan,1,1,0,1,3,0
47,0,1.3940843225683075,41795.0,501540.04,4,10583.98,470960.81,879451.34,792,1547792.89,8.33,24,0.2532,3.0861,Male,Married,High School,Student,Education Loan,0,1,1,1,4,2
42,1,2.3594395635825363,37190.6,446287.16,0,16008.61,560421.65,596500.95,887,615545.06,11.05,240,0.4304,1.3793,Male,Single,PhD,Self-employed,Business Loan,0,1,2,2,3,1
57,0,12.711479518432853,68482.99,821795.86,1,28881.91,1533686.51,5926704.73,830,729552.85,10.74,180,0.4217,0.8878,Male,Divorced,High School,Self-employed,Business Loan,0,1,0,1,3,1
47,1,24.79450644102029,47052.63,564631.62,2,20592.28,846885.45,2200555.09,692,760228.1,8.46,84,0.4376,1.3464,Male,Single,PhD,Salaried,Gold Loan,0,1,2,2,2,3
49,0,9.330833071318157,25718.02,308616.28,4,9886.96,453420.74,494539.34,700,450660.03,7.99,240,0.3844,1.4603,Female,Divorced,Post Graduate,Self-employed,Business Loan,0,0,0,3,3,1
23,2,22.983775897236605,70919.95,851039.37,2,29892.49,573315.16,1421838.9,349,317138.65,12.31,36,0.4215,0.3726,Male,Divorced,Graduate,Self-employed,Gold Loan,1,1,0,0,3,3
64,0,1.6723188854554771,27520.48,330245.71,1,2422.15,589784.32,2725672.0,594,469649.19,9.26,48,0.088,1.4221,Female,Married,High School,Business,Agricultural Loan,0,0,1,1,0,0
33,0,11.811975038542958,13917.5,167010.0,0,2114.44,317040.39,965380.78,724,262121.44,8.71,120,0.1519,1.5695,Female,Divorced,PhD,Student,Education Loan,0,0,0,2,4,2
30,3,3.823207605243355,13944.01,167328.12,1,1690.61,312932.13,1548077.75,311,265753.16,12.17,12,0.1212,1.5882,Male,Divorced,Post Graduate,Government,Personal Loan,1,1,0,3,1,5
56,2,25.906450060480797,32188.33,386259.91,1,11948.76,60915.43,192482.87,634,593877.57,12.15,12,0.3712,1.5375,Male,Single,Graduate,Salaried,Education Loan,0,1,2,0,2,2
29,1,29.038146205174222,38631.56,463578.77,4,2967.74,575612.8,2792410.51,314,301769.94,8.93,12,0.0768,0.651,Female,Divorced,High School,Government,Vehicle Loan,1,0,0,1,1,6
47,1,9.768471344172093,64432.77,773193.19,1,5870.72,1017662.53,1839122.69,327,1938381.01,13.11,180,0.0911,2.507,Male,Divorced,Graduate,Self-employed,Education Loan,0,1,0,0,3,2
54,4,29.665879823507595,53342.56,640110.76,4,23443.12,415351.8,897051.58,687,497442.02,11.82,84,0.4395,0.7771,Male,Single,Graduate,Business,Gold Loan,0,1,2,0,0,3
21,2,22.56922680694246,38097.75,457173.03,4,13446.26,907697.25,3449141.01,591,1312444.8,9.42,36,0.3529,2.8708,Male,Single,High School,Self-employed,Home Loan,1,1,2,1,3,4
52,2,0.03701698281443733,66629.74,799556.87,2,29163.17,512869.86,2537314.13,549,163394.78,9.99,120,0.4377,0.2044,Female,Single,PhD,Self-employed,Vehicle Loan,1,0,2,2,3,6
45,0,14.558153273537844,36594.12,439129.39,0,2549.79,218908.5,941566.96,804,167444.96,12.09,84,0.0697,0.3813,Male,Single,High School,Salaried,Agricultural Loan,0,1,2,1,2,0
49,3,25.02301911172271,16742.55,200910.54,4,3339.97,203176.65,653176.57,397,404798.62,8.48,60,0.1995,2.0148,Male,Married,PhD,Salaried,Business Loan,1,1,1,2,2,1
27,1,16.016261436556206,14690.09,176281.12,3,2079.76,123872.59,166064.89,636,936039.94,10.28,36,0.1416,5.3099,Female,Married,PhD,Government,Business Loan,0,0,1,2,1,1
23,1,16.498823263340395,78214.68,938576.15,2,378.6,1740486.04,4277273.06,338,298926.71,11.57,48,0.0048,0.3185,Male,Divorced,Graduate,Self-employed,Agricultural Loan,1,1,0,0,3,0
40,3,13.430988689193512,10000.0,120000.0,4,1422.61,111217.65,149665.9,337,408275.92,10.78,12,0.1423,3.4023,Female,Single,PhD,Government,Business Loan,1,0,2,2,1,1
40,3,11.851166084874444,32194.65,386335.81,4,6110.28,335900.95,754139.78,599,984550.36,11.26,240,0.1898,2.5484,Male,Married,PhD,Self-employed,Education Loan,1,1,1,2,3,2
50,2,0.8219027351450292,217309.11,2607709.34,2,10020.08,3345436.61,6808526.88,478,324349.58,10.82,60,0.0461,0.1244,Male,Divorced,High School,Salaried,Education Loan,1,1,0,1,2,2
55,3,18.65199183517948,47836.3,574035.61,1,13549.33,137081.5,350136.46,768,241345.62,8.39,24,0.2832,0.4204,Male,Married,PhD,Business,Personal Loan,0,1,1,2,0,5
55,3,23.001790093575767,32044.29,384531.49,4,6139.25,589770.61,2564975.12,581,779738.49,9.87,240,0.1916,2.0278,Male,Married,High School,Government,Agricultural Loan,1,1,1,1,1,0
59,0,23.705335293125778,13217.84,158614.14,0,307.06,246819.1,395282.44,463,155869.0,10.72,120,0.0232,0.9827,Male,Married,High School,Government,Vehicle Loan,1,1,1,1,1,6
47,2,18.739084195344482,95838.75,1150064.97,4,33734.23,1140729.72,2537274.68,752,328098.35,12.46,180,0.352,0.2853,Female,Divorced,Post Graduate,Student,Personal Loan,0,0,0,3,4,5
46,4,10.238317489270079,75229.35,902752.2,2,27431.62,1728849.65,3534579.47,396,484765.75,11.58,36,0.3646,0.537,Female,Married,PhD,Student,Gold Loan,0,0,1,2,4,3
34,4,0.6782900544569215,54768.92,657227.03,3,22851.55,784553.79,1713910.0,608,675504.64,9.99,120,0.4172,1.0278,Female,Divorced,High School,Business,Gold Loan,0,0,0,1,0,3
37,1,26.873386417713867,36303.31,435639.7,2,8813.37,616809.13,1506552.53,561,854368.96,13.82,12,0.2428,1.9612,Male,Single,High School,Student,Personal Loan,0,1,2,1,4,5
38,3,12.871386551322159,51185.28,614223.41,2,24790.54,1139381.04,2252837.75,592,967937.08,7.75,84,0.4843,1.5759,Male,Single,Graduate,Business,Vehicle Loan,1,1,2,0,0,6
49,0,18.035263459922295,33217.34,398608.1,0,15181.39,542304.43,2586968.41,548,347326.63,8.45,84,0.457,0.8713,Female,Single,PhD,Self-employed,Personal Loan,1,0,2,2,3,5
40,3,5.836682255430661,20252.7,243032.41,1,5583.18,221402.49,593448.76,544,951705.21,9.39,84,0.2757,3.916,Female,Single,PhD,Student,Business Loan,1,0,2,2,4,1
47,1,4.258671537776767,64460.05,773520.62,0,14340.81,101185.33,147371.68,550,663258.05,8.6,36,0.2225,0.8575,Male,Married,Graduate,Student,Personal Loan,0,1,1,0,4,5
38,3,2.604531384237542,35228.29,422739.51,0,53.45,625333.34,1795103.44,422,787773.47,11.38,84,0.0015,1.8635,Male,Married,High School,Government,Vehicle Loan,1,1,1,1,1,6
24,4,23.962956156551652,49670.5,596045.94,4,17657.73,1151954.07,2001782.38,624,266458.64,7.28,36,0.3555,0.447,Female,Single,Graduate,Business,Gold Loan,0,0,2,0,0,3
21,2,19.393821398174264,33769.93,405239.17,3,9539.24,399005.5,743954.76,800,753200.28,8.24,240,0.2825,1.8587,Female,Divorced,Post Graduate,Government,Home Loan,0,0,0,3,1,4
21,3,18.63477776847552,47910.58,574926.96,2,22459.14,422316.36,903826.99,365,391523.12,9.05,120,0.4688,0.681,Male,Married,High School,Student,Personal Loan,1,1,1,1,4,5
46,4,27.581932430619407,36001.09,432013.02,0,10696.5,465960.85,698493.69,358,459684.04,11.78,48,0.2971,1.0641,Male,Married,PhD,Self-employed,Business Loan,0,1,1,2,3,1
40,4,4.761367176585571,34353.87,412246.5,0,17054.23,609920.6,2369221.78,797,504898.79,13.13,36,0.4964,1.2247,Male,Divorced,Graduate,Salaried,Business Loan,0,1,0,0,2,1
43,1,5.108080554348183,36974.87,443698.43,1,15784.93,37562.06,156550.64,672,2398965.38,12.59,84,0.4269,5.4067,Male,Divorced,Graduate,Business,Personal Loan,0,1,0,0,0,5
30,2,5.684074486030207,214598.01,2575176.06,1,102320.11,4593656.92,11838495.57,565,212801.58,8.27,240,0.4768,0.0826,Female,Divorced,High School,Business,Education Loan,1,0,0,1,0,2
31,1,12.701082907958689,58773.37,705280.48,3,9628.92,1256947.68,4721057.97,535,1145616.09,10.96,36,0.1638,1.6243,Female,Single,Graduate,Self-employed,Vehicle Loan,1,0,2,0,3,6
61,0,26.226652050358062,171379.34,2056552.1,2,12796.55,2305026.86,5891227.21,517,1389282.56,7.21,180,0.0747,0.6755,Male,Single,Graduate,Self-employed,Education Loan,0,1,2,0,3,2
61,2,26.44422378180724,36139.39,433672.62,0,14399.23,137861.33,228341.01,826,856381.41,9.17,84,0.3984,1.9747,Male,Divorced,PhD,Business,Gold Loan,0,1,0,2,0,3
25,0,17.717632096107216,30168.85,362026.2,4,11859.33,496323.84,1284819.75,740,288266.1,12.64,48,0.3931,0.7963,Female,Single,Graduate,Business,Education Loan,0,0,2,0,0,2
21,2,19.744286935903652,19062.57,228750.78,1,2015.38,79499.48,256620.32,705,1718916.08,10.2,60,0.1057,7.5144,Female,Single,High School,Self-employed,Vehicle Loan,0,0,2,1,3,6
37,4,26.932870308444382,95029.13,1140349.52,0,36336.51,1204359.66,1401847.26,888,339214.82,8.05,36,0.3824,0.2975,Male,Divorced,High School,Self-employed,Personal Loan,0,1,0,1,3,5
42,0,18.72656866391092,21097.06,253164.74,4,6138.96,66529.36,240699.07,768,766580.45,10.07,24,0.291,3.028,Female,Married,Graduate,Self-employed,Personal Loan,0,0,1,0,3,5
54,2,6.893990335059652,107552.72,1290632.68,0,5889.86,1564731.09,6212658.21,409,487346.94,8.39,240,0.0548,0.3776,Female,Single,Graduate,Student,Home Loan,0,0,2,0,4,4
61,2,21.147422049946186,19737.72,236852.69,3,4952.03,164130.91,728721.7,652,329285.37,9.75,36,0.2509,1.3903,Female,Divorced,PhD,Business,Gold Loan,0,0,0,2,0,3
49,0,23.09672322341696,61820.85,741850.17,3,28781.87,1243390.49,1754526.24,390,685118.61,10.41,84,0.4656,0.9235,Female,Divorced,Graduate,Business,Personal Loan,1,0,0,0,0,5
24,2,19.06033869644482,13980.17,167762.1,4,3540.18,271198.07,271299.6,713,1989768.08,9.45,60,0.2532,11.8607,Female,Divorced,High School,Self-employed,Education Loan,0,0,0,1,3,2
25,1,8.207083903269718,27856.64,334279.66,1,10985.25,667581.53,863226.63,372,543114.96,13.56,180,0.3943,1.6247,Male,Married,Graduate,Government,Home Loan,0,1,1,0,1,4
31,1,11.997535487806202,36799.85,441598.14,3,531.94,254749.62,1196423.22,846,2153811.32,10.94,60,0.0145,4.8773,Male,Divorced,Graduate,Salaried,Home Loan,0,1,0,0,2,4
41,0,14.11777222940222,25374.64,304495.64,1,9237.4,61442.78,249594.28,597,382075.94,12.9,180,0.364,1.2548,Male,Divorced,Graduate,Business,Agricultural Loan,0,1,0,0,0,0
55,4,4.358952544631398,32807.22,393686.7,4,15531.55,367082.5,1593777.73,582,470679.17,12.33,60,0.4734,1.1956,Female,Married,Post Graduate,Student,Gold Loan,1,0,1,3,4,3
32,3,13.566697633799553,32901.48,394817.77,4,8217.6,96015.62,294581.23,804,165937.55,11.63,84,0.2498,0.4203,Male,Divorced,Post Graduate,Salaried,Home Loan,0,1,0,3,2,4
46,0,4.835922699876028,58933.21,707198.58,0,9951.17,300883.14,934807.67,497,283149.24,10.48,60,0.1689,0.4004,Male,Single,Graduate,Government,Business Loan,0,1,2,0,1,1
39,0,14.983552322185673,10383.25,124598.96,4,3357.17,153027.29,335745.3,331,371499.92,7.02,24,0.3233,2.9816,Female,Married,Graduate,Student,Vehicle Loan,1,0,1,0,4,6
27,0,1.5243227565835848,25906.47,310877.68,0,11868.55,378726.99,1655420.28,640,340021.77,11.29,84,0.4581,1.0937,Male,Married,Post Graduate,Self-employed,Education Loan,0,1,1,3,3,2
27,0,28.455944758836083,77094.08,925128.99,1,6813.95,153920.8,664796.0,633,205213.53,9.49,120,0.0884,0.2218,Female,Divorced,PhD,Government,Home Loan,0,0,0,2,1,4
46,1,7.3903459280957104,50893.37,610720.45,0,10272.68,569334.43,1462441.04,442,240511.68,7.82,36,0.2018,0.3938,Male,Single,Graduate,Self-employed,Personal Loan,1,1,2,0,3,5
60,0,14.010429295728269,77868.11,934417.3,1,6085.01,1027472.02,2380722.83,709,351768.26,10.11,36,0.0781,0.3765,Female,Married,Graduate,Student,Education Loan,0,0,1,0,4,2
25,4,0.9825652959707387,57255.19,687062.31,3,14218.02,410208.12,1621754.95,343,1143073.04,12.15,120,0.2483,1.6637,Male,Divorced,PhD,Student,Gold Loan,1,1,0,2,4,3
41,3,5.781645665990945,18956.29,227475.45,1,5122.2,399162.41,440943.76,331,133724.31,13.73,48,0.2702,0.5879,Male,Divorced,High School,Self-employed,Home Loan,1,1,0,1,3,4
34,3,20.79734975500732,53989.15,647869.75,2,25488.37,254033.45,1127856.59,327,83638.29,9.62,24,0.4721,0.1291,Female,Married,Post Graduate,Salaried,Education Loan,1,0,1,3,2,2
24,4,3.3540180941668183,38565.59,462787.07,0,7954.44,263778.66,734621.45,722,108156.87,10.8,240,0.2063,0.2337,Male,Married,Post Graduate,Business,Personal Loan,0,1,1,3,0,5
43,0,18.844474828923335,141610.67,1699328.02,3,40143.55,652948.6,1805649.04,790,224600.92,12.96,240,0.2835,0.1322,Female,Divorced,PhD,Business,Home Loan,0,0,0,2,0,4
62,3,0.0620667430301991,58764.83,705177.91,1,26011.15,216288.21,795142.79,459,736434.86,9.34,84,0.4426,1.0443,Male,Married,Post Graduate,Student,Gold Loan,1,1,1,3,4,3
40,1,13.950279773869903,49712.94,596555.22,4,7988.99,1054735.55,3779114.76,506,332685.67,8.0,24,0.1607,0.5577,Male,Single,High School,Government,Gold Loan,1,1,2,1,1,3
35,3,21.640309221698633,54266.08,651192.91,0,18292.11,401067.59,827761.89,317,329072.39,8.97,36,0.3371,0.5053,Male,Single,High School,Self-employed,Agricultural Loan,1,1,2,1,3,0
49,4,27.788785887411937,48112.98,577355.79,1,18214.66,847657.05,4045964.08,402,323214.68,13.29,60,0.3786,0.5598,Female,Divorced,Post Graduate,Government,Gold Loan,1,0,0,3,1,3
28,3,14.785085282772414,47338.57,568062.84,3,7823.37,513320.25,2538532.84,881,98492.46,8.12,60,0.1653,0.1734,Male,Single,High School,Self-employed,Business Loan,0,1,2,1,3,1
61,4,25.2159740921588,30952.96,371435.54,4,2543.42,483642.82,1501206.06,531,881287.92,9.3,240,0.0822,2.3727,Male,Divorced,High School,Government,Home Loan,1,1,0,1,1,4
39,0,24.077740641649708,50075.33,600903.95,0,12591.68,1119086.08,3632019.84,723,1262266.0,10.25,36,0.2515,2.1006,Male,Married,High School,Self-employed,Home Loan,0,1,1,1,3,4
59,3,8.873123312025296,64156.46,769877.48,3,11445.57,1310458.55,4216101.42,846,338277.83,12.93,24,0.1784,0.4394,Male,Married,Graduate,Student,Home Loan,0,1,1,0,4,4
48,4,26.242008717350362,68610.22,823322.69,4,9141.02,177473.18,522330.11,538,473718.7,13.56,180,0.1332,0.5754,Male,Divorced,PhD,Salaried,Personal Loan,1,1,0,2,2,5
47,1,19.208489394277684,63797.55,765570.62,2,31050.95,1304000.15,6234096.41,633,486492.49,9.98,120,0.4867,0.6355,Female,Divorced,Post Graduate,Business,Business Loan,0,0,0,3,0,1
24,1,3.1255394425907923,89754.93,1077059.11,4,22535.35,1022482.81,2023503.49,448,188290.64,13.52,240,0.2511,0.1748,Female,Married,Graduate,Government,Agricultural Loan,1,0,1,0,1,0
35,2,28.173383897876413,71234.7,854816.35,0,30505.46,644912.75,923407.17,707,310770.17,8.13,36,0.4282,0.3636,Male,Divorced,Post Graduate,Business,Gold Loan,0,1,0,3,0,3
55,3,5.300302246015721,52950.39,635404.7,2,5171.07,871824.08,4113430.92,316,1846136.31,8.1,84,0.0977,2.9054,Male,Single,PhD,Government,Education Loan,0,1,2,2,1,2
57,0,14.110828418888815,18284.4,219412.8,1,8588.57,417885.96,773988.84,525,441003.66,13.64,60,0.4697,2.0099,Female,Single,High School,Student,Business Loan,1,0,2,1,4,1
21,2,13.990961566352993,18288.71,219464.48,2,7264.56,57885.89,231347.97,559,529037.88,10.57,60,0.3972,2.4106,Female,Single,Post Graduate,Student,Education Loan,1,0,2,3,4,2
23,3,18.75709869422711,31292.05,375504.6,2,12652.82,584090.27,1060411.93,473,253999.37,8.3,180,0.4043,0.6764,Male,Married,Post Graduate,Government,Home Loan,1,1,1,3,1,4
44,1,19.948702970354322,37348.66,448183.87,2,7278.6,212165.94,1027041.02,504,313650.03,10.42,12,0.1949,0.6998,Male,Married,Graduate,Government,Gold Loan,0,1,1,0,1,3
47,0,6.987234889162107,84019.22,1008230.7,4,20401.42,818610.3,3409092.02,714,741947.32,12.48,12,0.2428,0.7359,Female,Married,Graduate,Government,Agricultural Loan,0,0,1,0,1,0
60,1,10.57327465552904,10000.0,120000.0,2,2966.77,210979.29,986301.34,807,226006.67,12.79,36,0.2967,1.8834,Female,Divorced,High School,Student,Gold Loan,0,0,0,1,4,3
56,3,4.33770613892257,19537.21,234446.55,2,7714.91,264795.28,1272060.47,452,1616843.41,13.05,24,0.3949,6.8964,Female,Married,PhD,Salaried,Home Loan,1,0,1,2,2,4
54,0,3.7804720214866574,32320.84,387850.06,1,13721.11,82466.71,110315.52,402,121417.11,10.99,24,0.4245,0.3131,Female,Married,High School,Salaried,Personal Loan,1,0,1,1,2,5
49,0,24.752020657312677,19967.98,239615.8,2,779.2,253296.19,692399.19,364,266590.63,13.07,24,0.039,1.1126,Female,Single,Graduate,Government,Education Loan,1,0,2,0,1,2
44,2,22.521640209812535,22496.96,269963.55,4,10169.33,431081.49,1548617.72,416,135414.9,10.57,48,0.452,0.5016,Female,Married,Post Graduate,Self-employed,Education Loan,1,0,1,3,3,2
44,0,13.280504598865328,26916.71,323000.58,3,12617.17,354338.46,1491702.69,455,1276318.85,11.25,12,0.4687,3.9514,Male,Divorced,Post Graduate,Salaried,Vehicle Loan,1,1,0,3,2,6
62,3,2.877278515287819,20588.84,247066.09,3,6103.43,99618.13,195837.98,381,429759.58,12.31,240,0.2964,1.7395,Female,Divorced,PhD,Student,Agricultural Loan,1,0,0,2,4,0
24,4,13.497652301098592,22846.32,274155.86,4,2133.28,256700.01,1195816.3,817,351824.77,9.98,60,0.0934,1.2833,Female,Single,High School,Student,Home Loan,0,0,2,1,4,4
23,4,8.833670812344055,82284.62,987415.49,4,33671.48,1831651.07,3450657.2,366,608092.8,7.52,60,0.4092,0.6158,Female,Single,High School,Student,Education Loan,1,0,2,1,4,2
54,0,23.33757661282534,52501.18,630014.21,2,14400.75,847300.43,3782946.98,537,1354864.25,9.45,240,0.2743,2.1505,Male,Divorced,High School,Business,Agricultural Loan,0,1,0,1,0,0
43,4,2.8991800333025166,57432.52,689190.26,4,23466.83,1021574.65,3116671.34,883,525894.03,11.37,60,0.4086,0.7631,Male,Single,Post Graduate,Business,Education Loan,0,1,2,3,0,2
43,3,13.541056612351714,35579.55,426954.61,2,14495.25,678734.72,2078074.41,625,1103635.79,8.35,180,0.4074,2.5849,Male,Single,PhD,Student,Personal Loan,0,1,2,2,4,5
25,2,17.74161130889721,66613.54,799362.47,0,2888.67,205565.97,513097.27,889,349790.72,8.04,12,0.0434,0.4376,Male,Divorced,Post Graduate,Salaried,Business Loan,0,1,0,3,2,1
51,1,29.57175759639166,60396.05,724752.6,1,18330.85,868213.81,1227672.5,366,205033.43,9.05,12,0.3035,0.2829,Female,Single,PhD,Business,Home Loan,1,0,2,2,0,4
61,1,2.68824393576218,52006.44,624077.23,1,12563.31,501656.65,1198136.8,475,532730.64,7.22,48,0.2416,0.8536,Male,Divorced,PhD,Self-employed,Home Loan,0,1,0,2,3,4
26,3,3.418814165008981,24526.31,294315.68,1,11602.41,103026.69,278887.79,777,253245.1,12.2,180,0.4731,0.8605,Female,Divorced,High School,Government,Business Loan,0,0,0,1,1,1
57,2,29.641474806495026,27855.28,334263.33,0,4131.51,157725.49,459940.81,554,767580.05,8.81,36,0.1483,2.2963,Male,Divorced,Post Graduate,Business,Agricultural Loan,1,1,0,3,0,0
30,3,12.168754633887088,68519.8,822237.62,1,7057.54,1299593.9,5141688.82,362,318869.55,7.87,12,0.103,0.3878,Female,Single,Post Graduate,Business,Business Loan,0,0,2,3,0,1
60,0,22.311429215944347,26634.42,319613.08,2,11946.7,125561.31,302386.85,702,413480.63,11.89,240,0.4485,1.2937,Male,Divorced,PhD,Salaried,Business Loan,0,1,0,2,2,1
27,2,23.504261474728416,16762.27,201147.18,3,1246.4,137209.67,360363.55,491,73694.28,12.9,240,0.0744,0.3664,Male,Married,Post Graduate,Salaried,Agricultural Loan,1,1,1,3,2,0
59,4,9.436782276387408,26328.02,315936.27,1,9037.35,198831.51,919475.34,628,400401.47,7.14,240,0.3433,1.2673,Male,Married,PhD,Self-employed,Education Loan,0,1,1,2,3,2
58,0,6.429006208236016,92562.87,1110754.49,1,13885.35,196094.3,786390.92,370,364372.46,8.64,240,0.15,0.328,Male,Married,Post Graduate,Self-employed,Education Loan,0,1,1,3,3,2
41,4,8.282736001581691,26343.53,316122.37,2,7479.53,306365.89,334374.8,362,1121716.93,13.62,24,0.2839,3.5484,Male,Single,Post Graduate,Self-employed,Agricultural Loan,0,1,2,3,3,0
40,0,22.931802751144442,44204.99,530459.84,2,13619.99,822937.11,3496128.99,596,887430.75,9.7,48,0.3081,1.6729,Male,Divorced,PhD,Self-employed,Gold Loan,1,1,0,2,3,3
23,0,25.21438353075894,25099.1,301189.19,1,5237.8,37887.36,187912.78,544,451068.59,13.57,24,0.2087,1.4976,Female,Married,Post Graduate,Business,Vehicle Loan,1,0,1,3,0,6
42,0,20.985148115138912,57414.68,688976.18,4,27988.65,206043.11,980573.8,818,120048.3,8.92,120,0.4875,0.1742,Male,Divorced,High School,Self-employed,Business Loan,0,1,0,1,3,1
24,0,13.236827091266543,50115.19,601382.33,0,3303.42,880237.98,3823598.52,692,311082.71,8.53,36,0.0659,0.5173,Female,Single,High School,Self-employed,Education Loan,0,0,2,1,3,2
48,2,7.876903702755663,14843.08,178116.98,3,2904.78,217486.22,764832.69,476,1122668.81,8.5,240,0.1957,6.303,Male,Single,Graduate,Student,Home Loan,1,1,2,0,4,4
32,2,12.757471274823816,42651.56,511818.75,3,9178.52,744299.42,1572532.35,503,377467.79,7.6,120,0.2152,0.7375,Female,Married,PhD,Business,Gold Loan,1,0,1,2,0,3
58,0,27.435798588877372,13232.72,158792.65,0,4175.23,83265.45,301231.29,893,188450.95,13.28,180,0.3155,1.1868,Female,Single,High School,Business,Agricultural Loan,0,0,2,1,0,0
56,3,25.89586625270981,26044.43,312533.2,1,5303.42,507519.58,1919626.79,832,1111764.69,13.86,240,0.2036,3.5573,Male,Single,Graduate,Business,Personal Loan,0,1,2,0,0,5
61,0,9.701286222580704,36067.22,432806.62,1,1749.91,434142.35,923087.63,427,120715.13,13.68,180,0.0485,0.2789,Female,Divorced,PhD,Government,Home Loan,0,0,0,2,1,4
25,0,9.838224482111288,109987.23,1319846.76,1,52102.6,1653871.98,3343002.02,494,404194.15,12.96,120,0.4737,0.3062,Female,Divorced,Post Graduate,Self-employed,Gold Loan,1,0,0,3,3,3
33,3,23.399221493367932,43947.34,527368.13,1,9142.79,137095.0,354760.1,493,691395.3,12.93,240,0.208,1.311,Female,Married,PhD,Self-employed,Business Loan,1,0,1,2,3,1
43,3,12.797221577535629,22919.61,275035.37,1,3926.97,131002.25,466969.02,483,489354.83,11.63,12,0.1713,1.7792,Female,Married,Post Graduate,Self-employed,Home Loan,1,0,1,3,3,4
50,0,17.181684254839826,30021.65,360259.75,3,6705.67,564023.61,1225199.76,546,163862.78,12.78,48,0.2234,0.4548,Male,Divorced,PhD,Salaried,Business Loan,1,1,0,2,2,1
57,1,12.66953221090706,63228.98,758747.79,1,6847.56,388851.55,1253138.71,623,210374.81,8.46,48,0.1083,0.2773,Female,Single,Post Graduate,Salaried,Home Loan,0,0,2,3,2,4
45,1,7.2701645950908755,23106.98,277283.73,2,1157.91,72282.92,332280.96,459,253119.95,9.72,60,0.0501,0.9129,Female,Married,PhD,Salaried,Home Loan,1,0,1,2,2,4
47,3,5.6656130656718275,70135.69,841628.3,4,5210.33,1033496.79,2253437.75,365,828668.62,11.49,180,0.0743,0.9846,Male,Divorced,PhD,Government,Education Loan,1,1,0,2,1,2
34,0,4.186251583011895,26533.66,318403.87,1,2210.98,360925.11,1755501.82,553,507078.0,13.12,12,0.0833,1.5926,Female,Single,High School,Self-employed,Education Loan,0,0,2,1,3,2
56,4,0.34268341333234087,20969.17,251630.03,2,2072.52,314150.87,908961.6,582,324475.46,11.62,84,0.0988,1.2895,Male,Single,Post Graduate,Business,Vehicle Loan,1,1,2,3,0,6
59,4,8.418493701115091,27048.81,324585.7,3,5679.71,411710.62,577890.76,359,613618.41,12.87,240,0.21,1.8905,Male,Single,PhD,Business,Personal Loan,1,1,2,2,0,5
36,0,5.142257709329034,13769.75,165236.99,2,4295.47,172184.36,210092.05,417,242765.33,10.32,180,0.3119,1.4692,Male,Married,High School,Student,Personal Loan,1,1,1,1,4,5
42,0,7.7385128008652115,10000.0,120000.0,0,3144.44,123568.0,290965.33,722,798669.92,12.02,24,0.3144,6.6556,Male,Married,High School,Salaried,Education Loan,0,1,1,1,2,2
41,0,2.2741202849951003,34560.92,414731.01,0,1.69,769181.14,1565311.18,855,634407.22,13.86,120,0.0,1.5297,Male,Divorced,High School,Government,Home Loan,0,1,0,1,1,4
41,4,10.24678088979201,34878.34,418540.07,2,16060.74,463159.23,2026253.67,335,369682.83,8.07,60,0.4605,0.8833,Female,Divorced,Post Graduate,Student,Home Loan,1,0,0,3,4,4
28,4,15.598757691229286,42356.5,508277.95,1,17426.46,643729.98,2543089.86,830,388553.74,13.49,24,0.4114,0.7645,Female,Divorced,High School,Government,Agricultural Loan,0,0,0,1,1,0
36,3,28.33714244823358,34458.66,413503.86,1,16608.0,246045.0,1116597.76,390,336563.21,10.66,12,0.482,0.8139,Female,Divorced,Graduate,Business,Business Loan,1,0,0,0,0,1
51,2,10.412158908466587,146906.54,1762878.47,1,26442.17,3090200.15,10373845.13,600,981417.88,11.5,24,0.18,0.5567,Female,Divorced,Graduate,Self-employed,Gold Loan,0,0,0,0,3,3
62,3,0.9306893751509648,40176.82,482121.9,2,13354.76,62694.57,171897.8,516,525903.74,13.15,84,0.3324,1.0908,Male,Married,PhD,Business,Business Loan,1,1,1,2,0,1
30,3,10.870931500064207,15900.76,190809.14,0,1335.83,219688.35,457450.84,397,372060.04,9.87,180,0.084,1.9499,Female,Single,Post Graduate,Business,Business Loan,1,0,2,3,0,1
52,1,24.516728623701006,18546.77,222561.28,0,7576.66,182288.01,607463.01,755,203567.16,9.93,36,0.4085,0.9147,Female,Single,Graduate,Salaried,Gold Loan,0,0,2,0,2,3
54,3,10.204417997752197,36322.14,435865.7,3,2930.61,540829.3,1877812.93,830,708987.54,10.69,60,0.0807,1.6266,Male,Married,High School,Business,Gold Loan,0,1,1,1,0,3
29,3,8.751920117692293,27965.98,335591.75,0,4558.25,259634.95,667726.65,837,682968.59,7.13,24,0.163,2.0351,Male,Single,Graduate,Government,Agricultural Loan,0,1,2,0,1,0
37,3,27.569854233365376,17377.16,208525.94,0,4264.66,304218.87,1443938.88,327,290536.96,10.48,180,0.2454,1.3933,Male,Married,Post Graduate,Self-employed,Business Loan,1,1,1,3,3,1
31,3,8.916878345838931,35055.62,420667.41,4,10420.84,51448.44,183147.09,875,316119.14,9.04,48,0.2973,0.7515,Female,Single,Graduate,Salaried,Personal Loan,0,0,2,0,2,5
52,2,29.10785051761367,35364.56,424374.72,0,9895.59,365508.89,1589936.19,623,402877.81,13.5,84,0.2798,0.9493,Male,Single,Graduate,Student,Personal Loan,0,1,2,0,4,5
30,1,24.97907221292496,94600.33,1135203.96,2,4829.16,1903269.97,6626354.3,522,175799.51,7.61,36,0.051,0.1549,Female,Divorced,Graduate,Business,Gold Loan,0,0,0,0,0,3
42,4,20.52749756920127,20959.48,251513.72,1,4419.05,141573.23,320825.77,379,469284.96,10.22,180,0.2108,1.8658,Female,Married,High School,Salaried,Gold Loan,1,0,1,1,2,3
37,0,17.9497882023866,28264.54,339174.49,2,13042.8,62557.07,246880.0,862,118616.36,13.63,180,0.4615,0.3497,Male,Single,High School,Salaried,Gold Loan,0,1,2,1,2,3
24,4,6.743417392372162,94425.82,1133109.84,1,41187.06,1172773.76,2252919.65,757,158962.63,13.31,36,0.4362,0.1403,Female,Married,Graduate,Salaried,Personal Loan,0,0,1,0,2,5
45,1,21.9119531032542,44229.7,530756.37,1,13065.09,1037640.62,3513905.07,475,294291.04,11.91,240,0.2954,0.5545,Female,Married,High School,Government,Education Loan,1,0,1,1,1,2
41,3,10.414143897638557,20885.85,250630.2,3,5976.74,51705.99,134924.99,821,267630.86,11.13,60,0.2862,1.0678,Female,Divorced,Graduate,Student,Business Loan,0,0,0,0,4,1
57,4,14.569264805049851,23651.0,283812.0,0,1320.61,61759.84,98787.3,756,634830.14,8.97,240,0.0558,2.2368,Female,Divorced,Graduate,Salaried,Business Loan,0,0,0,0,2,1
58,3,3.1220634617388265,17527.12,210325.46,3,1754.99,257432.77,682959.42,722,554819.38,9.57,120,0.1001,2.6379,Female,Divorced,Graduate,Government,Business Loan,0,0,0,0,1,1
21,2,8.884623298221776,38038.86,456466.33,1,4805.06,256821.55,575568.77,399,1330811.25,7.63,36,0.1263,2.9155,Male,Single,PhD,Student,Business Loan,1,1,2,2,4,1
45,2,15.873584037335185,67419.93,809039.19,4,16457.06,703548.46,1019363.15,702,476526.33,12.5,84,0.2441,0.589,Female,Single,PhD,Self-employed,Home Loan,0,0,2,2,3,4
56,1,14.041239407470535,96619.97,1159439.68,4,35331.8,1942222.3,8342452.51,875,521729.21,9.27,24,0.3657,0.45,Female,Single,PhD,Government,Business Loan,0,0,2,2,1,1
37,4,10.305394653047683,14886.81,178641.74,3,3429.37,82971.94,248445.38,679,174478.46,11.67,84,0.2304,0.9767,Female,Single,Post Graduate,Salaried,Business Loan,0,0,2,3,2,1
61,2,14.157898654715877,61173.56,734082.71,3,3855.8,1073222.72,2560092.41,830,174768.69,9.5,60,0.063,0.2381,Male,Divorced,Post Graduate,Business,Education Loan,0,1,0,3,0,2
44,1,22.34778402312909,40078.19,480938.33,0,8804.15,505112.17,1525366.51,631,465813.84,10.25,36,0.2197,0.9686,Female,Married,PhD,Government,Personal Loan,0,0,1,2,1,5
22,1,13.779766925540262,31034.1,372409.16,3,2523.59,676978.63,2720325.2,617,472299.95,10.89,120,0.0813,1.2682,Male,Married,High School,Self-employed,Personal Loan,0,1,1,1,3,5
60,1,15.184694151732973,28271.15,339253.82,3,10617.9,660926.54,709294.18,836,557753.45,12.61,48,0.3756,1.6441,Male,Married,Post Graduate,Student,Gold Loan,0,1,1,3,4,3
35,4,21.03438243631329,11469.43,137633.21,2,954.84,139400.63,444270.79,388,1221642.91,8.48,84,0.0833,8.8761,Female,Single,PhD,Self-employed,Education Loan,1,0,2,2,3,2
52,4,25.248444094891383,53252.45,639029.45,3,12848.06,769331.95,2243835.97,810,181054.62,9.79,240,0.2413,0.2833,Male,Single,PhD,Student,Personal Loan,0,1,2,2,4,5
59,1,15.805913335720556,16459.96,197519.5,3,5706.78,298820.31,1366290.36,341,1709872.9,7.91,84,0.3467,8.6567,Male,Single,PhD,Government,Vehicle Loan,1,1,2,2,1,6
26,0,28.445268452475045,23180.87,278170.4,2,2644.91,193085.15,622484.64,688,134321.54,7.53,48,0.1141,0.4829,Male,Married,High School,Student,Education Loan,0,1,1,1,4,2
21,4,10.603423304739872,46666.92,560003.01,1,1774.05,290036.2,449350.58,380,596212.48,11.23,24,0.038,1.0647,Male,Single,Graduate,Salaried,Agricultural Loan,1,1,2,0,2,0
43,4,7.576649441639195,12210.1,146521.19,1,3438.97,283124.83,723308.3,701,163230.22,8.32,240,0.2816,1.114,Female,Married,Post Graduate,Government,Education Loan,0,0,1,3,1,2
59,0,20.792696045662392,16440.84,197290.05,2,445.57,180029.71,627273.45,406,789622.06,7.42,48,0.0271,4.0023,Male,Single,Graduate,Business,Agricultural Loan,1,1,2,0,0,0
37,4,5.272492099173869,75447.9,905374.77,0,22172.95,78208.46,92578.11,410,134986.8,13.28,48,0.2939,0.1491,Male,Married,High School,Self-employed,Personal Loan,1,1,1,1,3,5
54,4,26.999035574895384,39074.89,468898.67,3,14721.44,791951.14,3594346.58,576,50000.0,10.74,24,0.3767,0.1066,Female,Single,Graduate,Self-employed,Home Loan,1,0,2,0,3,4
61,2,11.597225485869494,24408.32,292899.79,0,4019.02,361054.54,458947.03,513,497174.31,7.94,60,0.1647,1.6974,Male,Divorced,Post Graduate,Government,Personal Loan,1,1,0,3,1,5
49,0,20.944459643197042,39167.31,470007.69,4,9563.67,191012.97,214386.17,805,400318.53,7.37,84,0.2442,0.8517,Male,Single,High School,Business,Education Loan,0,1,2,1,0,2
29,2,17.105505674698144,54267.77,651213.26,0,25200.92,91886.89,92627.71,420,1071806.77,7.84,84,0.4644,1.6459,Male,Married,Post Graduate,Government,Vehicle Loan,1,1,1,3,1,6
33,0,1.6317257666732998,71314.91,855778.95,3,16798.54,549416.93,2052060.11,433,470848.95,10.3,36,0.2356,0.5502,Male,Married,Post Graduate,Salaried,Education Loan,1,1,1,3,2,2
26,0,21.272361220388934,18630.19,223562.33,1,9283.0,416224.68,1175285.46,670,243803.15,11.68,240,0.4983,1.0905,Male,Married,Post Graduate,Salaried,Agricultural Loan,0,1,1,3,2,0
26,0,23.700141906112897,19635.55,235626.63,3,1541.41,441216.69,622676.23,556,287262.57,11.49,120,0.0785,1.2191,Female,Divorced,PhD,Business,Personal Loan,1,0,0,2,0,5
40,4,29.474172923886186,52313.3,627759.64,3,18543.34,426514.55,1887256.14,479,5000000.0,8.01,36,0.3545,7.9648,Female,Divorced,Post Graduate,Government,Business Loan,1,0,0,3,1,1
23,1,12.483829993081585,53329.64,639955.67,3,17401.96,1078667.3,1953338.23,347,219770.75,11.43,48,0.3263,0.3434,Male,Married,Graduate,Business,Gold Loan,1,1,1,0,0,3
37,3,15.087947038624518,16213.81,194565.72,0,7071.69,180985.72,417225.77,898,673093.38,9.83,120,0.4362,3.4595,Male,Married,High School,Business,Agricultural Loan,0,1,1,1,0,0
32,1,26.24602009909469,20082.69,240992.3,1,928.25,322325.77,551462.62,318,610332.91,10.25,180,0.0462,2.5326,Female,Married,PhD,Salaried,Home Loan,1,0,1,2,2,4
21,4,8.075919390517498,32330.02,387960.29,1,4529.54,281019.33,1322765.08,345,685763.98,12.61,84,0.1401,1.7676,Female,Single,Post Graduate,Salaried,Education Loan,1,0,2,3,2,2
37,4,5.674278981796126,36832.86,441994.36,0,2434.27,473942.07,1911061.02,750,642403.02,9.33,48,0.0661,1.4534,Male,Married,Post Graduate,Business,Vehicle Loan,0,1,1,3,0,6
23,3,3.9873081925791376,37464.83,449577.97,0,17479.13,290611.97,1132170.05,355,357148.1,8.03,24,0.4665,0.7944,Female,Single,Graduate,Business,Vehicle Loan,1,0,2,0,0,6
46,4,29.34756639551172,16065.12,192781.44,0,3426.97,38646.74,45447.95,391,108051.26,13.11,180,0.2133,0.5605,Female,Divorced,Post Graduate,Student,Vehicle Loan,1,0,0,3,4,6
35,0,8.110777066277114,37238.43,446861.2,4,16944.71,156613.62,484062.43,381,501071.81,8.48,12,0.455,1.1213,Female,Divorced,High School,Salaried,Home Loan,1,0,0,1,2,4
56,2,22.721834994855065,23613.59,283363.05,4,3476.0,181482.55,599220.84,378,437898.97,9.06,240,0.1472,1.5454,Male,Married,Post Graduate,Business,Business Loan,1,1,1,3,0,1
52,2,13.49001463436513,18037.52,216450.26,3,1139.68,423049.1,1070349.49,582,488524.81,11.95,180,0.0632,2.257,Male,Divorced,PhD,Student,Education Loan,1,1,0,2,4,2
52,0,7.217261241137823,36076.7,432920.34,4,5349.04,837356.67,1915055.64,610,695360.41,11.78,36,0.1483,1.6062,Male,Single,Post Graduate,Business,Gold Loan,0,1,2,3,0,3
24,1,27.400013988209192,33935.05,407220.66,0,10132.57,679931.47,2996982.53,459,317777.25,12.6,48,0.2986,0.7804,Female,Single,PhD,Student,Personal Loan,1,0,2,2,4,5
38,2,13.914225052293371,58748.21,704978.51,0,24827.95,372912.43,407245.12,615,269350.1,8.29,48,0.4226,0.3821,Male,Married,Post Graduate,Business,Business Loan,0,1,1,3,0,1
39,0,16.97866181457293,21664.26,259971.07,0,4174.6,241704.83,846310.0,455,909522.03,9.47,24,0.1927,3.4986,Female,Married,High School,Government,Agricultural Loan,1,0,1,1,1,0
63,1,6.67480450572075,41818.84,501826.09,1,19128.12,464816.64,1197826.74,767,340075.37,7.88,60,0.4574,0.6777,Male,Divorced,Post Graduate,Salaried,Education Loan,0,1,0,3,2,2
55,2,9.724569379946397,14168.76,170025.13,1,1730.23,140276.18,513944.26,761,298052.58,10.79,36,0.1221,1.753,Male,Married,High School,Business,Education Loan,0,1,1,1,0,2
60,0,22.430626617111116,30794.35,369532.23,4,10678.57,62581.73,112125.82,416,278119.38,9.05,12,0.3468,0.7526,Female,Married,High School,Self-employed,Gold Loan,1,0,1,1,3,3
34,2,10.291343179919577,47964.03,575568.4,2,17643.89,637640.07,1246355.15,663,711873.22,11.82,24,0.3679,1.2368,Male,Married,Post Graduate,Self-employed,Home Loan,0,1,1,3,3,4
53,2,15.178756500470378,50453.77,605445.23,2,6911.23,134947.48,451725.24,765,374065.92,7.0,120,0.137,0.6178,Female,Single,PhD,Student,Agricultural Loan,0,0,2,2,4,0
34,2,3.430664315412062,50660.42,607925.08,0,683.15,985047.84,4846193.22,483,2597983.78,7.42,12,0.0135,4.2735,Male,Divorced,Graduate,Salaried,Personal Loan,0,1,0,0,2,5
54,3,25.501993849603302,58842.84,706114.11,1,10745.8,994447.82,4871535.66,465,463220.44,10.03,24,0.1826,0.656,Male,Married,PhD,Student,Personal Loan,1,1,1,2,4,5
24,1,22.127448942218386,27792.63,333511.54,3,628.06,253272.87,505513.37,374,168504.6,13.71,120,0.0226,0.5052,Female,Married,Post Graduate,Salaried,Personal Loan,1,0,1,3,2,5
44,2,22.82234561974101,48895.24,586742.84,4,22021.28,776658.63,1094625.87,571,311919.61,13.24,12,0.4504,0.5316,Female,Married,Graduate,Self-employed,Agricultural Loan,1,0,1,0,3,0
49,0,5.345555941861541,111440.58,1337287.02,1,53130.71,708745.53,2382358.06,802,747325.89,13.96,120,0.4768,0.5588,Male,Single,Post Graduate,Self-employed,Business Loan,0,1,2,3,3,1
39,3,14.854684582919958,27438.99,329267.92,0,10089.04,194837.48,522150.88,862,273720.55,9.92,180,0.3677,0.8313,Female,Single,Graduate,Student,Education Loan,0,0,2,0,4,2
26,4,0.8262383597243439,83126.5,997517.99,0,30203.37,683721.35,2766847.21,886,436361.02,7.33,24,0.3633,0.4374,Male,Married,PhD,Government,Gold Loan,0,1,1,2,1,3
53,4,9.452672333946182,61444.14,737329.7,2,7400.72,1187793.09,3696334.78,642,967784.12,9.14,48,0.1204,1.3126,Male,Divorced,PhD,Self-employed,Gold Loan,0,1,0,2,3,3
60,1,10.44058562300778,30952.4,371428.84,0,1144.09,180944.69,550496.57,550,1091533.39,11.73,120,0.037,2.9387,Male,Single,High School,Salaried,Home Loan,0,1,2,1,2,4
39,0,27.410705206102477,32541.6,390499.26,0,13050.89,453759.1,1627107.31,429,290821.72,7.95,12,0.4011,0.7447,Female,Married,High School,Business,Gold Loan,1,0,1,1,0,3
21,3,29.783483967941468,38989.26,467871.08,3,10900.65,218758.72,329379.27,657,360245.7,9.1,84,0.2796,0.77,Female,Divorced,Post Graduate,Business,Gold Loan,0,0,0,3,0,3
25,0,18.532377046495174,59402.94,712835.28,4,20245.34,448840.34,1664590.36,707,478044.8,7.39,60,0.3408,0.6706,Male,Married,Post Graduate,Business,Personal Loan,0,1,1,3,0,5
47,3,15.503062531599733,46239.09,554869.06,3,18024.95,296673.21,876396.05,794,1294792.71,10.32,84,0.3898,2.3335,Male,Divorced,Graduate,Self-employed,Home Loan,0,1,0,0,3,4
36,3,13.202668028148176,27309.82,327717.78,2,5590.79,432453.86,1851156.9,781,183534.4,8.46,180,0.2047,0.56,Female,Single,Graduate,Government,Gold Loan,0,0,2,0,1,3
26,4,0.5488871215475344,10412.56,124950.74,1,752.55,136558.31,212324.59,377,589942.2,7.64,12,0.0723,4.7214,Male,Divorced,High School,Self-employed,Agricultural Loan,1,1,0,1,3,0
60,1,24.003496387285832,54355.68,652268.15,2,21607.38,956109.89,2106298.8,813,462477.27,9.88,36,0.3975,0.709,Male,Single,Graduate,Salaried,Gold Loan,0,1,2,0,2,3
33,1,20.154775323409005,11390.12,136681.41,0,2584.22,69009.29,331312.62,620,215859.68,9.46,240,0.2269,1.5793,Female,Single,High School,Self-employed,Gold Loan,0,0,2,1,3,3
55,0,19.47857250580221,16001.09,192013.09,4,6615.84,19367.98,62215.6,589,1190484.22,10.76,180,0.4135,6.2,Male,Divorced,High School,Self-employed,Gold Loan,1,1,0,1,3,3
39,3,24.27130167095501,28524.36,342292.3,0,6242.54,474979.63,2240575.82,596,977029.66,12.24,48,0.2188,2.8544,Female,Single,Graduate,Self-employed,Personal Loan,1,0,2,0,3,5
32,3,27.841626047873167,17527.96,210335.57,4,1901.93,63830.55,239756.52,774,1514538.55,7.79,240,0.1085,7.2006,Female,Divorced,Post Graduate,Self-employed,Agricultural Loan,1,0,0,3,3,0
36,2,11.685900567099788,43937.22,527246.63,4,3756.74,292842.45,1378036.18,322,1137293.83,12.54,120,0.0855,2.157,Female,Divorced,Graduate,Salaried,Agricultural Loan,1,0,0,0,2,0
63,1,12.792086904464348,30402.71,364832.54,4,11308.62,244157.53,554556.26,471,446038.09,7.18,24,0.372,1.2226,Male,Single,Post Graduate,Self-employed,Education Loan,1,1,2,3,3,2
30,3,29.25416970491502,58170.79,698049.46,1,16720.88,1057338.32,1440237.56,617,726170.17,10.1,12,0.2874,1.0403,Female,Single,High School,Government,Agricultural Loan,0,0,2,1,1,0
45,0,19.93274553109545,13840.71,166088.51,2,2800.0,213084.8,896866.91,492,576924.79,11.11,12,0.2023,3.4736,Male,Single,High School,Student,Agricultural Loan,1,1,2,1,4,0
40,4,25.54053212116834,24412.76,292953.16,1,6006.97,127876.62,539367.6,417,214129.07,13.7,36,0.2461,0.7309,Female,Single,Post Graduate,Salaried,Business Loan,1,0,2,3,2,1
51,4,6.647086158113272,36407.12,436885.43,1,10005.38,537056.7,1866437.0,305,155822.89,11.02,24,0.2748,0.3567,Female,Single,High School,Government,Agricultural Loan,1,0,2,1,1,0
24,1,9.51225572987864,37258.56,447102.67,1,4460.16,644103.7,2137316.95,782,594340.53,8.11,48,0.1197,1.3293,Male,Married,High School,Business,Home Loan,0,1,1,1,0,4
64,1,11.748156815857877,55073.38,660880.62,3,10413.43,547684.75,2552009.74,431,477910.33,10.62,180,0.1891,0.7231,Female,Married,Graduate,Business,Education Loan,1,0,1,0,0,2
43,2,9.507993383032025,20978.36,251740.36,3,3067.16,139651.22,238244.13,392,338023.01,9.77,60,0.1462,1.3427,Female,Married,Graduate,Salaried,Business Loan,1,0,1,0,2,1
22,1,26.527410422715974,27424.55,329094.58,3,5326.17,455702.86,1579535.33,821,410899.9,10.36,60,0.1942,1.2486,Female,Married,High School,Student,Personal Loan,0,0,1,1,4,5
42,3,15.345305875775946,49237.45,590849.4,1,12323.2,741048.13,888577.8,862,1822229.05,8.38,84,0.2503,3.0841,Male,Married,Graduate,Self-employed,Education Loan,0,1,1,0,3,2
57,3,28.60941318608416,10000.0,120000.0,0,866.79,27919.8,43651.48,593,77366.73,10.51,60,0.0867,0.6447,Male,Divorced,High School,Salaried,Business Loan,1,1,0,1,2,1
28,3,9.639673326453817,45750.64,549007.73,3,9001.78,747274.17,2054323.5,691,738160.87,8.05,60,0.1968,1.3445,Male,Single,High School,Self-employed,Gold Loan,0,1,2,1,3,3
27,3,1.1173389079029683,57432.7,689192.44,3,11069.99,702741.53,3011127.64,548,868060.69,12.21,120,0.1927,1.2595,Female,Married,Post Graduate,Self-employed,Agricultural Loan,1,0,1,3,3,0
34,2,4.141842590500808,16314.4,195772.83,1,2332.99,299001.98,1175834.48,894,959511.21,11.16,84,0.143,4.9011,Female,Divorced,Graduate,Business,Home Loan,0,0,0,0,0,4
23,1,6.5121129784447485,30061.07,360732.83,2,15007.93,161924.05,792821.87,716,146872.01,7.55,24,0.4992,0.4071,Male,Divorced,Graduate,Student,Gold Loan,0,1,0,0,4,3
36,1,19.199091023510515,88929.21,1067150.47,0,3273.82,617077.77,727778.18,442,349915.09,13.23,12,0.0368,0.3279,Female,Married,High School,Self-employed,Home Loan,0,0,1,1,3,4
39,1,5.432636900832705,53954.53,647454.39,4,17345.06,728180.78,1838954.21,536,336208.16,11.31,12,0.3215,0.5193,Female,Married,Post Graduate,Salaried,Education Loan,1,0,1,3,2,2
38,2,11.444955718654185,47485.67,569828.1,4,4141.67,573620.83,937963.68,586,558823.34,9.21,48,0.0872,0.9807,Male,Married,PhD,Business,Gold Loan,1,1,1,2,0,3
36,2,23.86160472406544,65813.19,789758.31,0,27625.88,650655.78,746852.07,576,179238.79,7.32,24,0.4198,0.227,Female,Married,Graduate,Self-employed,Personal Loan,1,0,1,0,3,5
28,3,3.742770453841576,107229.54,1286754.51,1,49014.44,1947156.19,4006449.55,686,598859.34,11.43,84,0.4571,0.4654,Female,Divorced,PhD,Business,Gold Loan,0,0,0,2,0,3
53,2,2.41440414903734,36721.6,440659.21,2,7371.46,513708.98,1016058.5,681,217986.2,9.61,240,0.2007,0.4947,Male,Single,Graduate,Business,Vehicle Loan,0,1,2,0,0,6
32,2,16.199106891341877,28443.83,341325.98,2,11711.44,493109.45,1321588.0,749,348689.11,13.35,180,0.4117,1.0216,Female,Single,High School,Salaried,Agricultural Loan,0,0,2,1,2,0
31,0,20.94207057941539,65717.67,788611.98,4,8211.73,297363.51,463983.66,590,1297620.08,7.24,48,0.125,1.6454,Female,Divorced,Graduate,Salaried,Personal Loan,1,0,0,0,2,5
25,3,27.328595648822223,32452.35,389428.19,2,2272.78,576572.15,1703350.0,468,867805.61,7.27,24,0.07,2.2284,Female,Married,Graduate,Government,Home Loan,0,0,1,0,1,4
47,3,19.85930018889659,20810.0,249719.97,4,3286.71,241711.17,1131303.35,742,488483.84,13.65,12,0.1579,1.9561,Female,Single,High School,Self-employed,Vehicle Loan,0,0,2,1,3,6
32,0,28.38536633334804,26264.15,315169.82,3,4486.89,46662.53,186312.1,483,145247.23,13.75,120,0.1708,0.4609,Female,Married,Post Graduate,Business,Agricultural Loan,1,0,1,3,0,0
37,1,7.335781288460189,43800.38,525604.55,1,8702.21,280029.21,1223366.24,344,577177.02,7.19,36,0.1987,1.0981,Female,Single,Graduate,Government,Gold Loan,0,0,2,0,1,3
26,0,10.254638050055181,27729.23,332750.81,2,5170.93,44155.95,186290.17,567,609061.58,12.01,84,0.1865,1.8304,Female,Single,High School,Salaried,Agricultural Loan,1,0,2,1,2,0
53,0,25.179290353269796,28998.95,347987.38,1,5961.38,333723.21,853832.61,775,82492.97,8.55,60,0.2056,0.2371,Female,Single,High School,Student,Agricultural Loan,0,0,2,1,4,0
25,0,24.331614613178505,19606.38,235276.61,3,6960.59,166560.83,638901.39,552,585768.06,11.91,60,0.355,2.4897,Female,Divorced,Post Graduate,Business,Gold Loan,1,0,0,3,0,3
48,2,19.946710775105718,85924.12,1031089.49,0,10550.63,2037376.11,8184190.7,695,187052.95,13.08,24,0.1228,0.1814,Female,Married,PhD,Student,Gold Loan,0,0,1,2,4,3
34,0,15.180729176345737,29567.29,354807.48,0,274.62,620191.5,1130356.32,588,135447.56,7.71,240,0.0093,0.3817,Female,Single,Post Graduate,Student,Gold Loan,0,0,2,3,4,3
25,4,0.531341786014472,23696.76,284361.07,0,5801.92,473708.33,2103762.11,511,180306.75,8.67,48,0.2448,0.6341,Male,Single,High School,Business,Business Loan,1,1,2,1,0,1
53,0,8.41331872211397,25258.71,303104.52,4,5661.63,316382.53,895675.65,320,78497.1,7.17,12,0.2241,0.259,Female,Single,High School,Government,Vehicle Loan,1,0,2,1,1,6
61,1,4.750125166186522,58777.57,705330.83,4,1765.24,1149866.32,1225112.37,615,319314.16,7.31,24,0.03,0.4527,Male,Married,High School,Government,Personal Loan,0,1,1,1,1,5
39,1,1.5352445024639227,51221.73,614660.77,0,3426.77,365620.81,1306559.29,863,197951.24,7.21,240,0.0669,0.322,Female,Single,Graduate,Business,Business Loan,0,0,2,0,0,1
42,1,23.282391577328283,26873.26,322479.17,3,6851.62,373402.33,1384222.01,737,1101812.71,12.6,120,0.255,3.4167,Female,Divorced,Graduate,Self-employed,Vehicle Loan,0,0,0,0,3,6
25,0,3.939363082612858,37026.45,444317.41,4,4345.99,371638.76,1191863.78,722,331953.73,9.09,24,0.1174,0.7471,Female,Single,PhD,Student,Personal Loan,0,0,2,2,4,5
22,3,10.722386783465943,42874.08,514488.92,0,18813.11,211834.98,391822.95,532,248733.72,10.45,120,0.4388,0.4835,Male,Single,PhD,Government,Education Loan,1,1,2,2,1,2
50,1,29.32370632393284,23802.64,285631.62,1,2062.41,63555.63,186161.56,422,123698.36,12.51,48,0.0866,0.4331,Female,Divorced,Graduate,Business,Education Loan,1,0,0,0,0,2
59,0,12.274602761219574,14409.26,172911.12,0,144.98,199410.08,518567.86,513,314159.9,10.46,24,0.0101,1.8169,Male,Married,Graduate,Salaried,Personal Loan,1,1,1,0,2,5
24,1,4.24519167661778,49465.09,593581.08,0,11069.39,160548.85,786487.76,899,1306365.17,10.0,48,0.2238,2.2008,Female,Married,Post Graduate,Salaried,Personal Loan,0,0,1,3,2,5
53,2,20.69287129353041,24606.34,295276.11,1,12132.93,430957.23,1852561.76,339,1525534.22,7.08,60,0.4931,5.1665,Male,Single,Graduate,Business,Personal Loan,1,1,2,0,0,5
33,2,24.298251239671256,47297.32,567567.9,4,14990.24,1049706.18,4248789.08,631,330449.02,10.98,48,0.3169,0.5822,Female,Married,PhD,Self-employed,Agricultural Loan,0,0,1,2,3,0
40,0,8.374520912164996,44029.54,528354.45,1,7793.88,208191.05,358982.74,481,418483.74,7.87,36,0.177,0.7921,Male,Divorced,High School,Salaried,Education Loan,1,1,0,1,2,2
27,1,24.280530250014554,37551.75,450621.05,4,316.71,444296.86,1032617.03,564,776321.6,12.35,84,0.0084,1.7228,Male,Married,Graduate,Self-employed,Agricultural Loan,1,1,1,0,3,0
35,1,8.14563236198551,28122.46,337469.48,3,6818.97,505974.06,1274471.41,832,194768.55,8.8,12,0.2425,0.5771,Male,Single,Post Graduate,Business,Personal Loan,0,1,2,3,0,5
43,4,20.793355144379106,24825.91,297910.9,4,2562.85,188610.17,560268.43,731,594365.13,11.72,180,0.1032,1.9951,Female,Divorced,High School,Business,Personal Loan,0,0,0,1,0,5
34,1,3.7441085863039625,18342.01,220104.17,2,5940.56,406781.56,455960.65,495,2938422.54,11.52,60,0.3239,13.3501,Female,Single,Graduate,Student,Agricultural Loan,1,0,2,0,4,0
43,3,12.834688463058937,25113.26,301359.11,4,7320.62,538295.37,1815151.85,808,815935.91,11.32,180,0.2915,2.7075,Male,Divorced,Graduate,Business,Vehicle Loan,0,1,0,0,0,6
39,2,15.614818354966683,51087.19,613046.25,2,6774.51,172999.11,420634.55,746,795379.01,8.87,48,0.1326,1.2974,Male,Divorced,High School,Self-employed,Home Loan,0,1,0,1,3,4
49,1,21.758507320474173,84010.36,1008124.36,4,2893.43,136953.25,444647.3,827,1296333.55,8.87,48,0.0344,1.2859,Male,Single,High School,Government,Gold Loan,0,1,2,1,1,3
40,3,19.50093569632656,76930.65,923167.76,1,29042.06,1804681.05,1869493.53,501,911664.48,13.04,60,0.3775,0.9875,Male,Single,High School,Salaried,Gold Loan,0,1,2,1,2,3
49,0,25.600284000394712,39626.52,475518.21,4,11599.95,911367.33,2083141.97,432,361401.41,7.09,60,0.2927,0.76,Female,Married,Post Graduate,Salaried,Business Loan,1,0,1,3,2,1
44,2,5.5287320373476065,83983.57,1007802.81,0,35362.38,899679.76,3665892.91,438,172156.96,8.27,84,0.4211,0.1708,Female,Married,Post Graduate,Student,Vehicle Loan,1,0,1,3,4,6
38,0,19.837396468247874,30209.43,362513.17,4,3924.21,65341.68,196307.73,792,397601.19,11.27,60,0.1299,1.0968,Female,Single,Post Graduate,Government,Agricultural Loan,0,0,2,3,1,0
30,1,3.832503069590553,16736.91,200842.97,1,5463.45,254972.46,1059550.61,369,203669.71,12.72,60,0.3264,1.0141,Female,Single,High School,Self-employed,Personal Loan,1,0,2,1,3,5
61,0,14.342397634737859,114981.28,1379775.42,1,6823.02,890924.72,3381809.08,314,353096.68,9.51,180,0.0593,0.2559,Male,Married,Graduate,Self-employed,Home Loan,0,1,1,0,3,4
28,2,15.736725912166692,49995.33,599944.02,4,7294.57,1127126.26,4981539.96,511,220356.51,11.57,84,0.1459,0.3673,Female,Single,High School,Student,Vehicle Loan,1,0,2,1,4,6
46,0,0.8179027015961193,14461.16,173533.89,4,4747.16,278770.98,287071.2,359,323871.82,10.9,24,0.3283,1.8663,Female,Divorced,PhD,Business,Home Loan,1,0,0,2,0,4
49,0,2.110700880388161,92543.04,1110516.52,4,38200.9,1475196.91,3017223.15,551,134825.85,7.45,48,0.4128,0.1214,Male,Married,Graduate,Government,Education Loan,1,1,1,0,1,2
30,0,25.178154329074694,23247.35,278968.22,3,3730.33,175368.46,560338.5,745,254065.91,11.35,48,0.1605,0.9107,Male,Married,Graduate,Salaried,Home Loan,0,1,1,0,2,4
37,3,8.603650742603248,26488.62,317863.49,2,10580.27,453728.34,2161594.63,301,611952.84,12.7,60,0.3994,1.9252,Female,Divorced,High School,Government,Vehicle Loan,1,0,0,1,1,6
22,3,10.384354492312,67025.6,804307.17,4,22713.38,512804.15,1907201.03,635,748892.2,13.95,84,0.3389,0.9311,Male,Divorced,PhD,Student,Agricultural Loan,0,1,0,2,4,0
26,1,19.212186807253765,82209.35,986512.15,4,14332.16,153362.57,433457.1,318,629546.72,7.21,60,0.1743,0.6382,Female,Single,Post Graduate,Business,Business Loan,1,0,2,3,0,1
25,0,6.621438795011829,19921.53,239058.42,2,8729.59,252883.88,384526.45,860,327490.44,11.62,84,0.4382,1.3699,Female,Single,High School,Government,Gold Loan,0,0,2,1,1,3
48,3,5.785877499564447,87780.48,1053365.79,0,22350.19,1074410.68,3194074.05,377,488873.02,9.9,180,0.2546,0.4641,Male,Divorced,Graduate,Business,Agricultural Loan,0,1,0,0,0,0
61,2,12.646230884129551,61361.76,736341.09,3,19888.78,1138207.67,3146401.97,771,2095229.1,7.07,48,0.3241,2.8455,Female,Divorced,High School,Government,Education Loan,0,0,0,1,1,2
25,2,1.7699008033613117,22474.82,269697.8,3,5569.61,469959.64,1933307.34,327,248550.55,11.3,36,0.2478,0.9216,Male,Married,PhD,Salaried,Home Loan,1,1,1,2,2,4
38,0,27.509107512167734,31333.91,376006.94,0,7092.74,286792.25,760973.01,859,1597477.9,7.86,240,0.2264,4.2485,Female,Married,High School,Self-employed,Gold Loan,0,0,1,1,3,3
46,1,28.203266743470856,90190.69,1082288.34,2,38239.85,1022571.2,2326709.74,464,139373.47,9.65,36,0.424,0.1288,Male,Married,PhD,Government,Home Loan,1,1,1,2,1,4
40,3,13.446004934160424,14237.9,170854.86,2,2097.99,168280.78,228673.17,757,112750.2,8.83,180,0.1474,0.6599,Male,Single,Graduate,Self-employed,Business Loan,0,1,2,0,3,1
61,3,6.277182060443832,83152.26,997827.08,1,1522.9,703231.44,834035.48,475,393239.76,9.53,60,0.0183,0.3941,Male,Married,PhD,Self-employed,Home Loan,0,1,1,2,3,4
47,3,14.117237839332063,60345.66,724147.9,2,26545.53,1092129.64,3010496.53,884,429355.84,10.45,240,0.4399,0.5929,Male,Divorced,High School,Self-employed,Personal Loan,0,1,0,1,3,5
32,1,2.997995697864245,49290.39,591484.71,3,20332.88,641185.55,1530797.11,328,179063.35,9.51,36,0.4125,0.3027,Male,Married,Post Graduate,Student,Gold Loan,1,1,1,3,4,3
27,4,11.93391949452215,39301.48,471617.74,1,7203.18,865457.18,2787894.33,578,340002.93,10.87,180,0.1833,0.7209,Male,Divorced,Post Graduate,Salaried,Business Loan,0,1,0,3,2,1
23,3,2.209966460585707,118430.64,1421167.73,4,10981.55,1889815.29,7271468.28,582,610537.33,8.67,120,0.0927,0.4296,Female,Divorced,Post Graduate,Self-employed,Agricultural Loan,1,0,0,3,3,0
30,0,21.184971104402834,129411.71,1552940.53,4,43710.98,760115.33,881754.49,778,202826.43,11.45,120,0.3378,0.1306,Male,Single,PhD,Salaried,Education Loan,0,1,2,2,2,2
54,3,8.271406503321845,25106.0,301272.0,4,988.69,120272.78,358998.42,818,997223.0,12.98,240,0.0394,3.31,Female,Single,PhD,Government,Education Loan,0,0,2,2,1,2
45,3,15.619784497208446,52434.65,629215.78,1,11109.72,501529.01,2230744.64,604,1088302.28,8.57,180,0.2119,1.7296,Male,Married,PhD,Salaried,Education Loan,0,1,1,2,2,2
55,4,0.40618050901933045,111817.78,1341813.41,3,4800.47,1004046.6,2832080.44,408,1197853.0,10.56,36,0.0429,0.8927,Male,Married,Graduate,Business,Home Loan,1,1,1,0,0,4
36,0,15.739093872059941,22673.98,272087.75,2,6778.5,234993.84,724948.69,623,213989.03,11.54,84,0.299,0.7865,Male,Married,PhD,Self-employed,Business Loan,0,1,1,2,3,1
22,0,0.09803813286231366,42019.28,504231.31,1,571.64,219449.64,646754.83,505,237448.64,10.95,84,0.0136,0.4709,Female,Single,High School,Government,Gold Loan,1,0,2,1,1,3
44,0,27.755765256181025,66325.2,795902.46,3,20867.18,1558584.04,3988684.12,533,385270.72,9.56,60,0.3146,0.4841,Male,Divorced,High School,Self-employed,Education Loan,1,1,0,1,3,2
30,3,15.034736807984997,10840.71,130088.54,2,3649.01,47171.46,67949.45,757,355829.15,11.5,36,0.3366,2.7353,Female,Divorced,Post Graduate,Self-employed,Business Loan,0,0,0,3,3,1
58,3,3.0019948745378344,59702.74,716432.84,0,14541.93,955895.85,1439029.37,486,340935.14,7.2,240,0.2436,0.4759,Female,Single,Graduate,Government,Education Loan,1,0,2,0,1,2
42,2,10.231643585556167,18900.45,226805.35,3,1653.86,24581.78,42191.1,781,809851.71,9.59,120,0.0875,3.5707,Male,Married,Post Graduate,Government,Agricultural Loan,0,1,1,3,1,0
46,4,1.382014002928994,40757.65,489091.79,0,2066.29,422253.48,1760906.2,706,721679.81,10.73,48,0.0507,1.4756,Male,Single,PhD,Student,Business Loan,0,1,2,2,4,1
63,0,15.926862984287656,72157.53,865890.35,4,11303.2,585285.46,1229877.43,808,219772.46,7.14,84,0.1566,0.2538,Female,Divorced,PhD,Student,Home Loan,0,0,0,2,4,4
59,0,3.6702964755732506,10000.0,120000.0,4,2326.03,97865.67,469020.73,819,177561.02,10.55,60,0.2326,1.4797,Male,Single,PhD,Student,Vehicle Loan,0,1,2,2,4,6
47,2,14.19322563338499,58192.71,698312.5,3,18685.92,724835.51,3073795.91,352,164183.77,11.58,12,0.3211,0.2351,Female,Single,PhD,Salaried,Business Loan,1,0,2,2,2,1
49,3,9.165236512903645,123376.68,1480520.16,0,77.12,1827038.99,6829768.94,697,218983.91,12.31,24,0.0006,0.1479,Male,Divorced,Post Graduate,Business,Education Loan,0,1,0,3,0,2
58,2,22.84750207470402,26370.98,316451.75,1,9375.73,380289.58,1476122.35,498,870403.1,7.79,12,0.3555,2.7505,Female,Single,PhD,Business,Gold Loan,0,0,2,2,0,3
40,2,14.467658481614011,51329.15,615949.8,2,18291.45,795931.07,947578.88,690,496164.69,13.93,240,0.3564,0.8055,Female,Single,Post Graduate,Salaried,Education Loan,0,0,2,3,2,2
47,3,25.445558725636978,80916.4,970996.8,4,17985.2,1652684.83,5410158.77,797,927900.08,11.24,240,0.2223,0.9556,Female,Single,Post Graduate,Student,Home Loan,0,0,2,3,4,4
61,1,28.24045136577268,13963.93,167567.18,4,2397.65,298751.26,1423319.01,471,113548.39,9.54,60,0.1717,0.6776,Male,Married,Graduate,Business,Vehicle Loan,1,1,1,0,0,6
40,4,29.085746047707357,57206.45,686477.35,4,24092.74,1027242.24,1187944.77,385,550571.93,8.74,180,0.4212,0.802,Female,Divorced,Graduate,Student,Vehicle Loan,1,0,0,0,4,6
64,1,7.80589057486941,67121.5,805458.04,4,26331.35,188992.11,408991.41,857,544962.86,11.01,48,0.3923,0.6766,Female,Married,Post Graduate,Government,Agricultural Loan,0,0,1,3,1,0
39,1,23.027060700101863,53272.32,639267.83,3,26190.7,1231108.64,1484773.62,485,1155743.76,13.17,12,0.4916,1.8079,Female,Divorced,Graduate,Salaried,Gold Loan,1,0,0,0,2,3
40,4,13.143324608838,38252.86,459034.32,3,7113.71,871788.65,2858565.62,455,318929.72,10.64,48,0.186,0.6948,Male,Divorced,PhD,Student,Business Loan,1,1,0,2,4,1
55,1,12.78519469021999,19925.43,239105.22,0,9034.52,346088.61,506951.46,792,301383.75,11.63,120,0.4534,1.2605,Male,Divorced,PhD,Salaried,Vehicle Loan,0,1,0,2,2,6
22,3,26.04691242727751,83688.26,1004259.15,1,3657.26,1079670.53,3149399.6,820,1476521.68,9.5,24,0.0437,1.4703,Female,Single,Post Graduate,Self-employed,Business Loan,0,0,2,3,3,1
50,1,4.370067097056943,37075.15,444901.77,0,7627.58,250784.54,972993.28,429,385844.37,9.72,24,0.2057,0.8673,Female,Married,Post Graduate,Salaried,Education Loan,0,0,1,3,2,2
54,1,14.334309238681765,21113.58,253362.97,1,4912.86,388407.04,643883.38,380,509821.82,9.0,84,0.2327,2.0122,Female,Divorced,PhD,Salaried,Business Loan,1,0,0,2,2,1
42,1,17.786497191414618,30006.96,360083.47,3,6614.65,635870.93,2557128.07,683,647606.78,11.94,240,0.2204,1.7985,Male,Married,Post Graduate,Student,Personal Loan,0,1,1,3,4,5
23,3,1.9837028123226008,45298.59,543583.14,4,14158.03,738336.06,916140.56,594,116517.22,9.51,36,0.3125,0.2144,Female,Married,Post Graduate,Salaried,Home Loan,1,0,1,3,2,4
26,2,25.935427625843626,14232.58,170790.97,0,1211.25,220159.1,351923.87,568,457202.51,8.34,120,0.0851,2.677,Female,Married,High School,Self-employed,Education Loan,1,0,1,1,3,2
35,0,9.430173251811627,36708.3,440499.62,1,15902.99,199660.42,423368.24,861,163389.12,9.59,240,0.4332,0.3709,Male,Married,PhD,Government,Business Loan,0,1,1,2,1,1
47,4,19.704589421581186,28278.97,339347.63,2,7801.66,260995.66,1092109.25,834,412460.82,12.98,240,0.2759,1.2155,Male,Single,High School,Business,Education Loan,0,1,2,1,0,2
30,4,27.84240004786498,80952.34,971428.1,1,36598.94,1427362.47,6281176.42,677,349531.51,12.17,48,0.4521,0.3598,Female,Single,Post Graduate,Government,Home Loan,0,0,2,3,1,4
29,3,21.5926415790119,11790.69,141488.3,0,15.51,16373.39,30806.85,675,295051.41,9.34,24,0.0013,2.0853,Female,Divorced,Post Graduate,Salaried,Home Loan,0,0,0,3,2,4
53,0,26.58031604278338,63783.8,765405.65,3,20091.52,1004536.13,1389409.39,387,730393.09,13.35,12,0.315,0.9543,Male,Divorced,Post Graduate,Self-employed,Education Loan,1,1,0,3,3,2
52,1,2.086340466318608,84987.28,1019847.38,4,17526.84,1583603.45,6954893.59,410,478263.66,7.52,84,0.2062,0.469,Female,Single,High School,Self-employed,Vehicle Loan,1,0,2,1,3,6
26,4,14.782040222422097,12061.17,144734.09,2,3046.04,104910.54,377412.5,883,189335.91,7.35,60,0.2525,1.3082,Male,Divorced,High School,Government,Gold Loan,0,1,0,1,1,3
61,1,16.944963770550533,12960.88,155530.5,0,4820.18,35666.5,58187.1,453,184264.04,7.89,84,0.3719,1.1847,Male,Single,PhD,Student,Education Loan,1,1,2,2,4,2
56,3,20.671166419024857,106036.65,1272439.75,3,12043.2,2103740.09,6796904.72,762,866416.07,7.82,120,0.1136,0.6809,Male,Married,Post Graduate,Business,Personal Loan,0,1,1,3,0,5
22,3,3.505747618772067,21107.35,253288.24,1,2162.44,89964.76,403895.49,868,429242.44,7.61,240,0.1024,1.6947,Female,Married,High School,Salaried,Education Loan,0,0,1,1,2,2
49,3,19.703678401628174,232558.59,2790703.08,3,81745.25,2215917.18,2832074.6,455,141594.03,11.63,84,0.3515,0.0507,Female,Single,PhD,Salaried,Business Loan,1,0,2,2,2,1
24,2,4.379806526082973,12289.44,147473.33,3,3203.65,212199.92,283262.48,617,317046.41,11.21,84,0.2607,2.1499,Female,Divorced,High School,Government,Personal Loan,0,0,0,1,1,5
21,3,2.0283842163797985,40216.33,482595.98,4,4698.05,795908.45,1666975.37,858,390054.15,11.53,36,0.1168,0.8082,Male,Divorced,PhD,Self-employed,Agricultural Loan,0,1,0,2,3,0
39,1,14.079576237141385,35809.33,429711.96,0,8666.19,746079.66,2692638.29,537,164861.74,11.82,180,0.242,0.3837,Female,Single,PhD,Self-employed,Education Loan,0,0,2,2,3,2
46,2,18.01125858065191,32050.96,384611.57,3,7364.64,423059.76,724292.7,633,265790.11,12.3,240,0.2298,0.6911,Male,Single,High School,Student,Agricultural Loan,0,1,2,1,4,0
45,1,28.743528832147867,47943.45,575321.37,1,16575.11,572686.83,2442777.81,405,921984.46,8.45,12,0.3457,1.6026,Female,Married,Graduate,Business,Education Loan,0,0,1,0,0,2
30,3,20.95876282153899,49631.84,595582.09,1,66.04,1018013.44,4073805.47,781,3242005.27,11.36,84,0.0013,5.4434,Female,Divorced,PhD,Salaried,Personal Loan,0,0,0,2,2,5
35,2,17.741722844560726,32840.07,394080.81,4,9634.62,458144.33,1486229.1,681,563616.77,11.06,120,0.2934,1.4302,Male,Married,Post Graduate,Government,Gold Loan,0,1,1,3,1,3
42,0,6.436947026892693,19761.59,237139.13,3,5984.58,282767.99,414048.92,560,149657.26,13.61,180,0.3028,0.6311,Female,Single,High School,Student,Personal Loan,1,0,2,1,4,5
41,3,4.561331004439958,68094.81,817137.67,1,25382.68,747775.45,3703641.55,592,371711.49,8.63,180,0.3728,0.4549,Male,Divorced,High School,Business,Gold Loan,0,1,0,1,0,3
42,2,18.21819674309135,52935.61,635227.35,1,23535.98,506843.74,1500325.65,634,487782.03,7.41,120,0.4446,0.7679,Male,Married,Graduate,Salaried,Agricultural Loan,0,1,1,0,2,0
56,2,6.688471180635994,38900.03,466800.32,4,8561.7,468840.23,1316640.53,775,829911.98,11.57,180,0.2201,1.7779,Male,Divorced,Graduate,Business,Gold Loan,0,1,0,0,0,3
54,2,21.19815276621053,51938.75,623265.04,3,8895.04,487782.41,2430266.74,524,845762.37,12.18,240,0.1713,1.357,Female,Divorced,PhD,Salaried,Personal Loan,1,0,0,2,2,5
50,4,3.4343127558442212,57605.01,691260.15,4,2947.08,512774.96,2284655.01,854,1317705.11,8.98,120,0.0512,1.9062,Male,Single,Graduate,Business,Business Loan,0,1,2,0,0,1
45,2,10.189074702456049,22993.36,275920.32,3,3872.49,548490.05,1549742.7,753,441864.86,11.0,36,0.1684,1.6014,Female,Married,PhD,Business,Home Loan,0,0,1,2,0,4
48,0,23.19260290325467,50838.45,610061.39,1,1740.83,443967.62,1187707.48,595,448714.81,7.42,240,0.0342,0.7355,Male,Single,Graduate,Government,Personal Loan,0,1,2,0,1,5
21,3,24.931112396683357,26060.57,312726.79,0,10460.97,179735.19,248688.36,874,97699.38,13.72,12,0.4014,0.3124,Male,Married,Graduate,Student,Home Loan,0,1,1,0,4,4
24,3,10.35722320645522,58760.2,705122.39,1,23709.92,537083.15,2527538.52,762,196767.22,7.77,180,0.4035,0.2791,Male,Single,Graduate,Self-employed,Business Loan,0,1,2,0,3,1
27,3,6.201597905543016,32356.18,388274.13,0,6750.11,472010.98,2065094.94,513,148776.22,7.47,84,0.2086,0.3832,Male,Single,Graduate,Business,Business Loan,1,1,2,0,0,1
29,2,28.74599583492728,52419.38,629032.62,3,6805.12,1150751.29,2577694.36,884,225818.48,7.31,36,0.1298,0.359,Female,Single,Post Graduate,Government,Business Loan,0,0,2,3,1,1
56,3,22.832279824357478,27993.37,335920.39,3,1651.89,535257.72,2148141.87,457,176046.33,9.99,240,0.059,0.5241,Male,Married,Graduate,Self-employed,Agricultural Loan,1,1,1,0,3,0
39,0,24.21177863453258,54080.09,648961.14,2,23017.49,1101695.15,4462876.38,571,185840.86,7.68,84,0.4256,0.2864,Male,Single,High School,Student,Business Loan,1,1,2,1,4,1
21,4,6.682549496458272,20185.88,242230.52,3,8856.51,419002.24,800982.64,537,1057504.65,12.21,120,0.4387,4.3657,Female,Divorced,High School,Student,Agricultural Loan,1,0,0,1,4,0
30,0,12.733159441074882,37112.21,445346.53,3,4941.3,822857.62,2842661.94,602,94951.9,13.29,24,0.1331,0.2132,Male,Single,High School,Business,Education Loan,0,1,2,1,0,2
56,4,2.0462619372194526,65406.67,784880.03,2,20333.64,419036.88,846502.77,820,377497.36,8.82,12,0.3109,0.481,Male,Divorced,High School,Salaried,Home Loan,0,1,0,1,2,4
29,3,3.2819846465948546,48065.64,576787.64,0,6216.18,554793.71,2307688.96,620,883216.65,11.4,12,0.1293,1.5313,Male,Married,PhD,Student,Agricultural Loan,0,1,1,2,4,0
62,1,6.628771312763321,40750.25,489002.99,3,4586.98,401778.97,648968.99,358,347599.31,7.3,36,0.1126,0.7108,Female,Divorced,Graduate,Government,Vehicle Loan,1,0,0,0,1,6
52,4,9.09703892663436,107166.27,1285995.2,4,1136.39,1048425.9,3853619.4,657,1279124.92,9.71,36,0.0106,0.9947,Female,Divorced,Post Graduate,Business,Education Loan,0,0,0,3,0,2
52,0,29.915544087959212,67116.29,805395.52,3,19368.4,1074030.1,2474615.67,550,273851.95,9.05,180,0.2886,0.34,Female,Divorced,Post Graduate,Student,Agricultural Loan,1,0,0,3,4,0
26,0,12.662656955281353,60677.24,728126.9,3,4549.02,621424.17,711361.79,735,1795141.83,8.6,120,0.075,2.4654,Female,Divorced,Graduate,Business,Education Loan,0,0,0,0,0,2
58,1,20.936273488018802,53896.28,646755.31,1,333.38,817908.17,1222624.33,445,126134.78,11.51,180,0.0062,0.195,Female,Divorced,PhD,Salaried,Home Loan,0,0,0,2,2,4
37,4,27.133415301978538,58082.41,696988.91,3,3045.0,568767.65,2058709.44,651,1281037.01,7.91,12,0.0524,1.838,Female,Married,Post Graduate,Student,Home Loan,0,0,1,3,4,4
30,4,7.381704953940296,98150.88,1177810.61,3,15398.36,800513.53,1568732.11,869,216340.62,13.02,48,0.1569,0.1837,Male,Married,Graduate,Business,Vehicle Loan,0,1,1,0,0,6
47,0,4.341665852513858,28265.54,339186.52,4,9457.13,257803.66,908536.58,544,1405521.18,11.65,180,0.3346,4.1438,Male,Married,High School,Government,Education Loan,1,1,1,1,1,2
55,4,7.297745924847305,66545.58,798546.94,2,6741.83,1296734.57,3448391.55,859,304231.25,11.98,24,0.1013,0.381,Female,Married,PhD,Student,Home Loan,0,0,1,2,4,4
41,1,26.472650610211463,44976.38,539716.56,2,19960.31,666737.67,2514170.31,600,1070539.07,13.55,120,0.4438,1.9835,Female,Married,Graduate,Salaried,Personal Loan,0,0,1,0,2,5
45,4,19.97058102690123,28857.62,346291.48,2,4162.54,675324.6,2006925.91,737,1225722.04,13.6,180,0.1442,3.5396,Male,Married,Post Graduate,Self-employed,Gold Loan,0,1,1,3,3,3
48,4,13.540053697214379,34206.29,410475.53,1,5665.01,689294.22,1540013.14,399,278629.43,10.86,240,0.1656,0.6788,Female,Single,Post Graduate,Self-employed,Business Loan,0,0,2,3,3,1
35,1,24.608482404997257,41418.91,497026.92,3,4514.19,504190.48,798273.05,779,1002008.9,10.47,120,0.109,2.016,Female,Divorced,PhD,Business,Gold Loan,0,0,0,2,0,3
24,3,7.101793286964256,21677.63,260131.52,0,2750.95,142522.93,336980.22,714,432625.25,9.35,240,0.1269,1.6631,Male,Married,Post Graduate,Student,Home Loan,0,1,1,3,4,4
49,4,7.175261236188088,60986.49,731837.9,0,2260.62,1006271.59,3561775.09,464,137299.26,12.01,24,0.0371,0.1876,Female,Single,Graduate,Student,Agricultural Loan,0,0,2,0,4,0
29,0,17.01660276066871,34142.19,409706.28,4,5032.06,604755.79,2395978.34,601,664405.39,10.77,12,0.1474,1.6217,Male,Married,Graduate,Salaried,Vehicle Loan,0,1,1,0,2,6
47,2,23.701882717572577,38214.01,458568.13,1,16424.72,446188.6,732355.55,420,196171.21,13.53,12,0.4298,0.4278,Male,Married,PhD,Self-employed,Home Loan,1,1,1,2,3,4
46,0,7.786755507454396,81987.46,983849.46,1,28221.09,515554.26,1885428.13,387,262390.27,8.67,48,0.3442,0.2667,Male,Single,Graduate,Government,Vehicle Loan,1,1,2,0,1,6
39,0,6.301030155326478,39255.58,471066.98,3,17179.58,542374.01,931320.2,516,216592.41,9.17,12,0.4376,0.4598,Female,Married,Post Graduate,Self-employed,Education Loan,1,0,1,3,3,2
48,3,14.219240980173298,92189.46,1106273.5,0,4833.45,630398.23,1189736.31,872,598734.67,9.21,120,0.0524,0.5412,Male,Divorced,PhD,Student,Personal Loan,0,1,0,2,4,5
37,3,4.026140700349973,26505.6,318067.19,1,6038.2,599555.64,1873772.62,478,201095.86,12.64,180,0.2278,0.6322,Female,Divorced,Post Graduate,Government,Education Loan,0,0,0,3,1,2
63,0,22.43435242735322,18802.74,225632.93,4,2155.31,290771.98,627139.69,462,165862.85,7.69,36,0.1146,0.7351,Female,Single,Post Graduate,Government,Agricultural Loan,1,0,2,3,1,0
61,4,17.319927669733215,30515.93,366191.16,0,11004.28,235412.46,858403.69,892,192009.98,10.19,12,0.3606,0.5243,Female,Married,High School,Salaried,Personal Loan,0,0,1,1,2,5
62,0,15.376236272668429,10000.0,120000.0,1,4851.19,59618.06,287544.24,469,250741.18,9.99,36,0.4851,2.0895,Female,Divorced,Graduate,Business,Vehicle Loan,1,0,0,0,0,6
40,4,26.167902405602785,62533.46,750401.52,3,25493.62,1093374.75,1744554.65,600,658246.68,7.51,24,0.4077,0.8772,Female,Single,Graduate,Business,Home Loan,0,0,2,0,0,4
60,1,21.976854738863757,19470.6,233647.19,3,343.44,336437.26,1104201.68,673,915529.43,9.88,84,0.0176,3.9184,Female,Divorced,Post Graduate,Salaried,Home Loan,0,0,0,3,2,4
59,1,4.478093758712357,25068.89,300826.63,3,3969.15,369366.0,1733507.3,502,905097.58,10.59,120,0.1583,3.0087,Female,Single,Post Graduate,Student,Home Loan,1,0,2,3,4,4
43,3,12.612954553264728,55813.28,669759.38,3,797.56,844394.87,1440635.52,346,430281.66,7.46,240,0.0143,0.6424,Male,Single,Post Graduate,Student,Home Loan,1,1,2,3,4,4
52,2,9.63811665017162,39006.07,468072.89,0,783.38,580760.93,1432971.62,762,421491.03,10.57,60,0.0201,0.9005,Male,Divorced,Post Graduate,Business,Education Loan,0,1,0,3,0,2
53,2,24.06208314044815,27880.22,334562.63,0,1108.45,258794.77,386760.33,707,381940.62,13.71,48,0.0398,1.1416,Male,Married,High School,Self-employed,Education Loan,0,1,1,1,3,2
25,3,21.571103525137644,10700.81,128409.7,1,1478.46,241415.93,861408.45,493,631164.38,13.85,12,0.1382,4.9152,Male,Single,Post Graduate,Salaried,Vehicle Loan,1,1,2,3,2,6
63,1,14.160302634159939,79259.68,951116.15,4,12055.51,952971.2,3503666.94,726,1083465.05,10.72,84,0.1521,1.1392,Female,Divorced,Post Graduate,Self-employed,Personal Loan,0,0,0,3,3,5
54,3,24.70939526805925,56041.51,672498.17,2,11221.01,82243.26,300741.33,616,392041.02,10.61,180,0.2002,0.583,Female,Divorced,Post Graduate,Salaried,Personal Loan,0,0,0,3,2,5
60,1,12.3020141404842,124670.91,1496050.88,2,25241.56,1123572.97,3560050.15,778,677461.9,9.0,48,0.2025,0.4528,Male,Divorced,PhD,Salaried,Agricultural Loan,0,1,0,2,2,0
31,4,24.106560908965534,25391.56,304698.72,3,9793.64,101477.35,404391.65,720,164005.56,13.98,12,0.3857,0.5383,Male,Single,PhD,Business,Personal Loan,0,1,2,2,0,5
23,1,0.9622468479608792,15173.87,182086.38,1,1072.82,141994.41,162371.91,568,875140.63,8.92,60,0.0707,4.8062,Female,Married,PhD,Business,Home Loan,1,0,1,2,0,4
53,1,4.03856929620305,65963.26,791559.1,2,5202.54,988791.69,4775917.21,780,525893.75,10.17,60,0.0789,0.6644,Male,Divorced,PhD,Self-employed,Education Loan,0,1,0,2,3,2
31,1,22.679232235597798,32440.54,389286.44,2,10163.44,49351.23,93194.12,562,193674.47,7.02,24,0.3133,0.4975,Female,Divorced,Graduate,Student,Gold Loan,1,0,0,0,4,3
36,2,3.431677284395046,52939.34,635272.02,2,15133.82,1112499.6,1653450.16,725,1040724.48,9.44,84,0.2859,1.6382,Female,Single,PhD,Government,Gold Loan,0,0,2,2,1,3
38,1,20.512831216992623,95985.19,1151822.26,2,7391.09,1443339.81,6876856.29,465,163902.26,7.5,240,0.077,0.1423,Male,Married,PhD,Self-employed,Home Loan,0,1,1,2,3,4
50,0,21.707213943826183,45839.06,550068.73,2,19533.5,357249.16,1543940.7,727,71687.22,12.21,84,0.4261,0.1303,Male,Single,PhD,Salaried,Agricultural Loan,0,1,2,2,2,0
30,4,19.865860715637645,40150.07,481800.78,1,6605.88,327532.95,1329614.0,696,871025.63,10.93,180,0.1645,1.8079,Male,Married,Graduate,Government,Gold Loan,0,1,1,0,1,3
38,2,24.546963756166022,41689.38,500272.55,2,7649.32,488197.97,692744.54,515,602170.03,11.01,36,0.1835,1.2037,Male,Single,Post Graduate,Government,Personal Loan,0,1,2,3,1,5
58,0,15.348512103640918,13597.63,163171.61,2,2858.63,91187.25,385732.73,406,167910.32,9.01,24,0.2102,1.029,Female,Married,Graduate,Government,Personal Loan,1,0,1,0,1,5
39,2,26.91111188170443,70602.65,847231.77,1,11391.8,77653.33,266824.16,397,587882.46,12.7,48,0.1614,0.6939,Male,Divorced,High School,Government,Vehicle Loan,0,1,0,1,1,6
56,2,17.084886830114236,73368.63,880423.52,0,20449.86,118183.75,464182.56,781,1127938.97,7.02,240,0.2787,1.2811,Male,Single,High School,Government,Home Loan,0,1,2,1,1,4
33,0,15.236189061902131,49928.24,599138.86,0,9702.25,460739.55,2263282.2,798,545218.57,9.34,240,0.1943,0.91,Female,Married,PhD,Self-employed,Vehicle Loan,0,0,1,2,3,6
23,3,15.28161929685127,14628.94,175547.31,0,1897.63,56425.27,100310.86,529,3112199.84,11.62,36,0.1297,17.7286,Female,Divorced,High School,Business,Personal Loan,1,0,0,1,0,5
30,3,27.362466524538515,33769.41,405232.95,2,15271.79,51139.2,154313.96,556,223952.35,13.36,12,0.4522,0.5527,Female,Divorced,PhD,Business,Education Loan,1,0,0,2,0,2
58,1,7.310881073602918,86087.15,1033045.83,1,13272.52,1787444.18,7173742.4,342,73974.37,8.64,12,0.1542,0.0716,Female,Married,High School,Salaried,Home Loan,0,0,1,1,2,4
21,0,20.85106327113609,25862.46,310349.53,0,9032.32,188929.37,516651.05,541,143089.54,10.79,48,0.3492,0.4611,Female,Single,Graduate,Student,Agricultural Loan,1,0,2,0,4,0
47,1,7.278473644949596,73906.19,886874.25,3,12831.1,929135.23,1132255.65,853,70579.48,10.77,48,0.1736,0.0796,Female,Divorced,PhD,Self-employed,Business Loan,0,0,0,2,3,1
28,3,2.765249356433217,37536.08,450432.97,3,8168.23,192425.3,278199.95,394,2448823.56,13.12,84,0.2176,5.4366,Male,Married,Graduate,Government,Vehicle Loan,1,1,1,0,1,6
62,0,28.612316328997203,55687.02,668244.2,1,6569.5,115532.43,393777.01,487,440668.23,7.35,60,0.118,0.6594,Female,Single,PhD,Business,Vehicle Loan,1,0,2,2,0,6
37,0,3.891761386674882,28359.44,340313.25,2,10667.82,514211.19,1100420.48,684,2087090.7,9.97,84,0.3762,6.1329,Male,Divorced,Post Graduate,Salaried,Personal Loan,0,1,0,3,2,5
29,0,20.585797546421233,38201.44,458417.3,0,14081.11,147992.68,229590.3,699,333153.03,8.28,120,0.3686,0.7267,Male,Married,PhD,Government,Vehicle Loan,0,1,1,2,1,6
26,1,12.73676177651581,47194.34,566332.02,2,524.8,75109.25,177225.39,805,214470.89,7.15,120,0.0111,0.3787,Female,Divorced,PhD,Salaried,Agricultural Loan,0,0,0,2,2,0
63,2,25.113040998907486,18959.49,227513.82,0,570.62,275031.93,496136.63,466,110850.76,8.03,240,0.0301,0.4872,Female,Single,High School,Government,Personal Loan,1,0,2,1,1,5
45,2,23.196065491111742,42802.33,513627.99,4,19739.93,56060.53,61428.77,424,322093.53,13.84,84,0.4612,0.6271,Female,Single,High School,Government,Education Loan,1,0,2,1,1,2
59,2,4.313052736341975,10000.0,120000.0,4,4444.13,110345.77,177353.89,386,869233.37,8.5,180,0.4444,7.2436,Female,Divorced,PhD,Business,Vehicle Loan,1,0,0,2,0,6
48,0,14.034502323636769,25313.65,303763.76,2,6405.46,193478.0,876902.64,788,369649.38,13.55,24,0.253,1.2169,Male,Single,PhD,Business,Personal Loan,0,1,2,2,0,5
53,3,0.8259684517642985,50328.65,603943.82,3,12415.01,420073.81,440300.0,525,123252.94,8.44,180,0.2467,0.2041,Female,Single,Graduate,Government,Personal Loan,1,0,2,0,1,5
57,1,12.885705421921912,71122.41,853468.92,2,28890.78,77500.52,317395.74,644,746014.03,13.52,240,0.4062,0.8741,Female,Married,PhD,Business,Education Loan,0,0,1,2,0,2
29,1,21.00647466779322,48225.89,578710.68,0,3338.44,1117874.19,4486973.06,817,865478.75,11.58,48,0.0692,1.4955,Male,Divorced,High School,Self-employed,Vehicle Loan,0,1,0,1,3,6
38,3,6.964686419463511,15769.14,189229.64,2,5154.14,203266.56,662029.17,330,289559.54,7.79,60,0.3268,1.5302,Female,Divorced,PhD,Government,Business Loan,1,0,0,2,1,1
41,2,24.30100219792933,67488.66,809863.93,2,16061.73,956164.44,1753405.8,595,261962.39,11.07,60,0.238,0.3235,Female,Married,Graduate,Business,Agricultural Loan,0,0,1,0,0,0
22,4,1.5949447858141907,18333.96,220007.48,0,6814.1,299225.15,1350174.76,713,112704.36,9.23,24,0.3717,0.5123,Male,Single,Graduate,Salaried,Business Loan,0,1,2,0,2,1
63,3,1.0369908648056114,52497.41,629968.93,3,790.16,1015457.48,2945133.64,434,731208.85,9.68,60,0.0151,1.1607,Male,Divorced,PhD,Salaried,Education Loan,1,1,0,2,2,2
58,2,0.8235764418408098,18704.13,224449.59,4,5543.21,280223.62,474369.53,824,305631.92,10.08,240,0.2964,1.3617,Female,Divorced,High School,Salaried,Education Loan,0,0,0,1,2,2
60,0,8.400806146805497,22835.61,274027.28,0,6356.61,423156.49,1149331.27,303,51894.9,9.96,48,0.2784,0.1894,Male,Married,Post Graduate,Student,Education Loan,1,1,1,3,4,2
56,3,14.013174259529874,20459.25,245511.03,2,8601.56,231617.4,412202.28,477,134851.62,11.65,36,0.4204,0.5493,Female,Single,PhD,Salaried,Business Loan,1,0,2,2,2,1
63,2,3.2234103680953496,39473.12,473677.41,1,13358.42,376547.03,942885.56,558,693686.01,12.38,120,0.3384,1.4645,Female,Married,Graduate,Salaried,Vehicle Loan,1,0,1,0,2,6
57,1,29.902307846727176,32295.37,387544.49,2,14212.55,643713.98,1922613.43,364,336538.9,9.3,180,0.4401,0.8684,Male,Divorced,Graduate,Self-employed,Gold Loan,1,1,0,0,3,3
35,4,29.986832445004158,49283.55,591402.62,2,21863.99,1030131.79,2513113.19,662,178373.28,13.47,84,0.4436,0.3016,Male,Single,High School,Self-employed,Business Loan,0,1,2,1,3,1
48,4,15.594070984368871,35911.72,430940.69,1,7328.94,149735.85,543268.19,316,461867.95,13.57,84,0.2041,1.0718,Male,Single,Graduate,Student,Personal Loan,0,1,2,0,4,5
38,4,17.04028604188512,14607.29,175287.47,2,1003.77,196923.55,934140.6,499,225925.84,7.28,60,0.0687,1.2889,Male,Married,PhD,Self-employed,Personal Loan,1,1,1,2,3,5
54,2,27.804251390279077,42851.14,514213.66,1,13504.19,716632.83,1714613.84,843,264548.71,7.1,84,0.3151,0.5145,Female,Single,Post Graduate,Business,Education Loan,0,0,2,3,0,2
42,2,23.09378337908848,12615.74,151388.89,2,5511.48,36872.92,89341.54,511,356602.31,9.98,240,0.4369,2.3555,Female,Divorced,High School,Salaried,Education Loan,1,0,0,1,2,2
31,0,5.038430352260699,21368.81,256425.71,3,800.83,478249.47,1890620.54,734,1703837.16,11.13,24,0.0375,6.6446,Female,Divorced,Graduate,Business,Gold Loan,0,0,0,0,0,3
33,4,23.77466745065224,29192.06,350304.71,4,8143.46,378402.79,1181511.14,572,1697402.33,8.95,36,0.279,4.8455,Male,Divorced,High School,Student,Home Loan,1,1,0,1,4,4
24,1,6.928209992791778,28003.31,336039.71,3,1610.18,443727.01,1204877.57,589,91405.08,8.82,12,0.0575,0.272,Female,Single,PhD,Business,Agricultural Loan,1,0,2,2,0,0
42,4,12.907434801941202,13514.96,162179.5,0,182.42,68920.66,293273.43,782,420127.15,11.75,48,0.0135,2.5905,Male,Single,Post Graduate,Business,Personal Loan,0,1,2,3,0,5
27,3,15.97524736678367,82676.92,992123.01,0,28095.08,585517.75,2672387.5,533,138445.87,11.21,24,0.3398,0.1395,Male,Divorced,PhD,Business,Agricultural Loan,0,1,0,2,0,0
63,3,21.50997897055686,97616.49,1171397.83,2,33279.88,369285.9,1241667.12,707,188982.41,8.17,84,0.3409,0.1613,Male,Married,High School,Self-employed,Home Loan,0,1,1,1,3,4
44,1,4.504508931667336,140149.51,1681794.12,0,42090.97,991133.22,1724981.23,445,99996.32,13.19,12,0.3003,0.0595,Male,Divorced,Post Graduate,Salaried,Education Loan,0,1,0,3,2,2
24,2,2.2850956436430003,72300.83,867609.93,0,31061.26,891116.78,2553177.49,861,220976.98,11.76,180,0.4296,0.2547,Female,Married,PhD,Business,Personal Loan,0,0,1,2,0,5
48,4,25.983699895820568,28644.94,343739.27,2,1158.35,577868.14,1743707.08,729,170319.42,9.54,84,0.0404,0.4955,Female,Divorced,High School,Government,Personal Loan,0,0,0,1,1,5
35,3,24.80377473861145,28350.28,340203.39,2,1492.08,376368.11,1027044.37,731,1004934.04,11.79,240,0.0526,2.9539,Male,Married,Post Graduate,Salaried,Education Loan,0,1,1,3,2,2
21,1,15.697960257510834,27426.46,329117.58,4,11855.58,181636.23,372304.77,844,225585.79,7.79,84,0.4323,0.6854,Female,Married,High School,Salaried,Home Loan,0,0,1,1,2,4
23,0,19.870914115264682,119537.17,1434445.99,1,30080.14,242216.33,699832.56,796,93278.0,10.28,120,0.2516,0.065,Male,Single,PhD,Government,Home Loan,0,1,2,2,1,4
34,3,21.57903958676546,33883.22,406598.61,2,4625.95,518593.02,1444895.9,388,441415.02,8.18,60,0.1365,1.0856,Female,Married,High School,Student,Vehicle Loan,0,0,1,1,4,6
58,3,14.29594071197714,77772.23,933266.8,4,28704.06,829338.02,1524301.8,710,384022.99,7.29,180,0.3691,0.4115,Female,Single,Graduate,Student,Vehicle Loan,0,0,2,0,4,6
21,4,7.716914567430281,74225.35,890704.17,3,33193.71,1754697.54,8095687.7,540,358312.45,9.37,180,0.4472,0.4023,Female,Divorced,High School,Salaried,Gold Loan,1,0,0,1,2,3
58,2,14.441772216136334,40689.64,488275.64,0,14029.85,770437.01,3498834.73,522,720714.92,8.06,240,0.3448,1.476,Male,Married,Graduate,Self-employed,Agricultural Loan,0,1,1,0,3,0
58,3,28.523939729288205,15199.46,182393.58,1,6018.48,297793.16,1202627.45,767,1185310.2,11.43,84,0.396,6.4986,Male,Married,Post Graduate,Student,Gold Loan,0,1,1,3,4,3
41,3,25.13497540687608,34325.67,411908.07,3,4848.45,43985.11,114527.82,868,354147.49,11.72,12,0.1412,0.8598,Female,Divorced,Post Graduate,Student,Home Loan,0,0,0,3,4,4
49,4,13.966424977554691,39663.23,475958.72,2,5726.88,749210.3,1859066.19,621,547187.43,8.04,240,0.1444,1.1497,Female,Divorced,PhD,Business,Education Loan,0,0,0,2,0,2
25,2,6.767371001182299,78178.72,938144.65,3,33778.05,428114.97,1655033.19,674,361431.29,7.17,36,0.4321,0.3853,Female,Married,High School,Business,Home Loan,0,0,1,1,0,4
30,0,26.68843283710218,36741.96,440903.54,4,11295.63,531777.62,1825314.41,411,663440.06,12.55,240,0.3074,1.5047,Male,Married,Graduate,Student,Personal Loan,1,1,1,0,4,5
48,0,19.147232717526908,17585.62,211027.41,2,2058.95,198553.86,675558.34,826,136522.61,7.01,120,0.1171,0.6469,Female,Single,Graduate,Self-employed,Vehicle Loan,0,0,2,0,3,6
41,0,12.142198692914796,65692.89,788314.7,2,17216.85,929350.01,1390722.21,711,724962.74,9.41,36,0.2621,0.9196,Female,Single,PhD,Business,Vehicle Loan,0,0,2,2,0,6
27,0,3.349726230869672,31681.09,380173.06,1,10864.4,128916.72,447745.2,568,554829.93,10.46,240,0.3429,1.4594,Male,Married,High School,Self-employed,Agricultural Loan,0,1,1,1,3,0
23,2,22.552909120628087,10000.0,120000.0,4,1092.75,115085.09,530249.02,551,205332.66,12.73,120,0.1093,1.7111,Female,Married,Graduate,Salaried,Business Loan,1,0,1,0,2,1
40,0,9.509171175975572,44134.22,529610.65,0,14451.89,81636.29,109659.25,673,2588730.68,12.87,120,0.3275,4.888,Female,Divorced,PhD,Self-employed,Agricultural Loan,0,0,0,2,3,0
39,4,18.189177428519304,49043.49,588521.9,3,1033.47,95290.77,224570.35,749,149112.19,12.07,120,0.0211,0.2534,Female,Divorced,PhD,Business,Agricultural Loan,0,0,0,2,0,0
55,4,17.08851696164369,21899.89,262798.73,1,3325.41,353200.99,1072338.4,836,575974.54,8.73,24,0.1518,2.1917,Female,Single,High School,Government,Home Loan,0,0,2,1,1,4
24,4,20.988692317031912,32363.05,388356.56,1,10905.89,740759.8,2773432.84,667,205711.98,12.04,48,0.337,0.5297,Male,Single,High School,Self-employed,Personal Loan,0,1,2,1,3,5
25,0,16.128633228966656,53886.23,646634.74,2,4023.93,1017373.99,1382142.97,554,702501.0,8.73,180,0.0747,1.0864,Female,Divorced,High School,Student,Home Loan,0,0,0,1,4,4
21,4,18.912346598955466,44314.66,531775.95,3,4923.34,522495.7,2346645.64,762,2190657.7,8.5,24,0.1111,4.1195,Female,Divorced,Graduate,Self-employed,Business Loan,0,0,0,0,3,1
24,4,2.4462725623755635,14220.02,170640.19,1,6250.36,32493.12,37762.94,567,822779.38,10.83,48,0.4395,4.8217,Male,Divorced,PhD,Self-employed,Agricultural Loan,1,1,0,2,3,0
32,1,19.958360180055436,77043.86,924526.27,2,25976.15,156819.95,694831.36,425,403189.99,11.75,180,0.3372,0.4361,Male,Divorced,High School,Self-employed,Agricultural Loan,0,1,0,1,3,0
47,0,5.825726855960998,101093.22,1213118.68,2,25218.65,468215.49,520003.41,692,929948.43,7.37,36,0.2495,0.7666,Female,Divorced,Post Graduate,Student,Home Loan,0,0,0,3,4,4
62,4,11.759421731481204,26739.3,320871.6,4,2819.57,626866.56,1011821.07,633,275857.83,7.42,84,0.1054,0.8597,Male,Divorced,High School,Self-employed,Home Loan,0,1,0,1,3,4
43,2,15.376035679273631,11545.8,138549.61,2,1970.92,117411.61,493280.83,864,654209.03,12.49,24,0.1707,4.7218,Male,Single,Graduate,Government,Personal Loan,0,1,2,0,1,5
45,4,20.606315295989113,57680.11,692161.32,0,16563.72,1176580.1,5224789.54,667,474586.97,13.02,180,0.2872,0.6857,Male,Divorced,High School,Student,Vehicle Loan,0,1,0,1,4,6
41,1,22.272820291791774,24249.34,290992.04,4,1883.11,417531.77,2058040.54,854,167164.56,11.23,180,0.0777,0.5745,Female,Married,High School,Government,Education Loan,0,0,1,1,1,2
44,2,21.147680222773975,50074.61,600895.26,4,12061.57,747356.43,1093277.32,853,1735641.14,10.0,12,0.2409,2.8884,Male,Married,Post Graduate,Government,Business Loan,0,1,1,3,1,1
45,2,2.853163770482001,136121.38,1633456.58,0,27835.08,3103567.58,9639074.05,755,1196675.4,12.92,36,0.2045,0.7326,Male,Married,Post Graduate,Government,Gold Loan,0,1,1,3,1,3
52,3,11.607119135730708,14360.2,172322.35,0,3422.66,90461.56,118380.11,366,223035.3,12.1,24,0.2383,1.2943,Male,Married,Graduate,Student,Agricultural Loan,1,1,1,0,4,0
52,1,8.419952166521018,22517.04,270204.44,1,1188.46,258100.68,419576.34,365,1005036.39,11.06,120,0.0528,3.7195,Female,Single,High School,Business,Personal Loan,1,0,2,1,0,5
25,1,11.95264573095743,32315.82,387789.87,1,1720.77,675033.2,1146189.78,894,172476.65,9.24,120,0.0532,0.4448,Male,Married,High School,Student,Vehicle Loan,0,1,1,1,4,6
56,4,19.406195533378188,78826.7,945920.37,0,37998.84,1079177.69,1352806.44,699,640714.61,8.39,48,0.4821,0.6773,Female,Single,Post Graduate,Self-employed,Home Loan,0,0,2,3,3,4
62,1,5.787621787767713,306621.78,3679461.35,1,150147.74,2044627.07,9347869.78,586,459555.21,9.93,180,0.4897,0.1249,Female,Married,High School,Government,Education Loan,1,0,1,1,1,2
62,2,15.062981054214559,42118.87,505426.43,0,8974.79,244503.3,368080.67,485,1694190.92,9.01,36,0.2131,3.352,Male,Divorced,Graduate,Self-employed,Gold Loan,0,1,0,0,3,3
59,2,26.546147131517404,13638.7,163664.36,0,5380.43,249809.95,878672.37,583,576955.49,9.37,240,0.3945,3.5252,Female,Divorced,Post Graduate,Government,Business Loan,1,0,0,3,1,1
36,4,21.93380572682691,29515.98,354191.79,2,9678.16,38197.95,133806.96,815,128524.12,10.61,60,0.3279,0.3629,Female,Divorced,PhD,Government,Gold Loan,0,0,0,2,1,3
53,2,21.760953335683503,22812.91,273754.93,1,1333.61,502486.7,901752.99,536,999903.43,8.18,24,0.0585,3.6525,Female,Divorced,PhD,Self-employed,Personal Loan,1,0,0,2,3,5
41,4,25.46149134275715,55991.28,671895.39,4,8305.71,79709.96,398043.24,317,310996.0,12.64,240,0.1483,0.4629,Female,Single,PhD,Salaried,Home Loan,1,0,2,2,2,4
29,3,11.977349778222292,45530.19,546362.24,4,7140.3,706298.31,1687679.4,713,299483.14,8.02,12,0.1568,0.5481,Male,Divorced,PhD,Government,Agricultural Loan,0,1,0,2,1,0
26,1,22.78448500215196,19436.58,233238.92,1,5789.91,289783.87,1338910.88,308,452869.15,10.37,180,0.2979,1.9417,Female,Divorced,Post Graduate,Salaried,Home Loan,1,0,0,3,2,4
55,1,1.7611325888403329,22024.46,264293.47,1,6386.84,315025.85,1509962.65,719,279358.77,12.22,84,0.29,1.057,Female,Single,Graduate,Student,Education Loan,0,0,2,0,4,2
59,1,1.692808931375438,29259.68,351116.13,1,13510.78,348479.55,1671292.33,328,1859563.65,10.4,12,0.4618,5.2961,Male,Married,PhD,Government,Gold Loan,1,1,1,2,1,3
42,3,9.953959708723858,31457.26,377487.1,1,12426.19,648205.04,2600177.51,647,842517.83,9.53,48,0.395,2.2319,Female,Single,PhD,Government,Personal Loan,0,0,2,2,1,5
61,1,5.9054089835755486,35407.77,424893.28,2,15169.53,572354.47,1153420.19,875,177176.17,10.32,36,0.4284,0.417,Male,Married,High School,Student,Home Loan,0,1,1,1,4,4
25,3,15.556157509345075,37396.18,448754.2,0,16664.27,709885.48,1052491.42,749,247201.35,12.94,120,0.4456,0.5509,Male,Divorced,Graduate,Self-employed,Gold Loan,0,1,0,0,3,3
62,3,5.496073836073004,76184.27,914211.27,1,30522.34,278606.0,913699.5,679,155174.56,13.93,120,0.4006,0.1697,Male,Single,PhD,Self-employed,Gold Loan,0,1,2,2,3,3
43,4,29.267216287115183,28631.8,343581.64,1,4765.5,61491.63,150049.2,665,959513.2,11.42,84,0.1664,2.7927,Male,Married,Post Graduate,Salaried,Vehicle Loan,0,1,1,3,2,6
37,0,25.533153932379626,26209.05,314508.55,0,2817.64,43406.26,187695.45,526,419360.75,12.55,180,0.1075,1.3334,Male,Single,Post Graduate,Student,Education Loan,0,1,2,3,4,2
32,0,29.476010971469467,16264.43,195173.12,0,4649.73,71331.51,283896.57,417,202539.54,7.1,120,0.2859,1.0377,Female,Married,Graduate,Government,Home Loan,1,0,1,0,1,4
43,4,24.232890760639382,31751.16,381013.89,0,10947.3,518851.43,1092635.31,711,1555732.49,13.16,48,0.3448,4.0831,Female,Divorced,PhD,Salaried,Vehicle Loan,0,0,0,2,2,6
36,4,28.533290896015494,42349.75,508196.98,3,8185.53,523548.77,559181.99,655,662584.24,13.68,120,0.1933,1.3038,Male,Divorced,Post Graduate,Self-employed,Education Loan,0,1,0,3,3,2
23,4,11.043156835130645,12907.22,154886.65,4,5474.85,236225.4,460465.44,553,513199.85,11.03,12,0.4242,3.3134,Female,Divorced,High School,Government,Vehicle Loan,1,0,0,1,1,6
50,1,14.93715233613095,29570.81,354849.66,1,14202.36,159972.08,522862.7,842,494195.74,12.28,36,0.4803,1.3927,Male,Married,Post Graduate,Self-employed,Home Loan,0,1,1,3,3,4
42,2,7.193815236524594,72851.36,874216.32,2,20740.63,687727.76,905042.78,743,149284.75,10.59,24,0.2847,0.1708,Female,Divorced,Graduate,Salaried,Personal Loan,0,0,0,0,2,5
29,4,19.074181911383004,53582.81,642993.75,2,12232.74,1148571.35,4172863.53,380,692098.55,9.0,120,0.2283,1.0764,Female,Single,PhD,Self-employed,Vehicle Loan,0,0,2,2,3,6
49,3,23.6469090547162,45435.99,545231.94,0,19148.71,1023283.78,3772627.43,345,316443.58,12.97,240,0.4214,0.5804,Male,Married,Graduate,Self-employed,Vehicle Loan,1,1,1,0,3,6
57,0,14.962265105057337,52718.8,632625.58,2,639.73,1170345.23,1963342.71,348,887816.51,11.18,60,0.0121,1.4034,Male,Single,Post Graduate,Student,Gold Loan,1,1,2,3,4,3
43,1,8.891185158459216,25739.38,308872.57,4,1660.35,510180.69,1727100.87,748,737768.95,11.06,240,0.0645,2.3886,Female,Married,PhD,Salaried,Business Loan,0,0,1,2,2,1
33,2,15.230165817477776,23762.12,285145.48,1,10047.31,399902.87,1370821.35,706,421316.39,11.61,180,0.4228,1.4775,Male,Married,Graduate,Government,Home Loan,0,1,1,0,1,4
52,0,1.8868565956919103,77897.2,934766.38,2,28511.49,1714875.01,4993566.12,582,398135.14,12.99,12,0.366,0.4259,Female,Single,Graduate,Self-employed,Vehicle Loan,0,0,2,0,3,6
43,0,21.63358355461473,59705.75,716469.01,4,12422.88,1040442.96,5007634.53,772,1668014.47,12.12,24,0.2081,2.3281,Female,Divorced,PhD,Self-employed,Business Loan,0,0,0,2,3,1
37,0,13.548209143560653,23207.63,278491.51,4,10314.07,532395.31,762737.6,715,151829.52,8.48,84,0.4444,0.5452,Female,Single,High School,Business,Personal Loan,1,0,2,1,0,5
60,3,26.947026556508842,11763.6,141163.25,3,2067.21,18470.41,48512.57,899,279646.26,10.27,60,0.1757,1.981,Female,Divorced,Post Graduate,Salaried,Vehicle Loan,0,0,0,3,2,6
41,3,27.697509277984153,23498.47,281981.66,3,7447.2,521613.63,2363787.65,420,1098247.65,13.86,120,0.3169,3.8947,Female,Single,High School,Salaried,Education Loan,1,0,2,1,2,2
22,3,3.7651443109390637,50318.12,603817.44,2,15959.26,693485.96,1765099.35,302,1451546.72,10.88,240,0.3172,2.4039,Female,Married,Graduate,Government,Personal Loan,1,0,1,0,1,5
57,2,29.883329619543503,24466.1,293593.24,4,2254.94,87376.98,235791.88,615,396207.0,13.57,48,0.0922,1.3495,Male,Single,Graduate,Student,Personal Loan,0,1,2,0,4,5
26,0,29.09467543574521,44269.03,531228.4,0,6305.06,263089.06,966351.24,759,252848.24,12.69,180,0.1424,0.476,Female,Single,High School,Government,Vehicle Loan,0,0,2,1,1,6
64,4,18.813942397648507,85123.83,1021485.99,3,38987.01,1753522.32,6421844.46,526,256980.72,11.66,48,0.458,0.2516,Male,Married,Post Graduate,Salaried,Vehicle Loan,1,1,1,3,2,6
38,2,24.76343017519252,34344.04,412128.47,4,3149.6,434132.35,473902.28,378,140429.13,9.45,36,0.0917,0.3407,Female,Divorced,Graduate,Self-employed,Gold Loan,1,0,0,0,3,3
50,3,0.5531093860556557,41788.48,501461.81,3,3626.71,986409.14,2784425.56,843,2194357.63,9.13,24,0.0868,4.3759,Female,Divorced,PhD,Student,Home Loan,0,0,0,2,4,4
42,3,29.111566190722712,54772.43,657269.21,1,13134.85,202834.13,473424.46,370,392995.44,11.5,180,0.2398,0.5979,Female,Married,Graduate,Student,Gold Loan,0,0,1,0,4,3
53,3,13.689417794671531,18972.57,227670.82,4,874.61,198976.32,698562.29,496,641715.33,10.03,180,0.0461,2.8186,Female,Divorced,Graduate,Salaried,Education Loan,1,0,0,0,2,2
50,1,27.291006672493562,22837.76,274053.09,4,10215.63,197160.92,635412.04,357,646948.06,12.59,36,0.4473,2.3607,Male,Divorced,Post Graduate,Salaried,Home Loan,1,1,0,3,2,4
37,0,11.55374567156139,56145.21,673742.55,1,2811.45,722651.49,2604035.99,723,1449989.72,12.32,12,0.0501,2.1521,Male,Divorced,PhD,Government,Gold Loan,0,1,0,2,1,3
63,4,23.64529403220966,37130.0,445559.98,3,11446.39,578079.54,2089797.75,768,316347.16,9.18,84,0.3083,0.71,Male,Married,High School,Business,Gold Loan,0,1,1,1,0,3
52,0,12.538375724651809,39067.85,468814.2,1,6637.27,633582.0,1279510.89,347,334701.29,11.92,60,0.1699,0.7139,Female,Married,High School,Salaried,Vehicle Loan,0,0,1,1,2,6
62,2,10.881198438161686,37048.07,444576.82,2,14898.38,38152.29,75765.08,734,860039.88,10.46,180,0.4021,1.9345,Female,Single,Post Graduate,Salaried,Gold Loan,0,0,2,3,2,3
34,1,28.403274082640838,65314.96,783779.52,0,19261.73,198955.24,493633.74,484,105247.47,9.26,84,0.2949,0.1343,Female,Single,Graduate,Government,Vehicle Loan,1,0,2,0,1,6
30,2,20.973346016901054,47165.95,565991.44,3,9157.41,85203.79,167666.91,464,1457523.84,9.89,48,0.1942,2.5752,Male,Single,Graduate,Salaried,Personal Loan,1,1,2,0,2,5
56,3,25.20243271196894,47538.35,570460.21,4,23385.85,992875.56,3704649.37,630,1777123.73,13.27,24,0.4919,3.1152,Male,Divorced,Post Graduate,Government,Home Loan,0,1,0,3,1,4
54,3,16.30074412490166,75608.11,907297.38,2,2503.8,620419.16,2116537.56,629,538545.54,9.52,180,0.0331,0.5936,Female,Single,Graduate,Salaried,Vehicle Loan,0,0,2,0,2,6
29,4,27.550462354745807,95219.91,1142638.89,3,27508.38,899110.09,1677333.06,420,208940.54,9.01,60,0.2889,0.1829,Female,Divorced,High School,Self-employed,Business Loan,1,0,0,1,3,1
62,0,22.1988137067053,139546.76,1674561.14,0,69045.53,1585047.3,7190439.05,512,875454.36,9.46,180,0.4948,0.5228,Male,Divorced,High School,Salaried,Business Loan,1,1,0,1,2,1
48,2,2.16502952263275,25657.51,307890.18,4,8864.06,526851.44,1497654.48,806,379713.51,8.5,60,0.3455,1.2333,Male,Divorced,Graduate,Business,Business Loan,0,1,0,0,0,1
31,3,23.00612292356287,159794.59,1917535.06,1,59105.59,211859.5,319529.23,852,495721.86,10.81,84,0.3699,0.2585,Female,Single,PhD,Student,Business Loan,0,0,2,2,4,1
34,4,0.5613140149261198,18806.09,225673.13,0,301.75,70113.26,129840.11,467,526907.62,8.03,60,0.016,2.3348,Male,Single,Post Graduate,Government,Gold Loan,1,1,2,3,1,3
59,4,24.872067661794333,115977.15,1391725.76,3,1238.82,1943632.22,6140716.02,845,261275.78,12.72,36,0.0107,0.1877,Male,Single,PhD,Business,Business Loan,0,1,2,2,0,1
39,2,9.95598156594469,24825.44,297905.24,4,448.22,575193.65,1353831.04,726,584089.94,8.58,180,0.0181,1.9607,Male,Divorced,Post Graduate,Government,Vehicle Loan,0,1,0,3,1,6
35,0,17.948542317352516,34844.0,418127.95,3,17277.81,549980.69,2422603.2,520,137225.19,11.19,36,0.4959,0.3282,Female,Divorced,Graduate,Business,Personal Loan,1,0,0,0,0,5
48,1,22.481310550528242,36722.52,440670.28,0,17985.22,257272.12,766398.62,309,76374.46,7.88,48,0.4898,0.1733,Female,Married,PhD,Government,Education Loan,1,0,1,2,1,2
44,4,19.1089488428115,21586.37,259036.49,4,3610.42,279692.09,1303694.97,419,592144.29,13.85,84,0.1673,2.2859,Male,Married,Graduate,Government,Education Loan,1,1,1,0,1,2
28,2,20.17110693679842,38255.06,459060.76,0,5565.76,896107.68,1261097.64,546,1019586.48,10.18,24,0.1455,2.221,Female,Divorced,Graduate,Student,Personal Loan,1,0,0,0,4,5
63,3,26.7799723039953,22265.58,267186.92,3,1624.93,292697.94,1075481.29,659,293364.34,12.76,120,0.073,1.098,Female,Married,Post Graduate,Salaried,Gold Loan,0,0,1,3,2,3
29,1,11.219159490714603,17309.9,207718.81,4,2848.69,166013.65,754223.14,520,280474.72,12.38,60,0.1646,1.3503,Female,Divorced,Post Graduate,Government,Home Loan,1,0,0,3,1,4
53,1,16.41435449457103,35481.47,425777.62,4,6566.73,348385.01,756595.35,805,742680.3,12.0,60,0.1851,1.7443,Male,Married,Post Graduate,Government,Home Loan,0,1,1,3,1,4
53,0,5.247861127281217,94270.74,1131248.88,4,35270.59,2191018.92,3380195.29,357,435145.36,12.79,60,0.3741,0.3847,Female,Divorced,Graduate,Student,Vehicle Loan,1,0,0,0,4,6
39,2,14.026292465143387,31181.75,374180.96,3,13506.27,546774.42,1545501.08,759,281285.21,7.7,24,0.4331,0.7517,Male,Married,PhD,Government,Agricultural Loan,0,1,1,2,1,0
23,0,4.501091124733486,63870.48,766445.75,2,23847.16,1073341.85,5200702.88,427,564800.5,11.75,240,0.3734,0.7369,Female,Divorced,Post Graduate,Government,Education Loan,1,0,0,3,1,2
30,4,19.007566383045464,21864.08,262368.92,3,7067.29,138558.11,489643.24,385,444672.22,8.86,36,0.3232,1.6948,Female,Single,Post Graduate,Self-employed,Personal Loan,1,0,2,3,3,5
60,4,9.727541716913702,16813.11,201757.35,1,6438.58,233166.71,833782.67,403,162846.84,12.5,120,0.383,0.8071,Female,Married,High School,Self-employed,Agricultural Loan,1,0,1,1,3,0
62,2,25.770434416217814,47682.33,572187.92,2,17606.64,438922.47,1617870.43,442,405525.79,13.7,60,0.3692,0.7087,Male,Divorced,Graduate,Self-employed,Gold Loan,1,1,0,0,3,3
21,3,10.307328900660181,104127.09,1249525.05,3,24769.22,679391.25,787445.37,504,512138.0,13.31,60,0.2379,0.4099,Male,Single,High School,Student,Personal Loan,1,1,2,1,4,5
49,4,8.605016766366301,41166.19,493994.33,1,6912.86,889095.22,2473995.65,337,288650.91,7.8,48,0.1679,0.5843,Female,Divorced,Post Graduate,Government,Education Loan,0,0,0,3,1,2
54,4,14.738123893641431,59634.44,715613.23,0,8431.73,585167.89,766738.48,662,927828.37,9.59,84,0.1414,1.2966,Female,Single,High School,Student,Personal Loan,0,0,2,1,4,5
33,3,5.259861203568552,89060.81,1068729.69,1,30251.97,668321.63,1512702.78,608,651259.43,9.55,120,0.3397,0.6094,Female,Divorced,PhD,Student,Personal Loan,0,0,0,2,4,5
21,1,6.114183837304292,35528.19,426338.3,4,17041.17,796882.03,3415752.02,351,354456.53,7.86,120,0.4797,0.8314,Male,Divorced,PhD,Business,Personal Loan,1,1,0,2,0,5
54,2,23.49438226236607,33148.81,397785.69,2,9630.64,183610.16,665601.47,300,492337.55,7.69,180,0.2905,1.2377,Male,Divorced,High School,Salaried,Vehicle Loan,1,1,0,1,2,6
49,1,14.916762080906755,48206.69,578480.24,3,21994.94,874787.94,4358447.89,310,327367.76,9.69,60,0.4563,0.5659,Female,Married,PhD,Business,Gold Loan,1,0,1,2,0,3
33,0,6.1902583231394805,53637.91,643654.98,3,381.62,858913.82,1450377.07,513,369741.02,13.94,120,0.0071,0.5744,Male,Single,Graduate,Salaried,Home Loan,1,1,2,0,2,4
49,3,0.9456842171846891,15687.43,188249.14,4,6231.6,347808.21,900203.09,855,380785.37,10.98,48,0.3972,2.0228,Female,Single,High School,Business,Agricultural Loan,0,0,2,1,0,0
59,2,13.994323728880527,43366.19,520394.28,2,18508.75,873268.61,3701402.16,817,107354.48,11.35,240,0.4268,0.2063,Male,Single,Graduate,Government,Agricultural Loan,0,1,2,0,1,0
44,3,22.27890391210099,36300.66,435607.9,2,11452.75,625162.31,1164531.36,714,452218.55,10.3,60,0.3155,1.0381,Female,Married,PhD,Student,Gold Loan,0,0,1,2,4,3
46,3,10.535701925729965,22613.19,271358.29,4,10561.05,186222.98,300729.14,307,570730.83,11.64,36,0.467,2.1032,Female,Married,High School,Business,Education Loan,1,0,1,1,0,2
37,1,7.438928090042362,34825.8,417909.6,2,10272.1,431773.31,1170300.05,304,3169849.89,13.7,60,0.295,7.585,Female,Single,High School,Business,Agricultural Loan,1,0,2,1,0,0
27,1,11.891386814660212,18048.27,216579.24,4,2170.64,410118.1,1039610.81,661,629012.54,11.12,240,0.1203,2.9043,Female,Married,Post Graduate,Government,Home Loan,0,0,1,3,1,4
33,0,28.773886343566215,14668.29,176019.49,1,1582.1,22496.18,110699.73,411,262410.97,7.46,180,0.1079,1.4908,Female,Married,Graduate,Student,Business Loan,1,0,1,0,4,1
25,2,12.694862820543417,37801.68,453620.22,4,10505.77,728424.55,2057803.81,572,119056.07,10.45,12,0.2779,0.2625,Male,Single,Post Graduate,Salaried,Vehicle Loan,1,1,2,3,2,6
46,3,7.789142625767874,62395.36,748744.34,3,28280.2,423766.71,1883128.31,721,190033.81,13.95,60,0.4532,0.2538,Male,Divorced,Post Graduate,Business,Home Loan,0,1,0,3,0,4
23,0,17.07727619982517,29484.66,353815.97,0,1066.87,154953.4,705326.51,564,296726.84,9.71,84,0.0362,0.8386,Male,Divorced,PhD,Salaried,Home Loan,1,1,0,2,2,4
27,3,24.32231225297807,20405.55,244866.66,1,6166.46,129395.01,211106.26,757,300990.09,11.16,24,0.3022,1.2292,Female,Single,Graduate,Self-employed,Home Loan,0,0,2,0,3,4
59,0,0.6699689407016562,22400.1,268801.21,3,8621.84,53183.95,205354.89,511,365879.16,7.75,84,0.3849,1.3612,Male,Married,Graduate,Business,Personal Loan,1,1,1,0,0,5
21,3,16.74305058687284,50481.73,605780.73,1,2912.85,1202249.39,2537261.44,377,320665.54,7.99,240,0.0577,0.5293,Male,Married,PhD,Student,Education Loan,1,1,1,2,4,2
37,1,25.08937233668844,98758.34,1185100.08,3,5765.99,2074615.48,2860803.2,520,367794.61,13.12,48,0.0584,0.3103,Female,Single,PhD,Self-employed,Business Loan,1,0,2,2,3,1
63,4,6.468712689876375,57657.39,691888.69,2,10554.99,748640.12,3367996.89,668,315575.23,9.1,36,0.1831,0.4561,Female,Single,Graduate,Self-employed,Vehicle Loan,0,0,2,0,3,6
45,0,27.650489385043997,79258.91,951106.94,4,10853.76,1382859.81,3000435.41,646,448979.54,9.14,240,0.1369,0.4721,Female,Single,PhD,Business,Business Loan,0,0,2,2,0,1
23,0,17.330868630521703,19368.94,232427.22,3,1920.57,267324.1,636622.38,324,214760.81,9.71,24,0.0992,0.924,Female,Single,Graduate,Business,Education Loan,1,0,2,0,0,2
35,4,15.501793122664456,34739.83,416877.92,3,3451.3,683204.4,1568607.34,719,161616.88,13.77,240,0.0993,0.3877,Male,Married,PhD,Self-employed,Personal Loan,0,1,1,2,3,5
49,1,28.909845523821733,66917.41,803008.97,2,4372.02,1367095.96,2462388.21,653,365693.49,7.59,24,0.0653,0.4554,Female,Divorced,Post Graduate,Business,Vehicle Loan,0,0,0,3,0,6
63,0,3.8895514560239866,15685.52,188226.27,0,4790.78,99668.63,272894.07,716,626039.85,12.73,36,0.3054,3.326,Female,Single,PhD,Student,Agricultural Loan,0,0,2,2,4,0
52,1,22.20423498516152,24464.44,293573.33,0,8417.31,283156.34,768251.64,814,180731.77,9.39,120,0.3441,0.6156,Female,Married,High School,Student,Business Loan,0,0,1,1,4,1
46,3,24.557138721697996,63908.75,766904.95,4,22461.89,997072.16,2627291.62,514,279377.88,12.95,24,0.3515,0.3643,Female,Single,PhD,Self-employed,Personal Loan,1,0,2,2,3,5
36,3,14.656695518956154,42406.44,508877.25,2,11287.62,996726.81,4649920.94,411,393597.39,13.94,12,0.2662,0.7735,Male,Divorced,High School,Business,Vehicle Loan,0,1,0,1,0,6
45,4,0.19427031360159774,20351.98,244223.75,1,9696.76,339915.82,801863.63,858,386066.47,9.44,240,0.4765,1.5808,Female,Single,Graduate,Self-employed,Vehicle Loan,0,0,2,0,3,6
48,2,15.730095184179579,13650.17,163802.02,3,6009.71,295466.16,331369.92,727,807968.01,7.91,84,0.4403,4.9326,Male,Married,Post Graduate,Student,Gold Loan,1,1,1,3,4,3
29,1,4.605357864821392,81014.96,972179.52,4,38791.22,1657612.84,2840730.74,861,938335.74,8.01,240,0.4788,0.9652,Female,Single,PhD,Business,Personal Loan,0,0,2,2,0,5
21,2,16.87711565071728,10593.22,127118.63,0,2059.3,152409.42,592261.21,515,528403.73,12.31,36,0.1944,4.1568,Male,Divorced,Graduate,Student,Education Loan,1,1,0,0,4,2
49,2,22.158558557164145,53073.72,636884.6,1,23293.61,1143954.78,3847616.89,712,1164188.27,8.01,36,0.4389,1.8279,Female,Married,High School,Business,Agricultural Loan,0,0,1,1,0,0
42,1,15.93214289486652,26375.04,316500.46,2,10060.42,255328.83,1227350.17,679,329319.0,8.82,36,0.3814,1.0405,Female,Married,Post Graduate,Government,Agricultural Loan,0,0,1,3,1,0
36,2,18.924060314613254,68066.54,816798.44,3,11570.39,661846.41,2500283.96,531,866449.1,8.43,24,0.17,1.0608,Female,Divorced,Graduate,Student,Business Loan,1,0,0,0,4,1
61,0,3.1183662099027787,19432.67,233192.06,3,1035.7,368486.39,654788.04,557,270922.95,9.49,84,0.0533,1.1618,Female,Single,Graduate,Salaried,Personal Loan,1,0,2,0,2,5
64,3,2.9113718054736215,174360.34,2092324.09,0,59511.04,713919.17,1058440.05,555,560626.81,7.52,36,0.3413,0.2679,Female,Single,Graduate,Business,Business Loan,0,0,2,0,0,1
61,4,25.528222713167892,46229.77,554757.28,0,3154.08,371409.07,1145068.7,702,740660.99,13.0,60,0.0682,1.3351,Female,Married,Graduate,Government,Personal Loan,0,0,1,0,1,5
27,1,1.479895823803501,51033.7,612404.43,4,7496.23,765360.93,2802025.36,723,462738.21,13.02,60,0.1469,0.7556,Female,Divorced,PhD,Government,Personal Loan,0,0,0,2,1,5
34,4,8.528998913790332,22837.79,274053.42,3,5713.61,243485.25,404805.66,364,204434.77,9.89,36,0.2502,0.746,Male,Married,Graduate,Government,Gold Loan,1,1,1,0,1,3
49,3,28.13089737123168,33522.49,402269.87,3,11395.68,758836.69,2585183.62,489,116070.72,11.28,36,0.3399,0.2885,Male,Married,Graduate,Student,Gold Loan,1,1,1,0,4,3
39,4,13.766013404998057,34048.14,408577.63,3,15768.16,784661.06,3499678.37,472,690746.74,11.49,12,0.4631,1.6906,Female,Divorced,PhD,Salaried,Gold Loan,1,0,0,2,2,3
39,1,20.236157401509864,106685.55,1280226.59,3,31645.07,1339903.3,5239391.34,860,355606.96,12.24,84,0.2966,0.2778,Male,Divorced,High School,Government,Gold Loan,0,1,0,1,1,3
22,4,6.6507110476484215,46182.03,554184.37,1,15503.61,618766.41,2262682.93,526,376123.27,10.64,36,0.3357,0.6787,Male,Divorced,Post Graduate,Self-employed,Personal Loan,1,1,0,3,3,5
61,2,8.115386408437185,50327.04,603924.5,2,7801.04,889098.82,3696272.04,880,1468992.22,10.57,12,0.155,2.4324,Male,Single,Post Graduate,Business,Agricultural Loan,0,1,2,3,0,0
35,2,15.270016423616518,49990.55,599886.64,1,17179.07,575745.86,815446.62,687,207527.05,11.42,240,0.3436,0.3459,Female,Married,PhD,Business,Education Loan,0,0,1,2,0,2
23,3,19.14300144848526,52953.35,635440.15,2,11591.23,284479.39,516422.79,700,799932.03,11.92,12,0.2189,1.2589,Female,Married,PhD,Salaried,Home Loan,0,0,1,2,2,4
31,2,28.813833632675475,15777.31,189327.68,1,6760.03,286836.02,330549.26,512,245200.2,9.43,60,0.4285,1.2951,Female,Single,High School,Salaried,Personal Loan,1,0,2,1,2,5
50,4,17.23259911577087,124189.12,1490269.47,4,24369.04,2231563.71,3525673.8,352,383906.49,9.31,60,0.1962,0.2576,Female,Divorced,Post Graduate,Student,Business Loan,1,0,0,3,4,1
60,0,2.8790729383839553,21450.58,257406.93,2,5022.35,142315.26,662154.39,438,185586.96,8.89,24,0.2341,0.721,Male,Single,PhD,Self-employed,Education Loan,1,1,2,2,3,2
38,4,11.007579674507152,35488.27,425859.2,3,7675.89,715339.82,1350976.28,717,243834.91,10.84,12,0.2163,0.5726,Female,Married,Graduate,Business,Home Loan,0,0,1,0,0,4
22,0,7.3250276138330825,91025.02,1092300.29,2,36916.24,1375745.98,5019256.32,442,615749.09,9.52,84,0.4056,0.5637,Male,Single,PhD,Government,Home Loan,1,1,2,2,1,4
52,4,7.632036617260496,115933.86,1391206.38,3,55283.02,746027.12,2809738.82,808,1245685.31,10.78,120,0.4768,0.8954,Female,Married,Post Graduate,Government,Gold Loan,0,0,1,3,1,3
28,0,15.161623482206078,58898.59,706783.09,4,9638.06,942194.89,3374284.29,785,620823.84,9.84,240,0.1636,0.8784,Female,Single,High School,Business,Home Loan,0,0,2,1,0,4
42,0,9.4999926951438,26827.51,321930.14,2,6371.91,170972.24,549792.74,736,565049.87,12.86,180,0.2375,1.7552,Female,Single,High School,Self-employed,Business Loan,0,0,2,1,3,1
26,1,8.679266494260723,39208.18,470498.19,0,13839.04,278392.13,819731.57,842,3399898.6,7.51,36,0.353,7.2262,Male,Married,Graduate,Self-employed,Business Loan,0,1,1,0,3,1
32,1,29.040568828393376,40142.08,481704.93,3,17971.24,823081.74,2205598.45,592,692769.36,11.01,240,0.4477,1.4382,Female,Married,Graduate,Government,Education Loan,1,0,1,0,1,2
60,4,17.51875878434726,41004.38,492052.61,2,10121.95,917608.66,4283025.41,583,209630.8,11.03,12,0.2469,0.426,Male,Single,Post Graduate,Business,Gold Loan,0,1,2,3,0,3
56,2,7.853364877909131,17360.77,208329.21,1,945.24,119933.41,124497.77,313,115079.28,9.69,84,0.0544,0.5524,Female,Single,Graduate,Government,Personal Loan,1,0,2,0,1,5
35,1,8.276082770103262,77347.67,928172.03,2,14257.94,1728347.11,2098141.67,571,599181.48,9.95,24,0.1843,0.6456,Male,Single,Post Graduate,Student,Personal Loan,0,1,2,3,4,5
48,0,24.33084339917763,39369.76,472437.17,3,10833.81,255603.21,759154.28,324,143599.47,12.6,240,0.2752,0.304,Female,Single,Post Graduate,Business,Gold Loan,1,0,2,3,0,3
38,4,26.594274756663008,23545.0,282539.99,0,4915.31,87049.38,202132.17,621,198557.65,8.96,240,0.2088,0.7028,Male,Married,PhD,Self-employed,Agricultural Loan,0,1,1,2,3,0
22,2,20.370936156615354,26929.14,323149.65,0,2511.89,62991.27,165851.03,402,563905.08,13.1,180,0.0933,1.745,Female,Divorced,Graduate,Government,Gold Loan,0,0,0,0,1,3
33,4,12.943404735444709,42698.11,512377.36,1,789.69,280467.02,1399921.44,339,1016563.1,13.27,120,0.0185,1.984,Female,Married,PhD,Salaried,Home Loan,0,0,1,2,2,4
35,0,22.93722032066228,15650.47,187805.6,4,5379.13,154324.09,632811.93,534,352020.27,11.55,84,0.3437,1.8744,Female,Divorced,PhD,Salaried,Agricultural Loan,1,0,0,2,2,0
40,1,28.12145674103815,61516.52,738198.25,0,30534.87,1373886.15,6195720.7,388,168567.42,12.41,24,0.4964,0.2283,Female,Married,Post Graduate,Student,Home Loan,1,0,1,3,4,4
49,1,4.986017020989232,41807.8,501693.59,4,19215.0,274661.94,679595.55,399,393501.3,11.29,48,0.4596,0.7843,Female,Divorced,Post Graduate,Salaried,Education Loan,1,0,0,3,2,2
62,3,25.85116944949562,92912.53,1114950.34,3,31742.21,873907.64,1711322.43,443,355873.1,10.68,120,0.3416,0.3192,Female,Married,Post Graduate,Student,Gold Loan,1,0,1,3,4,3
49,3,25.46467855028893,38045.96,456551.54,2,16008.41,680474.29,2770865.37,381,486092.8,13.77,84,0.4208,1.0647,Male,Divorced,Post Graduate,Student,Personal Loan,1,1,0,3,4,5
23,4,10.99505887070003,18936.36,227236.34,4,2421.28,150500.6,636663.33,888,169058.91,8.98,240,0.1279,0.744,Male,Single,PhD,Self-employed,Education Loan,0,1,2,2,3,2
39,4,8.753583281603145,17699.97,212399.61,3,5508.53,296305.73,948057.98,870,226450.26,8.08,60,0.3112,1.0662,Female,Single,High School,Self-employed,Personal Loan,0,0,2,1,3,5
23,2,16.959304382354624,28726.54,344718.45,3,870.47,314204.83,1440241.44,528,1003341.3,9.01,84,0.0303,2.9106,Male,Divorced,High School,Business,Agricultural Loan,1,1,0,1,0,0
34,1,8.168813367233952,30609.24,367310.86,3,10823.18,168908.94,822468.45,694,813418.0,11.3,84,0.3536,2.2145,Male,Single,High School,Government,Personal Loan,0,1,2,1,1,5
60,1,4.361319158999882,25839.07,310068.84,1,12530.3,462089.26,1332703.64,812,1122725.51,8.3,180,0.4849,3.6209,Female,Divorced,Post Graduate,Salaried,Education Loan,0,0,0,3,2,2
24,3,28.59236716750876,39225.74,470708.82,1,16882.7,63619.95,120284.12,496,100670.18,13.36,180,0.4304,0.2139,Male,Divorced,Graduate,Government,Personal Loan,1,1,0,0,1,5
31,0,14.740973702802785,25448.54,305382.52,4,6800.37,196556.94,603125.62,573,217748.4,9.88,84,0.2672,0.713,Female,Single,High School,Government,Gold Loan,1,0,2,1,1,3
51,0,14.167682512806847,42299.2,507590.44,3,16681.54,388821.7,1927829.65,889,977474.44,12.95,180,0.3944,1.9257,Female,Single,PhD,Student,Agricultural Loan,0,0,2,2,4,0
63,3,3.783094344722321,26571.94,318863.25,4,12540.61,306614.11,665876.15,882,710600.39,8.74,120,0.4719,2.2285,Male,Married,PhD,Salaried,Business Loan,0,1,1,2,2,1
52,4,15.124585957005626,53051.7,636620.42,0,5730.05,882620.76,3063044.69,861,612831.01,9.19,12,0.108,0.9626,Female,Divorced,Post Graduate,Self-employed,Gold Loan,0,0,0,3,3,3
47,1,22.284990461837037,30150.02,361800.19,4,11958.38,348724.58,1316761.21,671,331071.45,7.41,60,0.3966,0.9151,Male,Married,PhD,Government,Education Loan,0,1,1,2,1,2
50,1,7.441389105079724,76705.14,920461.68,2,10349.32,1125222.57,2088092.6,379,269375.87,8.8,60,0.1349,0.2927,Female,Divorced,PhD,Student,Personal Loan,0,0,0,2,4,5
63,1,11.06665971543552,53711.2,644534.4,3,23550.95,789711.41,2648562.94,534,453969.26,10.43,240,0.4385,0.7043,Male,Divorced,High School,Self-employed,Personal Loan,1,1,0,1,3,5
22,0,5.367458657517891,40788.33,489459.92,4,2005.86,390966.22,882812.69,586,309028.94,13.62,120,0.0492,0.6314,Female,Married,High School,Student,Home Loan,1,0,1,1,4,4
29,4,10.652271392483621,32060.94,384731.24,1,2856.92,720772.79,3183536.95,871,675014.34,9.72,120,0.0891,1.7545,Female,Single,PhD,Government,Vehicle Loan,0,0,2,2,1,6
48,0,25.83844650001673,14597.33,175168.0,2,5259.54,335514.43,1294754.98,844,455752.11,11.48,24,0.3603,2.6018,Male,Married,High School,Government,Education Loan,0,1,1,1,1,2
51,4,7.11180212336704,84806.68,1017680.21,4,7411.15,1219738.1,5251052.68,736,203429.66,9.99,180,0.0874,0.1999,Male,Single,PhD,Government,Business Loan,0,1,2,2,1,1
54,3,0.8862479405095125,24137.79,289653.43,4,1907.54,63938.34,115007.79,426,735240.21,7.33,36,0.079,2.5383,Female,Single,PhD,Salaried,Personal Loan,1,0,2,2,2,5
35,4,16.086695676369224,38347.3,460167.55,4,10650.33,471515.81,536725.89,716,1206728.33,10.52,240,0.2777,2.6224,Female,Divorced,High School,Salaried,Education Loan,0,0,0,1,2,2
45,0,17.384767640419312,44635.4,535624.83,1,18635.0,233962.91,1029928.77,340,1272924.06,7.46,84,0.4175,2.3765,Female,Married,Post Graduate,Government,Home Loan,1,0,1,3,1,4
56,1,9.867321726282897,32529.19,390350.26,4,4366.51,394056.44,1003668.37,768,758225.87,13.19,240,0.1342,1.9424,Female,Married,High School,Salaried,Education Loan,0,0,1,1,2,2
28,0,19.247062274391002,81859.58,982314.97,0,34427.61,436730.08,750690.81,596,766556.49,12.27,240,0.4206,0.7804,Male,Single,Post Graduate,Student,Gold Loan,1,1,2,3,4,3
29,3,1.137060814164269,17451.44,209417.28,0,7049.98,299967.06,410229.38,896,174735.55,9.65,120,0.404,0.8344,Male,Single,Graduate,Student,Personal Loan,0,1,2,0,4,5
57,1,10.217212734777455,102781.52,1233378.28,0,29760.67,292913.96,898075.13,341,258572.48,11.48,180,0.2896,0.2096,Male,Divorced,PhD,Business,Home Loan,0,1,0,2,0,4
59,0,4.337156112422605,54335.58,652026.96,4,17565.68,1245697.16,1993753.02,578,386668.79,7.78,24,0.3233,0.593,Female,Divorced,Graduate,Self-employed,Gold Loan,1,0,0,0,3,3
52,1,6.894182670642373,31324.24,375890.93,2,633.39,172084.29,562159.47,758,710738.13,11.92,60,0.0202,1.8908,Male,Single,PhD,Student,Vehicle Loan,0,1,2,2,4,6
37,3,11.476031241733732,31535.27,378423.29,1,5788.86,510716.78,1996507.4,332,273683.32,12.76,36,0.1836,0.7232,Male,Divorced,High School,Self-employed,Vehicle Loan,0,1,0,1,3,6
55,4,14.802317485144066,10000.0,120000.0,0,1316.97,220901.34,693681.61,575,346081.7,12.75,12,0.1317,2.884,Female,Single,Graduate,Business,Education Loan,1,0,2,0,0,2
57,4,2.7959842380486277,21830.43,261965.21,0,1637.32,146294.15,675118.11,389,692241.84,8.99,84,0.075,2.6425,Male,Married,Graduate,Business,Personal Loan,1,1,1,0,0,5
39,2,3.0395754588956967,29367.91,352414.88,2,5721.74,660449.82,1071433.54,823,493701.94,8.85,240,0.1948,1.4009,Female,Divorced,PhD,Self-employed,Vehicle Loan,0,0,0,2,3,6
64,1,20.221345733830024,40362.77,484353.18,0,7162.46,401186.4,1193856.07,459,577864.56,10.65,24,0.1775,1.1931,Male,Married,PhD,Government,Home Loan,0,1,1,2,1,4
49,3,12.12397208153109,77323.16,927877.87,1,28180.1,1785562.46,2951109.49,757,237416.58,13.77,240,0.3644,0.2559,Female,Single,Post Graduate,Self-employed,Personal Loan,0,0,2,3,3,5
27,0,5.2956585946410994,123318.7,1479824.45,2,36878.23,2878427.35,12963307.59,698,342362.6,13.44,180,0.299,0.2314,Female,Divorced,Post Graduate,Student,Business Loan,0,0,0,3,4,1
48,0,7.047512398606131,42760.08,513120.97,3,19522.12,227733.26,1076940.8,390,303873.91,9.52,240,0.4566,0.5922,Male,Single,High School,Self-employed,Home Loan,1,1,2,1,3,4
29,2,21.6016874424928,41083.65,493003.84,1,2986.94,826398.04,2148621.3,880,442082.26,12.46,60,0.0727,0.8967,Female,Married,Graduate,Student,Home Loan,0,0,1,0,4,4
48,0,1.5527655909303872,27059.38,324712.54,1,808.38,147437.98,327753.61,765,312856.01,13.45,24,0.0299,0.9635,Female,Divorced,Graduate,Student,Home Loan,0,0,0,0,4,4
26,3,15.262293521117632,12977.08,155724.95,4,3468.82,80563.45,170574.12,519,280671.09,8.83,84,0.2673,1.8024,Female,Married,Post Graduate,Student,Agricultural Loan,1,0,1,3,4,0
49,3,10.809637215535716,25248.65,302983.84,3,12.97,74102.51,328934.34,718,488953.2,12.81,120,0.0005,1.6138,Male,Married,High School,Government,Business Loan,0,1,1,1,1,1
37,4,24.33441435220052,32102.83,385233.92,3,12644.0,147684.23,550827.87,678,2367591.49,8.88,36,0.3939,6.1459,Male,Single,Graduate,Government,Vehicle Loan,0,1,2,0,1,6
36,1,23.703210582865,65201.43,782417.14,2,16495.08,1013297.76,4582509.64,746,705635.74,9.4,84,0.253,0.9019,Female,Married,PhD,Business,Education Loan,0,0,1,2,0,2
43,1,20.676048958210405,49598.15,595177.74,0,12103.57,562086.5,826304.99,445,106492.36,8.39,84,0.244,0.1789,Female,Married,PhD,Salaried,Vehicle Loan,0,0,1,2,2,6
51,0,11.543512150523192,41478.36,497740.32,3,7517.87,796040.97,2311791.91,532,585977.24,10.55,180,0.1812,1.1773,Female,Married,PhD,Government,Vehicle Loan,1,0,1,2,1,6
23,1,18.93708809078942,25630.03,307560.35,2,4805.3,221339.05,819998.41,670,293044.18,12.9,12,0.1875,0.9528,Female,Single,Graduate,Government,Agricultural Loan,0,0,2,0,1,0
41,2,19.19546239190393,11056.02,132672.19,3,2383.31,257365.97,1180888.48,533,208384.83,10.7,48,0.2156,1.5707,Female,Married,High School,Business,Education Loan,1,0,1,1,0,2
46,1,9.96599614799521,11463.76,137565.17,1,91.9,24613.49,62224.78,666,776912.13,7.86,12,0.008,5.6476,Male,Single,Post Graduate,Business,Gold Loan,0,1,2,3,0,3
56,0,26.399246430410795,13383.24,160598.83,3,559.06,32755.83,73777.93,780,470591.42,8.76,180,0.0418,2.9302,Female,Divorced,Post Graduate,Business,Home Loan,0,0,0,3,0,4
62,1,29.545725944434277,30479.09,365749.02,0,7696.7,522156.19,2428998.96,872,3233570.04,10.94,24,0.2525,8.841,Female,Divorced,Post Graduate,Self-employed,Business Loan,0,0,0,3,3,1
57,3,9.433199143370533,65935.13,791221.56,2,4949.17,1411894.95,1680342.88,662,403761.95,11.08,180,0.0751,0.5103,Female,Single,PhD,Student,Gold Loan,0,0,2,2,4,3
42,3,24.036819032109364,64876.41,778516.91,0,25261.66,1251887.92,3653487.11,889,369172.53,11.04,36,0.3894,0.4742,Female,Divorced,Graduate,Government,Home Loan,0,0,0,0,1,4
62,4,15.027247994775136,58467.68,701612.2,4,8024.26,717152.5,2032773.24,810,1152816.86,7.54,180,0.1372,1.6431,Male,Married,Graduate,Student,Gold Loan,0,1,1,0,4,3
32,4,13.909571905906386,26660.62,319927.4,0,1305.03,192003.13,304176.28,394,450258.42,12.28,84,0.0489,1.4074,Male,Married,Post Graduate,Salaried,Home Loan,0,1,1,3,2,4
62,4,11.596887145266008,72153.99,865847.91,0,8485.67,94477.37,243732.76,515,189891.45,13.37,12,0.1176,0.2193,Male,Single,Post Graduate,Business,Education Loan,0,1,2,3,0,2
33,4,8.760759469669038,20771.93,249263.11,2,3708.81,264164.55,1027705.49,842,218685.53,10.57,120,0.1785,0.8773,Female,Married,Graduate,Salaried,Agricultural Loan,0,0,1,0,2,0
31,1,27.58523586580459,60599.15,727189.74,1,1070.08,723531.52,1785295.06,434,340186.6,12.03,120,0.0177,0.4678,Female,Divorced,Post Graduate,Business,Education Loan,0,0,0,3,0,2
36,0,22.22445125756693,13296.47,159557.69,3,941.89,118573.38,265443.34,382,748712.71,13.4,84,0.0708,4.6924,Female,Divorced,Graduate,Business,Business Loan,1,0,0,0,0,1
28,1,13.221087903324003,17921.07,215052.9,3,2901.84,256193.84,1057461.09,690,1224082.34,11.5,12,0.1619,5.692,Female,Single,PhD,Salaried,Education Loan,0,0,2,2,2,2
60,0,22.546938480089942,97887.0,1174644.01,2,15196.0,1738741.15,8615221.82,346,840337.92,11.72,60,0.1552,0.7154,Male,Divorced,Post Graduate,Student,Personal Loan,0,1,0,3,4,5
60,0,21.55799067805703,32134.94,385619.3,2,12860.19,550164.0,2265250.46,691,696919.79,12.05,12,0.4002,1.8073,Female,Divorced,Post Graduate,Salaried,Business Loan,0,0,0,3,2,1
22,0,8.020125054373382,24134.99,289619.92,1,10175.98,170267.92,746688.38,684,1063951.61,8.82,12,0.4216,3.6736,Male,Divorced,Graduate,Self-employed,Business Loan,0,1,0,0,3,1
50,0,5.283969027359392,70379.35,844552.24,1,6806.34,1017825.14,4842815.09,680,727186.39,11.08,84,0.0967,0.861,Female,Single,High School,Government,Home Loan,0,0,2,1,1,4
50,3,25.088975740962702,75389.48,904673.72,4,4671.88,333358.17,1402467.77,376,214790.28,12.9,180,0.062,0.2374,Male,Single,Post Graduate,Government,Agricultural Loan,1,1,2,3,1,0
32,0,24.342186390553113,28002.01,336024.1,3,8878.91,106319.21,523241.2,558,370790.89,9.07,12,0.3171,1.1035,Male,Married,High School,Student,Education Loan,1,1,1,1,4,2
30,1,29.90588016200132,42919.35,515032.21,3,17266.96,818673.06,3265799.03,698,292963.53,13.28,24,0.4023,0.5688,Male,Divorced,High School,Student,Gold Loan,0,1,0,1,4,3
64,0,0.5808988978443352,39424.57,473094.82,4,18997.18,668489.12,2437371.62,399,1214473.44,11.34,60,0.4819,2.5671,Male,Divorced,Post Graduate,Student,Personal Loan,1,1,0,3,4,5
31,3,16.211420603920836,10000.0,120000.0,2,33.98,186623.65,704204.59,800,206140.94,9.96,180,0.0034,1.7178,Male,Single,Post Graduate,Salaried,Business Loan,0,1,2,3,2,1
35,1,21.039682527188265,15716.78,188601.31,3,3250.84,70829.73,325839.94,682,209369.89,11.36,48,0.2068,1.1101,Female,Divorced,High School,Salaried,Personal Loan,0,0,0,1,2,5
36,2,17.476201865769408,63917.77,767013.21,0,23457.43,1408506.46,5256592.04,491,506836.45,9.81,60,0.367,0.6608,Female,Married,High School,Salaried,Business Loan,1,0,1,1,2,1
37,1,21.31326080413673,22036.1,264433.24,2,9129.11,89501.11,362015.95,879,2070325.82,12.87,60,0.4143,7.8293,Male,Divorced,Post Graduate,Business,Education Loan,1,1,0,3,0,2
46,3,4.117836441232916,49906.31,598875.73,2,1554.23,1048574.02,1954583.64,644,796444.39,10.38,36,0.0311,1.3299,Male,Single,Graduate,Salaried,Vehicle Loan,0,1,2,0,2,6
22,3,0.04548084510230366,42524.02,510288.19,1,14471.23,387169.41,1800569.48,309,1017990.3,13.31,84,0.3403,1.9949,Female,Divorced,Post Graduate,Government,Education Loan,0,0,0,3,1,2
32,4,2.790961625448163,75301.83,903621.91,4,10878.81,257907.56,719266.26,563,182509.76,10.57,60,0.1445,0.202,Male,Married,PhD,Government,Business Loan,1,1,1,2,1,1
46,2,11.401794392033437,16022.11,192265.36,2,597.6,121698.94,200105.83,567,755429.1,11.62,24,0.0373,3.9291,Female,Married,PhD,Business,Agricultural Loan,1,0,1,2,0,0
43,0,9.867998636303017,46005.83,552070.01,1,11250.79,238002.18,999406.57,870,181870.24,13.98,48,0.2446,0.3294,Male,Single,Graduate,Salaried,Agricultural Loan,0,1,2,0,2,0
38,3,26.220093760819463,34917.78,419013.31,0,2761.18,428978.97,1040519.41,494,793928.31,8.03,48,0.0791,1.8948,Female,Married,High School,Salaried,Vehicle Loan,1,0,1,1,2,6
52,4,2.5057882328429337,22609.72,271316.7,0,8331.77,516499.79,896889.78,861,125910.57,12.16,120,0.3685,0.4641,Male,Divorced,High School,Self-employed,Education Loan,0,1,0,1,3,2
58,4,13.281184408538406,22514.67,270175.98,3,8344.63,192298.58,389405.52,706,337291.71,7.97,120,0.3706,1.2484,Female,Married,High School,Self-employed,Home Loan,0,0,1,1,3,4
23,0,28.73467314621132,41626.34,499516.13,4,17526.1,627653.54,715396.95,595,85605.57,12.87,240,0.421,0.1714,Female,Married,PhD,Government,Gold Loan,1,0,1,2,1,3
58,1,15.087112437359837,52987.01,635844.14,4,10003.12,1139728.38,1552870.72,396,217995.62,11.18,24,0.1888,0.3428,Male,Single,Post Graduate,Student,Business Loan,1,1,2,3,4,1
23,2,3.9720026272833597,37728.0,452735.98,1,251.08,584470.85,1969958.39,761,141536.76,13.57,84,0.0067,0.3126,Female,Married,Graduate,Government,Business Loan,0,0,1,0,1,1
50,0,8.738015170045033,38439.03,461268.32,3,4992.0,358658.43,1601363.72,386,744856.14,13.06,24,0.1299,1.6148,Male,Single,Post Graduate,Business,Agricultural Loan,1,1,2,3,0,0
21,0,18.803744526983156,26927.5,323130.0,4,6298.5,640586.38,1789876.27,376,477114.05,7.52,240,0.2339,1.4765,Female,Divorced,High School,Salaried,Vehicle Loan,1,0,0,1,2,6
50,1,0.35968435688194744,28020.41,336244.94,3,9723.24,148802.76,521439.46,782,304361.8,7.96,24,0.347,0.9052,Female,Married,Post Graduate,Self-employed,Vehicle Loan,0,0,1,3,3,6
52,1,29.04300979257813,22573.18,270878.17,1,4311.94,294238.89,1247258.76,445,485870.79,11.21,84,0.191,1.7937,Female,Divorced,Graduate,Government,Agricultural Loan,1,0,0,0,1,0
48,3,17.009304881694195,26604.59,319255.07,3,7130.67,514113.11,1247791.4,410,227578.08,10.63,180,0.268,0.7128,Male,Divorced,PhD,Business,Personal Loan,1,1,0,2,0,5
41,1,21.124175425713855,51886.06,622632.67,2,13600.98,52660.4,190486.17,596,572340.04,8.18,84,0.2621,0.9192,Male,Married,Post Graduate,Student,Vehicle Loan,1,1,1,3,4,6
33,1,14.96883324957047,55483.63,665803.61,2,4576.91,951377.58,2284951.8,725,415742.47,7.91,36,0.0825,0.6244,Male,Married,Post Graduate,Government,Home Loan,0,1,1,3,1,4
47,2,28.737726007223863,16889.96,202679.52,2,5261.64,120416.54,429990.78,633,2743418.44,10.95,60,0.3115,13.5357,Female,Single,Graduate,Salaried,Gold Loan,0,0,2,0,2,3
56,2,17.676631546249627,21208.09,254497.08,2,4657.85,103998.42,194521.86,822,1634440.47,7.34,48,0.2196,6.4222,Male,Married,Graduate,Salaried,Vehicle Loan,0,1,1,0,2,6
27,2,19.859510772116007,23712.58,284551.02,0,9578.92,173255.35,850919.16,882,938884.65,13.12,12,0.404,3.2995,Female,Single,High School,Self-employed,Personal Loan,0,0,2,1,3,5
42,0,25.825126903154565,34946.65,419359.8,0,12067.27,812047.53,1059487.41,837,558974.07,12.65,60,0.3453,1.3329,Male,Married,Graduate,Business,Business Loan,0,1,1,0,0,1
30,2,25.8466997117674,13228.23,158738.74,4,737.27,284598.86,859753.63,461,619263.31,12.5,60,0.0557,3.9011,Female,Married,PhD,Student,Gold Loan,1,0,1,2,4,3
59,2,0.8451404646534155,21432.33,257187.95,0,5237.62,126801.21,272012.15,729,1193870.83,7.11,120,0.2444,4.642,Male,Married,High School,Student,Vehicle Loan,0,1,1,1,4,6
35,4,8.499026320304147,15814.0,189768.04,3,5554.62,58379.22,198685.01,368,557107.72,7.33,120,0.3512,2.9357,Male,Married,Post Graduate,Business,Home Loan,1,1,1,3,0,4
35,2,7.389543972394858,46179.41,554152.91,3,2009.08,432955.5,1174706.96,432,585213.62,10.85,24,0.0435,1.0561,Female,Married,High School,Self-employed,Home Loan,1,0,1,1,3,4
24,0,0.19934689564226948,35674.63,428095.54,0,14136.02,521696.46,1161641.87,488,278958.11,13.96,48,0.3962,0.6516,Male,Single,Post Graduate,Salaried,Gold Loan,0,1,2,3,2,3
52,4,26.303476520768935,27514.58,330175.01,3,3054.18,576274.44,1152635.64,872,255287.66,9.4,12,0.111,0.7732,Male,Married,Graduate,Student,Personal Loan,0,1,1,0,4,5
43,0,9.514202091528107,19187.87,230254.45,4,4826.56,445543.76,770788.23,578,406043.13,9.41,60,0.2515,1.7635,Male,Single,High School,Business,Home Loan,1,1,2,1,0,4
26,0,10.408582083796423,27770.85,333250.18,1,13060.09,507554.67,2096970.89,729,54622.79,7.94,60,0.4703,0.1639,Female,Single,PhD,Self-employed,Education Loan,0,0,2,2,3,2
44,4,2.988671844688043,25878.94,310547.26,0,7392.76,382417.37,722309.83,841,432244.08,11.72,48,0.2857,1.3919,Female,Married,High School,Salaried,Education Loan,0,0,1,1,2,2
40,4,29.691638674480206,96838.5,1162062.01,2,20532.4,413852.56,1694355.76,460,364497.6,11.53,120,0.212,0.3137,Male,Married,PhD,Business,Vehicle Loan,0,1,1,2,0,6
57,4,24.787534050033102,66052.94,792635.28,3,224.41,178518.15,524870.95,752,893788.03,7.71,84,0.0034,1.1276,Male,Married,High School,Self-employed,Home Loan,0,1,1,1,3,4
40,4,17.15586939356122,23994.39,287932.65,3,1600.59,352924.29,454888.38,469,1178447.24,10.27,36,0.0667,4.0928,Female,Single,Graduate,Government,Education Loan,1,0,2,0,1,2
32,0,23.157910670733134,40099.42,481193.07,1,11602.04,537271.08,892821.35,356,3461264.68,11.67,24,0.2893,7.1931,Female,Divorced,Post Graduate,Business,Vehicle Loan,1,0,0,3,0,6
53,4,23.313393021706396,63992.76,767913.09,4,15800.61,1309293.51,5985590.52,539,703365.6,10.45,48,0.2469,0.9159,Female,Divorced,High School,Student,Vehicle Loan,1,0,0,1,4,6
48,1,19.701939076441835,23989.98,287879.75,3,4364.13,201994.05,689054.9,657,499629.16,11.72,240,0.1819,1.7355,Female,Single,Post Graduate,Business,Vehicle Loan,0,0,2,3,0,6
28,2,5.220335568562822,15517.65,186211.84,2,7163.07,29683.56,51570.22,500,281273.27,12.71,60,0.4616,1.5105,Female,Married,Post Graduate,Salaried,Personal Loan,1,0,1,3,2,5
21,2,21.60944575104789,12355.85,148270.2,1,2054.05,132767.19,506514.75,743,191156.39,11.8,12,0.1662,1.2892,Female,Married,Post Graduate,Business,Vehicle Loan,0,0,1,3,0,6
57,1,17.088522508658745,77913.94,934967.27,3,20925.77,1814708.59,7790629.24,601,919299.45,11.31,36,0.2686,0.9832,Male,Single,High School,Salaried,Personal Loan,0,1,2,1,2,5
42,0,21.722157224438693,32382.15,388585.78,2,9208.08,624917.91,1451442.21,405,432803.27,12.98,240,0.2844,1.1138,Female,Married,Post Graduate,Self-employed,Education Loan,1,0,1,3,3,2
26,0,16.30359641657367,43251.84,519022.12,3,11406.99,76848.15,247941.39,400,621525.99,13.3,120,0.2637,1.1975,Female,Single,High School,Government,Vehicle Loan,1,0,2,1,1,6
41,2,28.690111862062594,25731.15,308773.79,2,6144.41,543380.5,1181200.47,396,449034.82,9.72,36,0.2388,1.4543,Male,Married,PhD,Salaried,Education Loan,0,1,1,2,2,2
52,3,18.810762914832384,16970.99,203651.87,1,2860.15,201086.85,265484.28,328,458508.11,8.21,12,0.1685,2.2514,Male,Married,Post Graduate,Self-employed,Home Loan,1,1,1,3,3,4
55,1,17.210413274064486,18981.49,227777.86,4,8624.84,178229.82,463047.53,805,527221.01,12.73,48,0.4544,2.3146,Female,Single,PhD,Self-employed,Personal Loan,0,0,2,2,3,5
35,1,25.283646449554904,16242.38,194908.55,0,3661.06,145775.51,583937.05,737,620118.78,8.5,240,0.2254,3.1816,Male,Divorced,Post Graduate,Government,Agricultural Loan,0,1,0,3,1,0
25,2,11.377096656707334,60475.68,725708.21,0,15979.15,888286.07,2518043.28,678,939005.09,13.5,120,0.2642,1.2939,Female,Divorced,High School,Student,Agricultural Loan,0,0,0,1,4,0
26,4,9.473809955628337,88923.94,1067087.3,4,29188.3,1174132.75,3077491.21,372,165075.11,7.16,60,0.3282,0.1547,Male,Divorced,High School,Student,Education Loan,1,1,0,1,4,2
45,3,15.095065003347404,37136.16,445633.89,3,1256.24,597982.26,1473445.47,553,707055.67,13.45,84,0.0338,1.5866,Male,Married,PhD,Business,Vehicle Loan,1,1,1,2,0,6
60,0,17.534025342391086,14607.94,175295.29,1,5706.51,207341.51,587951.54,815,157863.83,11.12,12,0.3906,0.9006,Male,Divorced,PhD,Student,Education Loan,0,1,0,2,4,2
49,0,6.614463752397385,48920.44,587045.24,2,12536.04,210882.56,479318.3,849,775402.87,12.42,120,0.2563,1.3209,Male,Divorced,Graduate,Business,Vehicle Loan,0,1,0,0,0,6
27,0,20.468445403252886,77574.25,930890.98,1,25490.0,536536.72,1850373.91,319,571593.1,9.79,60,0.3286,0.614,Female,Divorced,Graduate,Salaried,Gold Loan,1,0,0,0,2,3
60,0,24.07124091439044,65055.76,780669.15,4,25111.92,1323473.62,1659985.21,834,416114.49,13.94,120,0.386,0.533,Male,Divorced,Graduate,Salaried,Business Loan,0,1,0,0,2,1
33,1,17.319594909246938,35686.27,428235.27,3,15596.67,580078.43,2453472.27,720,429332.53,8.59,60,0.437,1.0026,Male,Divorced,Post Graduate,Business,Personal Loan,0,1,0,3,0,5
58,1,15.688906861921577,31549.43,378593.11,3,6187.16,356925.41,604156.15,745,493625.38,8.85,60,0.1961,1.3038,Male,Divorced,PhD,Government,Home Loan,0,1,0,2,1,4
38,4,8.839266871331432,35514.64,426175.65,4,14408.82,184670.18,652583.59,435,1058948.55,7.36,36,0.4057,2.4848,Female,Single,Graduate,Government,Education Loan,1,0,2,0,1,2
22,1,27.287490714485,75746.64,908959.71,1,9803.01,89145.76,249566.23,804,986542.44,13.58,60,0.1294,1.0854,Male,Divorced,PhD,Student,Agricultural Loan,0,1,0,2,4,0
28,4,22.6349919748471,57309.36,687712.33,0,18921.71,468412.92,1917670.4,600,898354.02,10.19,180,0.3302,1.3063,Female,Married,Graduate,Salaried,Business Loan,0,0,1,0,2,1
31,4,14.40860603658318,28811.96,345743.5,1,1479.6,65157.67,280475.09,332,150674.66,11.72,180,0.0514,0.4358,Female,Single,PhD,Salaried,Education Loan,0,0,2,2,2,2
53,0,19.773207414455783,28380.31,340563.71,3,284.24,343189.88,623507.89,577,701493.49,11.81,24,0.01,2.0598,Male,Married,PhD,Government,Gold Loan,1,1,1,2,1,3
58,0,10.106381004250762,27200.29,326403.5,3,1302.39,541324.79,2007620.23,432,64977.01,13.12,12,0.0479,0.1991,Male,Divorced,Graduate,Self-employed,Vehicle Loan,1,1,0,0,3,6
47,1,1.794522754136697,19172.27,230067.28,4,3061.64,145022.32,255185.63,826,80454.02,11.65,24,0.1597,0.3497,Female,Divorced,Post Graduate,Government,Home Loan,0,0,0,3,1,4
40,1,6.117828414565921,81724.0,980687.95,1,1270.59,1675206.71,2506097.59,425,1087236.55,10.93,120,0.0155,1.1086,Female,Divorced,Graduate,Government,Vehicle Loan,1,0,0,0,1,6
32,4,2.3846439015269216,22636.2,271634.42,0,7135.96,389455.42,1838690.87,644,139031.58,11.97,36,0.3152,0.5118,Male,Married,PhD,Self-employed,Vehicle Loan,0,1,1,2,3,6
63,2,15.245270447962127,48735.63,584827.55,1,7713.5,189144.61,313517.84,316,383348.99,12.26,180,0.1583,0.6555,Female,Divorced,High School,Student,Education Loan,0,0,0,1,4,2
51,0,18.661908929304015,24419.65,293035.8,3,8991.02,386439.09,739075.48,861,1360650.11,8.3,48,0.3682,4.6433,Male,Divorced,Post Graduate,Business,Education Loan,0,1,0,3,0,2
47,3,11.413388767893906,27273.36,327280.32,1,626.13,122420.17,186237.32,677,705748.25,7.77,180,0.023,2.1564,Male,Divorced,Post Graduate,Student,Education Loan,0,1,0,3,4,2
52,2,15.90462690085767,33917.0,407003.96,3,3674.93,544713.45,1569410.71,359,594811.7,7.52,24,0.1084,1.4614,Male,Divorced,High School,Self-employed,Business Loan,1,1,0,1,3,1
30,0,2.5630468194890597,50369.72,604436.62,3,10275.51,215704.95,1009160.37,766,423565.44,9.62,60,0.204,0.7008,Female,Divorced,Graduate,Self-employed,Personal Loan,0,0,0,0,3,5
23,0,23.098752686546366,31084.53,373014.41,2,5947.27,311708.29,640941.74,690,489291.41,10.49,84,0.1913,1.3117,Male,Divorced,PhD,Student,Personal Loan,0,1,0,2,4,5
47,1,0.9834614232188621,18333.35,220000.16,0,1200.82,257247.44,814807.72,486,268298.33,11.31,12,0.0655,1.2195,Male,Single,Graduate,Business,Education Loan,1,1,2,0,0,2
55,3,19.032767506974153,36733.66,440803.93,4,18259.14,79293.5,209797.51,797,301442.43,13.71,12,0.4971,0.6838,Male,Divorced,PhD,Student,Vehicle Loan,0,1,0,2,4,6
51,3,13.000396250601419,22925.31,275103.75,0,3260.43,103762.07,243222.2,899,474098.69,9.32,240,0.1422,1.7233,Male,Single,High School,Salaried,Home Loan,0,1,2,1,2,4
35,0,5.514112393435591,91702.32,1100427.87,1,33060.16,767493.69,2523988.01,660,532812.13,12.33,60,0.3605,0.4842,Male,Divorced,PhD,Salaried,Home Loan,0,1,0,2,2,4
36,4,15.691676121715306,31071.1,372853.16,2,3418.24,361461.31,1169533.97,748,389931.76,10.72,48,0.11,1.0458,Male,Single,PhD,Salaried,Vehicle Loan,0,1,2,2,2,6
33,3,23.42844686902583,24323.99,291887.88,3,10676.42,504606.23,1229960.74,480,73934.56,8.54,12,0.4389,0.2533,Male,Married,Graduate,Business,Business Loan,1,1,1,0,0,1
55,2,12.405672440120298,118762.44,1425149.29,0,23025.56,630305.65,2774765.05,429,1547110.44,11.31,36,0.1939,1.0856,Male,Married,PhD,Business,Agricultural Loan,1,1,1,2,0,0
31,4,11.031270768124037,56575.64,678907.71,3,25484.57,508718.66,616917.24,448,936429.24,13.77,48,0.4505,1.3793,Female,Single,Graduate,Self-employed,Gold Loan,1,0,2,0,3,3
41,1,4.273811590666284,21203.8,254445.56,3,3624.1,253233.84,339574.82,771,375780.45,7.87,60,0.1709,1.4769,Female,Divorced,Graduate,Government,Vehicle Loan,0,0,0,0,1,6
31,0,17.83727956885528,22594.27,271131.23,2,97.65,176300.97,875003.78,799,960051.78,10.55,60,0.0043,3.5409,Female,Married,Post Graduate,Business,Home Loan,0,0,1,3,0,4
50,0,24.840411419657734,48267.31,579207.71,0,12477.59,742940.03,2964874.29,654,332095.88,7.36,180,0.2585,0.5734,Male,Married,High School,Government,Gold Loan,0,1,1,1,1,3
55,2,16.84024650839724,37275.28,447303.42,2,9780.81,257268.65,1084571.46,510,570364.91,9.25,36,0.2624,1.2751,Female,Divorced,Graduate,Salaried,Business Loan,0,0,0,0,2,1
42,2,4.9526268660798625,61951.39,743416.68,3,3711.95,1162459.58,3964922.14,895,94980.7,11.34,120,0.0599,0.1278,Male,Married,High School,Salaried,Business Loan,0,1,1,1,2,1
58,1,19.836834906844476,24401.36,292816.34,0,2866.72,307909.66,825025.99,329,543283.73,12.89,84,0.1175,1.8554,Female,Single,Post Graduate,Government,Gold Loan,1,0,2,3,1,3
51,1,0.904252941251058,55307.59,663691.11,3,21666.63,165093.85,580619.78,876,353249.31,12.11,84,0.3917,0.5322,Female,Divorced,Graduate,Student,Home Loan,0,0,0,0,4,4
34,3,25.141618449857948,10000.0,120000.0,3,183.78,154209.75,211319.6,323,526730.83,10.24,240,0.0184,4.3894,Male,Single,High School,Self-employed,Gold Loan,1,1,2,1,3,3
44,4,27.644855505903763,33101.53,397218.4,0,8102.04,466486.69,1880443.6,521,1737418.05,13.36,120,0.2448,4.374,Female,Single,Post Graduate,Self-employed,Business Loan,0,0,2,3,3,1
52,0,17.911094695775237,25076.65,300919.83,4,6650.43,220367.08,697014.95,888,436057.92,9.12,120,0.2652,1.4491,Female,Divorced,Post Graduate,Student,Personal Loan,0,0,0,3,4,5
56,3,26.453400023871133,27638.69,331664.33,2,9517.55,34731.14,167644.68,879,306811.27,12.28,12,0.3444,0.9251,Male,Married,PhD,Government,Education Loan,0,1,1,2,1,2
52,1,2.535167372929077,34141.71,409700.57,1,639.41,191744.49,680673.97,700,309549.8,10.32,12,0.0187,0.7556,Female,Single,PhD,Government,Business Loan,0,0,2,2,1,1
35,2,6.850334824063204,71905.08,862860.95,3,21055.47,742874.32,1193628.29,811,142498.53,13.29,240,0.2928,0.1651,Female,Married,High School,Business,Business Loan,0,0,1,1,0,1
63,3,9.517819109743375,18170.89,218050.66,2,28.15,101721.05,296028.64,387,611333.11,12.58,240,0.0015,2.8036,Male,Single,Graduate,Salaried,Gold Loan,1,1,2,0,2,3
55,2,23.19500121992626,10000.0,120000.0,2,1325.89,142822.96,175856.34,764,678435.24,13.31,36,0.1326,5.6536,Female,Divorced,PhD,Salaried,Gold Loan,0,0,0,2,2,3
23,4,14.527195351023277,19480.47,233765.68,0,4867.04,338638.27,1348362.17,349,466183.11,8.5,180,0.2498,1.9942,Male,Divorced,Graduate,Government,Personal Loan,1,1,0,0,1,5
36,2,10.450423857214865,67067.95,804815.4,0,30558.89,1387528.98,4172752.1,402,923499.72,11.68,240,0.4556,1.1475,Female,Divorced,PhD,Business,Personal Loan,1,0,0,2,0,5
25,0,4.742090974804917,13534.61,162415.29,0,856.67,214937.69,532747.46,667,930545.19,12.17,12,0.0633,5.7294,Female,Married,PhD,Business,Vehicle Loan,0,0,1,2,0,6
41,4,24.31928982970295,25766.52,309198.29,2,2181.0,434094.1,2115860.38,791,467833.17,12.2,36,0.0846,1.5131,Female,Single,High School,Self-employed,Agricultural Loan,0,0,2,1,3,0
30,2,0.615702617066104,60098.88,721186.52,0,20110.59,901132.34,4291547.33,857,706724.81,10.53,84,0.3346,0.9799,Male,Divorced,PhD,Self-employed,Home Loan,0,1,0,2,3,4
39,3,10.118113966343325,35064.44,420773.32,1,6572.16,829841.39,3992639.13,567,2515909.03,7.08,48,0.1874,5.9793,Male,Single,Post Graduate,Government,Vehicle Loan,1,1,2,3,1,6
45,0,7.283268159119447,71483.65,857803.8,2,22282.22,500600.94,943072.58,696,229201.52,8.83,180,0.3117,0.2672,Female,Single,PhD,Self-employed,Business Loan,0,0,2,2,3,1
24,0,3.870310397999117,10711.39,128536.65,0,5342.06,76307.39,298688.35,619,821207.93,9.26,240,0.4987,6.3889,Female,Divorced,PhD,Business,Home Loan,1,0,0,2,0,4
49,1,5.161244930821283,29942.51,359310.14,3,14774.71,116945.68,559179.12,819,474235.59,12.96,120,0.4934,1.3199,Male,Single,High School,Student,Agricultural Loan,0,1,2,1,4,0
39,1,14.813911684082822,81008.25,972099.02,2,14326.86,985930.33,3237283.52,748,1021310.59,12.89,12,0.1769,1.0506,Female,Single,High School,Salaried,Personal Loan,0,0,2,1,2,5
63,3,12.781694843276641,18469.41,221632.89,4,4653.6,59318.55,110133.28,775,234499.56,7.73,24,0.252,1.0581,Male,Divorced,Post Graduate,Government,Education Loan,0,1,0,3,1,2
22,1,15.551076090448085,67567.74,810812.86,4,30563.93,487391.21,2081769.65,889,519292.71,13.65,12,0.4523,0.6405,Male,Single,High School,Self-employed,Home Loan,0,1,2,1,3,4
30,2,21.828611106820784,31526.56,378318.77,2,1452.86,381523.8,1724362.82,539,256868.59,8.28,240,0.0461,0.679,Male,Divorced,PhD,Self-employed,Home Loan,0,1,0,2,3,4
63,1,26.769862910645585,47121.17,565454.04,2,10656.54,1084950.77,4136853.87,557,107625.2,9.9,48,0.2262,0.1903,Female,Married,Post Graduate,Business,Personal Loan,0,0,1,3,0,5
45,0,3.5538621584284713,77558.99,930707.93,4,14642.26,1796863.43,3906761.14,689,1360700.41,8.51,180,0.1888,1.462,Male,Single,PhD,Self-employed,Gold Loan,0,1,2,2,3,3
40,3,2.480335747450755,46999.94,563999.33,3,6929.74,850982.18,1500090.62,642,312521.7,13.02,60,0.1474,0.5541,Male,Divorced,PhD,Salaried,Vehicle Loan,0,1,0,2,2,6
39,2,9.610639650139627,25469.84,305638.07,3,12661.11,253495.04,886492.23,686,225486.02,12.25,60,0.4971,0.7378,Female,Married,Post Graduate,Government,Education Loan,0,0,1,3,1,2
43,0,16.389034512409772,50880.63,610567.6,3,18661.73,1063339.57,3116863.18,693,278865.16,9.47,60,0.3668,0.4567,Male,Single,High School,Self-employed,Business Loan,0,1,2,1,3,1
44,0,2.9966205115775537,24414.2,292970.37,1,4745.47,516005.86,1896389.08,569,1904159.87,11.77,60,0.1944,6.4995,Female,Divorced,High School,Student,Agricultural Loan,1,0,0,1,4,0
31,4,21.479153527233546,42788.31,513459.67,1,17736.22,938541.79,1357881.01,448,1262269.93,8.29,36,0.4145,2.4584,Female,Single,PhD,Student,Home Loan,1,0,2,2,4,4
54,1,16.682826537966655,17135.27,205623.25,3,4195.28,269376.33,415823.9,679,371551.12,9.68,84,0.2448,1.807,Female,Married,High School,Government,Gold Loan,0,0,1,1,1,3
48,2,22.453839137342968,36955.02,443460.25,4,16127.62,208471.93,511081.08,327,881252.39,9.64,12,0.4364,1.9872,Female,Single,Graduate,Student,Personal Loan,1,0,2,0,4,5
25,3,10.737414072867956,74130.02,889560.23,1,9873.37,229421.87,466882.94,448,187154.74,8.67,180,0.1332,0.2104,Female,Divorced,Post Graduate,Student,Home Loan,1,0,0,3,4,4
25,3,12.032897047725537,30355.66,364267.88,0,3393.77,669033.72,2326467.42,719,672551.77,13.13,48,0.1118,1.8463,Female,Single,Post Graduate,Self-employed,Gold Loan,0,0,2,3,3,3
41,3,24.227146969780797,69997.46,839969.54,1,8654.72,159423.45,393801.78,579,313498.11,11.75,84,0.1236,0.3732,Male,Single,PhD,Student,Business Loan,0,1,2,2,4,1
32,4,8.010283695868248,232363.38,2788360.56,4,62561.58,1813705.71,6775792.59,481,627110.82,8.96,24,0.2692,0.2249,Female,Single,PhD,Self-employed,Vehicle Loan,1,0,2,2,3,6
24,2,11.442507836032657,35690.21,428282.48,4,5198.52,435424.83,1774440.48,465,147410.77,8.69,24,0.1457,0.3442,Female,Married,Post Graduate,Salaried,Personal Loan,1,0,1,3,2,5
62,0,0.4047900358063039,52497.21,629966.51,2,3861.69,79032.66,138202.06,316,274824.68,7.13,180,0.0736,0.4363,Female,Married,PhD,Business,Gold Loan,0,0,1,2,0,3
40,4,16.659623191600527,48344.97,580139.69,4,24042.63,1056771.92,4944947.92,449,511716.93,9.43,12,0.4973,0.8821,Male,Single,Post Graduate,Self-employed,Agricultural Loan,1,1,2,3,3,0
58,1,25.54391400498057,41567.01,498804.17,3,18714.16,316066.55,1311246.12,638,507406.37,10.69,180,0.4502,1.0172,Male,Married,Post Graduate,Business,Gold Loan,0,1,1,3,0,3
45,0,0.8367386069521876,58263.88,699166.55,4,18499.14,96462.28,338305.11,344,137275.61,8.94,12,0.3175,0.1963,Female,Married,Graduate,Self-employed,Home Loan,1,0,1,0,3,4
34,3,18.41369109225328,31292.79,375513.47,1,13949.43,746413.45,3460160.33,801,203317.39,11.9,240,0.4458,0.5414,Female,Divorced,Post Graduate,Self-employed,Business Loan,0,0,0,3,3,1
31,1,25.363455983758072,24403.3,292839.57,1,11414.19,199180.77,411004.53,488,620780.5,9.88,12,0.4677,2.1199,Male,Married,Graduate,Government,Business Loan,1,1,1,0,1,1
52,2,14.817956540317663,14533.42,174401.08,1,4913.08,307608.52,826498.82,360,565132.47,9.21,48,0.3381,3.2404,Female,Married,PhD,Self-employed,Agricultural Loan,1,0,1,2,3,0
31,2,9.390649232205044,29564.95,354779.43,4,7667.37,337924.82,453883.02,593,747422.44,13.57,240,0.2593,2.1067,Female,Married,High School,Student,Vehicle Loan,1,0,1,1,4,6
38,4,29.89751439716594,62371.3,748455.59,3,27505.8,1013651.85,2863290.04,332,515123.19,8.84,12,0.441,0.6882,Male,Single,High School,Student,Business Loan,1,1,2,1,4,1
47,2,1.9449367679011786,20663.45,247961.4,3,5866.32,135243.8,409194.04,598,190507.25,9.79,240,0.2839,0.7683,Male,Single,Graduate,Self-employed,Agricultural Loan,1,1,2,0,3,0
38,3,6.312704393866147,42108.58,505302.93,2,2669.7,529141.96,1833089.41,714,333342.53,9.68,180,0.0634,0.6597,Male,Married,PhD,Salaried,Agricultural Loan,0,1,1,2,2,0
43,4,26.55733843816532,33729.7,404756.42,0,6186.97,233611.15,293452.25,848,676588.08,8.69,60,0.1834,1.6716,Male,Divorced,Post Graduate,Student,Personal Loan,0,1,0,3,4,5
31,4,8.91920611440911,25023.46,300281.54,3,5579.24,572409.91,646745.4,730,198522.64,8.52,84,0.223,0.6611,Male,Married,Post Graduate,Business,Personal Loan,0,1,1,3,0,5
41,3,24.595399836437238,11946.29,143355.44,1,5587.09,28691.93,76881.76,794,179723.83,9.12,60,0.4677,1.2537,Female,Divorced,Post Graduate,Salaried,Vehicle Loan,0,0,0,3,2,6
64,2,9.99603881880001,82265.97,987191.65,2,27114.27,601981.27,1057400.11,399,347187.53,13.05,48,0.3296,0.3517,Female,Divorced,Post Graduate,Business,Education Loan,0,0,0,3,0,2
25,1,24.359428664277708,49529.03,594348.41,3,21675.83,1066929.89,4305225.73,322,549717.58,12.37,48,0.4376,0.9249,Male,Married,Post Graduate,Self-employed,Home Loan,1,1,1,3,3,4
43,4,20.571862937668758,179723.12,2156677.38,3,68078.37,2164014.94,7952636.19,719,101289.14,11.77,180,0.3788,0.047,Male,Divorced,PhD,Self-employed,Agricultural Loan,0,1,0,2,3,0
61,1,14.055673101743517,69400.39,832804.72,0,10752.23,1027260.08,2366096.25,723,364399.98,10.2,180,0.1549,0.4376,Female,Divorced,Graduate,Self-employed,Gold Loan,0,0,0,0,3,3
45,1,15.688359814381034,81172.06,974064.73,0,29169.55,1297855.82,1535536.13,786,669875.37,10.55,240,0.3594,0.6877,Female,Divorced,PhD,Student,Agricultural Loan,0,0,0,2,4,0
61,1,5.329786448142055,12713.09,152557.13,0,1241.43,33452.38,57865.08,388,784096.89,8.87,36,0.0976,5.1397,Male,Married,Graduate,Salaried,Home Loan,1,1,1,0,2,4
30,1,3.4765184584555975,12580.44,150965.32,3,2567.33,17713.15,66720.44,508,198190.54,7.52,180,0.2041,1.3128,Female,Divorced,Graduate,Business,Agricultural Loan,1,0,0,0,0,0
42,3,21.508283709791773,37249.26,446991.07,3,15013.16,840728.52,4170567.97,570,595735.39,9.32,36,0.403,1.3328,Female,Married,PhD,Government,Vehicle Loan,1,0,1,2,1,6
39,0,25.45719543649198,18235.6,218827.14,1,5579.45,132108.96,304622.35,705,979654.08,10.47,24,0.306,4.4768,Female,Single,High School,Salaried,Gold Loan,0,0,2,1,2,3
21,2,21.659124146110443,24130.4,289564.85,4,9958.77,235203.91,989734.56,577,718818.48,7.4,24,0.4127,2.4824,Female,Married,PhD,Business,Education Loan,1,0,1,2,0,2
27,0,27.385941176811553,165339.88,1984078.55,0,21056.33,2759215.54,12329239.98,505,318215.28,7.62,240,0.1274,0.1604,Male,Single,High School,Government,Business Loan,0,1,2,1,1,1
24,0,26.70235242584343,74155.96,889871.5,1,27799.17,477192.79,569159.05,889,65633.28,8.84,48,0.3749,0.0738,Female,Single,Graduate,Salaried,Vehicle Loan,0,0,2,0,2,6
21,4,23.345618357605005,20714.86,248578.34,1,2095.56,369980.72,1725918.01,627,523068.82,9.57,60,0.1012,2.1042,Female,Married,PhD,Salaried,Home Loan,0,0,1,2,2,4
35,0,26.94380760233151,10000.0,120000.0,2,2726.52,115395.7,330586.86,635,1564146.91,9.75,24,0.2727,13.0346,Female,Single,Graduate,Self-employed,Gold Loan,0,0,2,0,3,3
60,0,5.016708114218845,19693.38,236320.51,1,4268.88,407692.77,1980151.05,891,855335.83,7.83,240,0.2168,3.6194,Male,Married,High School,Salaried,Personal Loan,0,1,1,1,2,5
32,3,21.940832021122297,25995.62,311947.44,0,7232.97,192534.86,607297.94,337,809090.39,8.58,120,0.2782,2.5937,Female,Married,Graduate,Business,Gold Loan,1,0,1,0,0,3
42,1,22.610298104406525,29948.72,359384.62,4,2029.53,170345.82,330568.68,527,506248.48,8.83,36,0.0678,1.4087,Male,Divorced,PhD,Self-employed,Gold Loan,1,1,0,2,3,3
42,0,4.619297254005281,16857.86,202294.31,1,3044.76,339329.02,1662261.98,782,906572.19,7.47,84,0.1806,4.4815,Male,Single,High School,Salaried,Vehicle Loan,0,1,2,1,2,6
37,0,27.287498159034225,71532.73,858392.73,3,23852.73,608421.58,1200549.42,433,563881.26,9.28,120,0.3335,0.6569,Female,Married,High School,Self-employed,Education Loan,1,0,1,1,3,2
49,4,0.26355704356412324,23697.47,284369.63,3,6617.88,248183.09,1124247.79,689,109422.61,7.51,84,0.2793,0.3848,Male,Married,Graduate,Government,Gold Loan,0,1,1,0,1,3
34,2,13.038149888354258,53591.55,643098.55,1,14710.07,1031920.22,1746539.41,724,902806.22,11.92,84,0.2745,1.4038,Male,Single,Graduate,Business,Business Loan,0,1,2,0,0,1
40,4,0.6443714891879071,37508.86,450106.32,0,9580.33,585823.14,2167000.98,886,222146.97,9.7,180,0.2554,0.4935,Male,Single,High School,Government,Gold Loan,0,1,2,1,1,3
53,2,15.700735374357981,63773.07,765276.8,4,30097.22,711688.01,1882533.23,809,466860.79,9.29,180,0.4719,0.6101,Male,Single,Graduate,Business,Agricultural Loan,0,1,2,0,0,0
63,2,12.364684612540932,31484.41,377812.93,4,14712.19,212440.48,1038424.53,894,799192.73,7.89,60,0.4673,2.1153,Female,Single,Post Graduate,Student,Agricultural Loan,0,0,2,3,4,0
35,2,18.691858113466143,20847.89,250174.71,0,3754.13,387283.42,673520.93,726,242961.97,8.59,48,0.1801,0.9712,Female,Married,High School,Government,Education Loan,0,0,1,1,1,2
32,3,22.993323542034638,25357.95,304295.43,3,4461.67,130591.27,344131.33,773,201115.48,8.63,60,0.1759,0.6609,Male,Single,High School,Student,Education Loan,0,1,2,1,4,2
60,3,23.057256872360554,25573.42,306881.08,3,7095.33,571577.02,2034302.81,867,648058.29,13.9,240,0.2774,2.1118,Female,Married,Post Graduate,Self-employed,Business Loan,0,0,1,3,3,1
40,1,21.666648010242877,125333.11,1503997.29,2,5991.32,558643.45,2743208.43,660,181528.57,12.85,84,0.0478,0.1207,Male,Single,PhD,Government,Gold Loan,0,1,2,2,1,3
50,2,3.0563232533220397,38021.35,456256.22,1,5760.36,741928.69,1643707.63,510,379178.75,7.11,36,0.1515,0.8311,Male,Divorced,PhD,Salaried,Personal Loan,1,1,0,2,2,5
58,3,12.523155784334648,36416.59,436999.07,1,4203.7,391759.61,1013671.8,478,1091102.02,11.32,36,0.1154,2.4968,Female,Single,PhD,Business,Personal Loan,1,0,2,2,0,5
23,3,24.47851494195682,61649.22,739790.69,3,6885.9,325393.44,926449.78,357,1625285.15,8.79,12,0.1117,2.197,Male,Single,PhD,Salaried,Personal Loan,1,1,2,2,2,5
48,0,19.62900544451982,36313.98,435767.77,1,11593.34,372389.54,748801.62,372,106371.83,7.73,60,0.3193,0.2441,Female,Married,Post Graduate,Salaried,Vehicle Loan,1,0,1,3,2,6
46,2,20.430837147831834,71182.75,854193.0,0,13679.56,433908.1,1852535.41,514,371399.4,11.94,84,0.1922,0.4348,Female,Married,Post Graduate,Self-employed,Vehicle Loan,0,0,1,3,3,6
50,4,6.807780960287355,29049.41,348592.88,4,2486.11,119911.71,164037.11,372,1222048.9,7.92,180,0.0856,3.5057,Male,Divorced,Graduate,Self-employed,Personal Loan,1,1,0,0,3,5
33,0,9.751795828224783,27332.07,327984.88,2,12129.59,177674.17,678566.04,766,321742.04,10.11,240,0.4438,0.981,Female,Divorced,Post Graduate,Salaried,Personal Loan,0,0,0,3,2,5
33,3,28.674336326427827,20167.67,242011.99,0,8814.77,422515.93,1324889.9,570,833600.1,11.43,120,0.4371,3.4445,Female,Single,Post Graduate,Salaried,Personal Loan,1,0,2,3,2,5
22,3,25.407757717749412,110197.38,1322368.56,0,47520.58,378712.57,745195.69,798,885438.15,10.88,12,0.4312,0.6696,Female,Married,PhD,Salaried,Education Loan,0,0,1,2,2,2
57,3,4.947652101339704,34825.5,417905.98,0,6803.94,813816.54,2418110.9,653,271364.18,13.84,120,0.1954,0.6493,Female,Single,PhD,Business,Agricultural Loan,0,0,2,2,0,0
58,3,16.340792129570463,17954.11,215449.36,1,511.53,20018.2,86474.54,533,623369.55,12.5,240,0.0285,2.8933,Male,Married,Graduate,Self-employed,Home Loan,1,1,1,0,3,4
22,4,14.715218019842771,40867.74,490412.91,4,2181.15,659584.01,1834808.64,618,654461.52,12.42,48,0.0534,1.3345,Female,Married,Post Graduate,Government,Vehicle Loan,0,0,1,3,1,6
56,1,13.3097957763005,24586.87,295042.39,2,3393.58,508942.61,757098.47,318,916345.99,9.49,120,0.138,3.1058,Male,Married,High School,Self-employed,Agricultural Loan,1,1,1,1,3,0
46,1,14.118407141219572,28745.58,344946.95,3,3161.58,646230.11,751699.93,874,120557.27,7.06,240,0.11,0.3495,Female,Married,PhD,Salaried,Vehicle Loan,0,0,1,2,2,6
31,2,19.28665529617547,43758.98,525107.72,0,19122.36,188674.21,775674.61,671,1244527.72,12.14,12,0.437,2.37,Male,Divorced,PhD,Government,Vehicle Loan,0,1,0,2,1,6
28,3,29.014482506309687,90453.5,1085441.96,0,44609.77,1543027.69,3582497.66,483,766421.38,14.0,240,0.4932,0.7061,Male,Married,Post Graduate,Government,Home Loan,1,1,1,3,1,4
64,2,26.259760177824038,38597.83,463173.9,0,15760.91,133897.09,632660.91,576,179098.55,9.84,48,0.4083,0.3867,Male,Divorced,Post Graduate,Government,Gold Loan,1,1,0,3,1,3
60,4,26.25379210810864,23703.5,284441.98,3,8649.99,215940.4,749008.43,444,399415.9,13.9,180,0.3649,1.4042,Female,Divorced,Graduate,Self-employed,Vehicle Loan,1,0,0,0,3,6
63,2,21.101301992103323,26823.97,321887.62,1,7894.62,478386.86,1313236.78,380,864813.86,7.99,36,0.2943,2.6867,Male,Single,Graduate,Salaried,Gold Loan,1,1,2,0,2,3
42,1,0.5276290275734541,53845.19,646142.25,1,20727.93,482312.03,1571304.93,621,186897.28,9.08,24,0.385,0.2893,Male,Single,Post Graduate,Salaried,Education Loan,0,1,2,3,2,2
40,1,13.213815988162143,11214.87,134578.39,4,5310.43,92047.34,260358.72,734,211157.18,8.2,180,0.4735,1.569,Male,Divorced,Post Graduate,Student,Agricultural Loan,1,1,0,3,4,0
28,1,15.33378705523393,19426.45,233117.36,1,5841.0,71280.61,329547.67,342,449048.61,10.33,180,0.3007,1.9263,Female,Divorced,High School,Business,Personal Loan,1,0,0,1,0,5
49,2,25.27473915076992,41257.48,495089.73,1,3189.48,104302.05,295392.52,612,312078.59,12.58,36,0.0773,0.6303,Female,Divorced,Graduate,Self-employed,Personal Loan,0,0,0,0,3,5
60,3,27.68526183437166,13042.89,156514.65,2,1068.59,47624.72,67448.89,592,540739.48,9.38,180,0.0819,3.4549,Female,Married,High School,Student,Education Loan,1,0,1,1,4,2
46,0,13.546376543672562,30106.29,361275.43,2,8788.97,636324.05,2156089.97,368,854580.72,13.34,84,0.2919,2.3655,Male,Married,High School,Student,Personal Loan,1,1,1,1,4,5
50,1,9.013789002664726,27256.33,327075.93,1,4544.56,34276.63,119691.4,355,550066.09,10.81,240,0.1667,1.6818,Male,Divorced,Post Graduate,Student,Education Loan,0,1,0,3,4,2
37,2,10.120641074905585,61480.12,737761.41,2,27981.06,1041222.05,4228736.23,503,438783.34,10.26,84,0.4551,0.5947,Male,Divorced,Post Graduate,Self-employed,Personal Loan,1,1,0,3,3,5
40,0,17.359867674828042,31251.75,375020.98,4,9557.45,583731.32,2762880.06,719,857721.32,12.51,180,0.3058,2.2871,Male,Divorced,Post Graduate,Business,Education Loan,0,1,0,3,0,2
36,1,8.24915870489209,74014.39,888172.69,1,25035.09,1040748.26,2885294.21,866,406801.16,7.71,24,0.3382,0.458,Female,Single,High School,Government,Education Loan,0,0,2,1,1,2
63,1,27.322161770422248,38075.4,456904.86,2,110.81,678040.46,1632929.21,849,243630.94,12.42,12,0.0029,0.5332,Female,Single,High School,Business,Personal Loan,0,0,2,1,0,5
27,4,12.559559427117096,105437.19,1265246.25,3,26298.59,1687227.22,4999396.08,542,1114844.43,8.7,24,0.2494,0.8811,Male,Married,Graduate,Business,Gold Loan,1,1,1,0,0,3
36,1,29.70192505398248,15795.91,189550.98,2,3405.32,181303.06,834138.34,500,63899.59,8.97,48,0.2156,0.3371,Female,Married,Graduate,Salaried,Vehicle Loan,1,0,1,0,2,6
47,0,3.285457420189164,95824.73,1149896.8,2,33819.99,939306.6,4621322.27,773,465666.02,11.2,240,0.3529,0.405,Female,Single,PhD,Student,Vehicle Loan,0,0,2,2,4,6
43,0,5.636377028188062,28376.7,340520.41,3,5429.01,642750.32,3139796.77,826,330797.16,13.31,120,0.1913,0.9714,Female,Married,Graduate,Student,Agricultural Loan,0,0,1,0,4,0
44,3,15.34772056948458,87936.46,1055237.56,4,42938.28,2053718.62,3940638.42,376,211418.62,11.05,240,0.4883,0.2004,Female,Married,PhD,Government,Home Loan,1,0,1,2,1,4
29,0,26.049161197343594,73949.73,887396.76,3,24780.67,1181660.66,3530307.45,777,561779.44,11.54,240,0.3351,0.6331,Female,Divorced,Graduate,Salaried,Business Loan,0,0,0,0,2,1
55,2,10.618593297712351,10000.0,120000.0,4,3299.59,55378.73,112856.1,739,639070.53,12.44,240,0.33,5.3256,Female,Divorced,PhD,Government,Business Loan,0,0,0,2,1,1
40,2,25.124036227795933,48411.9,580942.8,3,22253.53,547135.84,1352482.1,562,227927.97,8.82,180,0.4597,0.3923,Male,Single,Graduate,Self-employed,Home Loan,1,1,2,0,3,4
57,1,12.76357759434443,66076.73,792920.71,4,32879.94,820696.87,924709.06,484,144816.31,12.79,84,0.4976,0.1826,Male,Divorced,Graduate,Salaried,Personal Loan,1,1,0,0,2,5
62,3,25.58976105096358,80592.08,967104.94,4,7971.39,1485578.86,2439921.73,354,155628.86,9.93,120,0.0989,0.1609,Female,Married,High School,Student,Vehicle Loan,1,0,1,1,4,6
37,1,8.322942911256703,17926.18,215114.2,0,7264.88,293252.18,759025.73,607,1887171.98,8.23,24,0.4053,8.7729,Female,Divorced,Post Graduate,Government,Business Loan,1,0,0,3,1,1
51,3,14.15675242948456,51751.35,621016.16,0,4200.13,664525.17,1633946.8,815,2061530.67,9.45,12,0.0812,3.3196,Female,Married,Graduate,Salaried,Home Loan,0,0,1,0,2,4
28,4,8.361939481031724,40824.77,489897.2,2,9329.35,679666.43,1437718.93,598,452996.81,8.72,60,0.2285,0.9247,Male,Single,High School,Salaried,Vehicle Loan,0,1,2,1,2,6
35,3,6.456705765242257,47044.32,564531.82,3,2356.58,73074.29,140393.13,851,147670.88,8.6,180,0.0501,0.2616,Male,Divorced,High School,Business,Agricultural Loan,0,1,0,1,0,0
51,4,12.634371608928603,66128.95,793547.39,4,20611.43,1247364.74,4984248.54,529,393847.54,8.98,36,0.3117,0.4963,Female,Single,Post Graduate,Salaried,Education Loan,1,0,2,3,2,2
50,4,10.041202566704687,72694.86,872338.28,0,17029.43,426540.08,929089.09,676,76073.99,8.27,120,0.2343,0.0872,Male,Divorced,Graduate,Salaried,Gold Loan,0,1,0,0,2,3
40,1,23.614408690137484,24503.08,294037.0,2,7702.53,394436.18,1509181.66,585,569060.96,11.67,60,0.3143,1.9353,Female,Divorced,PhD,Student,Education Loan,1,0,0,2,4,2
59,2,22.429156709793205,42584.75,511017.06,2,14435.4,154215.78,381607.02,437,199735.85,11.06,180,0.339,0.3909,Male,Divorced,PhD,Self-employed,Home Loan,0,1,0,2,3,4
32,3,10.756602095090336,37222.97,446675.58,2,11528.55,135216.11,568978.18,777,168020.31,11.54,84,0.3097,0.3762,Male,Single,Post Graduate,Government,Home Loan,0,1,2,3,1,4
37,1,29.768218835662413,31457.37,377488.38,0,4624.69,57256.36,95557.06,306,967147.57,9.41,84,0.147,2.5621,Male,Divorced,Post Graduate,Self-employed,Personal Loan,1,1,0,3,3,5
62,4,29.21513444641204,33314.06,399768.75,1,13941.25,730755.77,1191435.55,718,391054.96,12.39,120,0.4185,0.9782,Male,Married,Post Graduate,Salaried,Gold Loan,0,1,1,3,2,3
50,4,27.535004330334107,40847.15,490165.81,2,11267.4,608820.71,2264014.92,771,884292.99,7.91,120,0.2758,1.8041,Female,Divorced,Graduate,Student,Business Loan,0,0,0,0,4,1
49,0,17.595239789956366,25306.36,303676.32,1,6198.18,235984.96,1099609.91,719,1161854.96,11.0,48,0.2449,3.826,Female,Divorced,Graduate,Student,Agricultural Loan,0,0,0,0,4,0
39,0,12.36932225518261,61686.6,740239.24,1,30444.31,1179379.27,1853921.49,575,411873.15,8.93,180,0.4935,0.5564,Female,Married,Graduate,Student,Agricultural Loan,1,0,1,0,4,0
31,3,9.390688465272074,77775.75,933309.01,1,11025.02,1197738.05,1550853.35,860,440591.5,10.69,84,0.1418,0.4721,Male,Single,High School,Student,Gold Loan,0,1,2,1,4,3
54,2,0.4509620680412463,22195.7,266348.46,2,5860.0,338747.56,1605171.84,870,1031596.92,9.27,180,0.264,3.8731,Male,Single,PhD,Business,Vehicle Loan,0,1,2,2,0,6
27,0,18.95420195477559,80097.34,961168.09,4,27326.19,977346.49,1436022.8,389,287499.9,12.53,120,0.3412,0.2991,Male,Married,High School,Salaried,Personal Loan,1,1,1,1,2,5
64,4,16.594857297255835,22220.8,266649.57,1,1391.31,26272.0,52582.56,581,1114266.53,13.24,12,0.0626,4.1788,Male,Divorced,High School,Business,Gold Loan,1,1,0,1,0,3
54,1,18.89614546692282,62234.96,746819.5,0,11023.05,432199.23,2039105.9,847,87676.15,12.2,48,0.1771,0.1174,Male,Married,Graduate,Business,Home Loan,0,1,1,0,0,4
40,2,17.278647373076858,80008.43,960101.16,0,32070.93,280730.7,1182345.5,470,333084.92,8.23,120,0.4008,0.3469,Female,Married,Post Graduate,Salaried,Education Loan,1,0,1,3,2,2
58,3,4.131478244406645,34313.48,411761.77,1,4062.0,557094.0,1320887.28,654,513905.37,8.92,240,0.1184,1.2481,Female,Divorced,Post Graduate,Student,Education Loan,0,0,0,3,4,2
44,1,20.861381702546836,22330.34,267964.02,1,5507.67,150021.42,722819.83,503,168720.55,13.44,24,0.2466,0.6296,Male,Married,High School,Government,Agricultural Loan,1,1,1,1,1,0
30,3,10.813073241609153,25509.09,306109.1,1,8043.41,289625.97,947712.39,588,594592.25,10.06,60,0.3153,1.9424,Female,Single,Post Graduate,Student,Business Loan,0,0,2,3,4,1
52,1,15.488844994503207,45121.5,541457.99,0,15141.93,411909.52,530948.5,761,507761.12,13.59,240,0.3356,0.9378,Female,Single,High School,Student,Gold Loan,0,0,2,1,4,3
35,1,10.969613212082773,118041.63,1416499.57,3,42985.48,506820.12,1932133.88,472,246285.32,9.75,240,0.3642,0.1739,Female,Single,Post Graduate,Business,Education Loan,1,0,2,3,0,2
57,2,0.6599961066878912,13152.41,157828.92,4,5694.84,303064.61,954383.62,600,238862.14,13.66,84,0.433,1.5134,Male,Married,Graduate,Self-employed,Home Loan,1,1,1,0,3,4
40,3,26.29661463942883,38566.73,462800.72,3,7575.65,866542.06,2851228.57,899,220216.58,13.48,120,0.1964,0.4758,Female,Divorced,High School,Student,Agricultural Loan,0,0,0,1,4,0
23,0,4.462003298828296,34446.29,413355.53,0,12170.43,101478.38,504998.73,828,126345.72,11.62,240,0.3533,0.3057,Male,Single,PhD,Salaried,Vehicle Loan,0,1,2,2,2,6
57,1,17.46519188315563,27614.24,331370.91,0,10109.22,553096.79,890517.43,439,1604094.02,7.06,180,0.3661,4.8408,Male,Divorced,High School,Salaried,Home Loan,0,1,0,1,2,4
60,1,26.493930408393915,34597.3,415167.56,2,5194.34,423214.71,1535077.46,577,373879.86,9.8,84,0.1501,0.9006,Male,Divorced,Post Graduate,Salaried,Agricultural Loan,1,1,0,3,2,0
28,0,6.639877488708896,26230.6,314767.19,3,12697.68,493028.38,1397717.9,810,149889.13,13.38,84,0.4841,0.4762,Female,Single,Graduate,Business,Gold Loan,0,0,2,0,0,3
60,2,12.360441978866197,76564.84,918778.08,1,33122.68,342751.24,715518.06,645,401174.63,13.2,120,0.4326,0.4366,Female,Married,Graduate,Government,Agricultural Loan,0,0,1,0,1,0
64,2,11.33195945704747,81267.08,975204.95,1,11778.09,328506.33,1239841.76,439,536010.67,8.31,120,0.1449,0.5496,Male,Single,PhD,Government,Business Loan,0,1,2,2,1,1
43,2,2.6766144128942972,38287.59,459451.11,0,12923.38,822701.67,3021660.85,413,229932.64,9.79,24,0.3375,0.5005,Female,Married,Graduate,Government,Agricultural Loan,0,0,1,0,1,0
60,4,12.70551812390825,33366.68,400400.13,2,11975.31,722383.5,3197255.23,879,330466.73,12.85,240,0.3589,0.8253,Male,Divorced,Graduate,Student,Home Loan,0,1,0,0,4,4
31,4,14.384354583974314,27015.82,324189.87,3,5828.44,316516.83,1429224.45,806,1255681.23,11.05,48,0.2157,3.8733,Female,Single,High School,Student,Home Loan,0,0,2,1,4,4
28,2,0.7979199626190026,38336.92,460043.1,2,16556.63,805597.93,2616000.27,665,173815.6,12.93,240,0.4319,0.3778,Female,Single,Graduate,Self-employed,Education Loan,0,0,2,0,3,2
49,2,14.644312721970095,110050.94,1320611.27,4,37980.19,1799504.08,4142980.71,696,277813.04,12.79,36,0.3451,0.2104,Female,Married,Post Graduate,Self-employed,Business Loan,0,0,1,3,3,1
50,0,2.8149038262599477,34124.11,409489.32,2,11229.47,179329.85,559208.17,410,88935.27,13.35,60,0.3291,0.2172,Male,Married,PhD,Self-employed,Vehicle Loan,0,1,1,2,3,6
30,4,26.773879780690944,21946.01,263352.1,4,2423.28,187988.37,458131.51,657,1902396.1,7.82,60,0.1104,7.2238,Female,Divorced,PhD,Business,Business Loan,1,0,0,2,0,1
59,3,19.504732440446062,28605.17,343262.08,3,5833.2,118122.06,249169.54,537,749023.21,8.02,120,0.2039,2.1821,Female,Single,High School,Government,Personal Loan,1,0,2,1,1,5
48,2,1.6928079775739469,57072.75,684872.95,1,12382.57,1073014.39,3440407.65,302,425214.01,7.58,48,0.217,0.6209,Male,Single,Post Graduate,Student,Gold Loan,0,1,2,3,4,3
56,2,24.81129054217533,23608.4,283300.83,4,8660.28,558592.91,2028662.37,703,249083.62,13.55,48,0.3668,0.8792,Female,Single,Graduate,Self-employed,Gold Loan,0,0,2,0,3,3
33,2,10.847983481961453,35588.45,427061.36,1,11003.85,482817.84,1623371.25,324,239328.56,10.33,12,0.3092,0.5604,Male,Married,High School,Business,Home Loan,0,1,1,1,0,4
52,1,6.768514176257798,48229.68,578756.16,2,2070.51,775768.69,3737403.82,808,356730.17,7.45,84,0.0429,0.6164,Male,Married,Post Graduate,Self-employed,Education Loan,0,1,1,3,3,2
56,4,7.617636483714474,24708.0,296495.98,2,3801.3,448700.44,984693.07,764,657973.57,9.25,48,0.1538,2.2192,Male,Single,Graduate,Student,Education Loan,0,1,2,0,4,2
57,3,17.931557620950237,12598.8,151185.56,3,2979.91,77582.88,193132.23,360,188930.33,9.46,60,0.2365,1.2497,Female,Married,High School,Self-employed,Gold Loan,1,0,1,1,3,3
46,1,2.4465880395495443,19094.75,229137.0,1,7033.87,166659.53,611735.68,807,305439.36,12.67,240,0.3684,1.333,Female,Divorced,PhD,Business,Business Loan,0,0,0,2,0,1
42,1,1.7623540877348554,21692.9,260314.75,3,8065.08,227415.04,773537.36,422,878357.06,12.15,48,0.3718,3.3742,Female,Single,Graduate,Business,Personal Loan,1,0,2,0,0,5
24,3,18.82539139726347,31656.65,379879.84,4,7764.48,464578.2,468040.95,796,1602870.35,11.83,12,0.2453,4.2194,Female,Single,PhD,Self-employed,Personal Loan,0,0,2,2,3,5
51,3,29.457284082095782,37293.7,447524.45,2,2180.42,766808.13,1724660.27,354,683389.65,7.15,240,0.0585,1.527,Male,Divorced,Graduate,Student,Vehicle Loan,0,1,0,0,4,6
38,3,14.50285242868633,59529.11,714349.36,2,8718.14,407576.88,821286.74,462,260463.89,13.37,60,0.1465,0.3646,Female,Single,Graduate,Business,Home Loan,0,0,2,0,0,4
58,3,12.398499810710636,17389.93,208679.12,2,2214.54,205730.53,896915.06,338,390815.81,8.51,120,0.1273,1.8728,Female,Single,PhD,Government,Gold Loan,1,0,2,2,1,3
44,3,28.415931082378165,54555.41,654664.89,2,21304.61,997560.91,4454104.38,382,615278.14,11.4,36,0.3905,0.9398,Male,Single,Graduate,Business,Business Loan,0,1,2,0,0,1
43,2,7.229717432687211,29069.53,348834.38,2,2616.06,87495.08,186852.08,845,350396.66,7.43,48,0.09,1.0045,Male,Single,Post Graduate,Salaried,Personal Loan,0,1,2,3,2,5
42,3,7.2162309940475575,12439.99,149279.89,4,2891.81,159188.96,224183.36,412,781888.88,7.57,240,0.2325,5.2377,Male,Married,Graduate,Self-employed,Agricultural Loan,1,1,1,0,3,0
22,3,27.153483391819965,36612.47,439349.65,4,12278.34,158192.72,288038.53,724,246708.69,7.07,12,0.3354,0.5615,Male,Divorced,High School,Government,Personal Loan,0,1,0,1,1,5
51,4,19.407935387968877,79998.29,959979.47,3,38590.62,1072011.05,1829144.14,529,1608199.09,10.96,60,0.4824,1.6752,Male,Single,Post Graduate,Student,Education Loan,1,1,2,3,4,2
31,2,1.613513651629559,61689.48,740273.79,0,30821.32,1151121.02,2244388.36,582,412499.69,11.41,180,0.4996,0.5572,Female,Married,Graduate,Government,Vehicle Loan,1,0,1,0,1,6
48,1,20.219322237613344,34691.08,416292.91,2,16528.95,223750.17,433757.52,586,267027.93,7.35,120,0.4765,0.6414,Female,Single,High School,Business,Gold Loan,1,0,2,1,0,3
52,2,24.600946237695208,71357.83,856293.97,2,25626.11,1465547.43,4278452.63,454,710187.29,9.03,48,0.3591,0.8294,Female,Married,High School,Business,Vehicle Loan,1,0,1,1,0,6
25,0,8.218599532258889,40754.99,489059.9,0,15210.59,354588.58,807953.32,464,202133.42,12.96,120,0.3732,0.4133,Male,Married,Post Graduate,Salaried,Personal Loan,0,1,1,3,2,5
58,3,11.486786228445485,65428.5,785142.06,3,24836.99,352532.18,1141952.9,481,497989.97,7.71,12,0.3796,0.6343,Female,Divorced,Post Graduate,Government,Vehicle Loan,1,0,0,3,1,6
30,1,5.930298536756249,13400.38,160804.6,4,5779.62,156817.16,372682.01,538,1357456.05,8.52,84,0.4313,8.4416,Female,Married,Post Graduate,Business,Agricultural Loan,1,0,1,3,0,0
60,0,19.00038808445531,17157.6,205891.16,2,8165.18,362878.48,1545393.4,638,167170.26,9.97,240,0.4759,0.8119,Female,Single,PhD,Student,Personal Loan,0,0,2,2,4,5
44,1,19.925846075824087,56242.14,674905.69,3,12533.73,145411.83,698437.72,811,1147508.16,12.9,36,0.2229,1.7002,Female,Divorced,PhD,Student,Business Loan,0,0,0,2,4,1
55,2,2.0560749425391647,91452.0,1097423.97,0,19045.38,780464.49,2041440.53,565,157497.21,8.78,48,0.2083,0.1435,Female,Divorced,Post Graduate,Government,Education Loan,1,0,0,3,1,2
64,0,20.33113952757298,46647.63,559771.58,4,10739.79,747423.48,895319.25,486,852885.17,13.98,180,0.2302,1.5236,Male,Single,Graduate,Government,Business Loan,1,1,2,0,1,1
43,3,19.75363752454581,26946.21,323354.5,4,8889.79,248561.53,486761.27,339,207459.58,9.49,60,0.3299,0.6416,Male,Single,PhD,Salaried,Home Loan,1,1,2,2,2,4
37,3,1.0540337526905796,21800.55,261606.6,3,8452.57,57312.6,80663.62,792,1147915.24,9.71,60,0.3877,4.3879,Male,Divorced,Post Graduate,Government,Agricultural Loan,0,1,0,3,1,0
21,0,16.66110228404615,30055.8,360669.59,1,13082.45,259561.17,617510.46,690,279044.17,7.85,12,0.4353,0.7737,Female,Married,Post Graduate,Student,Gold Loan,0,0,1,3,4,3
51,2,18.41815300756996,75220.73,902648.81,1,17158.25,1495543.6,5354729.44,559,332630.57,11.76,84,0.2281,0.3685,Female,Divorced,High School,Government,Home Loan,1,0,0,1,1,4
51,0,12.904669715455103,29569.06,354828.7,1,5372.29,687920.1,2115788.82,475,208823.96,8.7,24,0.1817,0.5885,Female,Divorced,PhD,Business,Vehicle Loan,1,0,0,2,0,6
62,2,27.039515267863894,68094.84,817138.1,0,33480.62,130396.28,257076.62,628,64241.86,11.4,12,0.4917,0.0786,Female,Single,Post Graduate,Business,Personal Loan,0,0,2,3,0,5
62,1,9.851079581913634,53720.17,644642.08,1,6228.52,757106.76,3080694.8,499,177393.62,8.56,84,0.1159,0.2752,Female,Single,High School,Government,Home Loan,1,0,2,1,1,4
54,2,2.015351160055369,101554.97,1218659.61,3,11272.85,347518.96,530287.15,495,114962.86,9.72,60,0.111,0.0943,Female,Single,Graduate,Self-employed,Education Loan,1,0,2,0,3,2
29,0,20.155589849119657,40952.05,491424.59,4,14648.7,681815.58,1304165.87,888,86378.27,13.0,60,0.3577,0.1758,Male,Divorced,High School,Government,Agricultural Loan,0,1,0,1,1,0
42,0,18.156607570299588,35250.75,423009.04,3,3166.53,41649.51,154277.65,830,559697.58,12.17,240,0.0898,1.3231,Male,Divorced,PhD,Salaried,Business Loan,0,1,0,2,2,1
33,1,29.671755317488856,70164.89,841978.63,3,14012.24,93954.81,168079.29,361,1498377.83,8.08,36,0.1997,1.7796,Female,Single,PhD,Student,Vehicle Loan,1,0,2,2,4,6
45,0,6.939248429287856,20719.74,248636.92,2,3029.09,390945.01,1452380.61,626,1863340.68,11.25,12,0.1462,7.4942,Male,Divorced,Graduate,Student,Vehicle Loan,0,1,0,0,4,6
38,4,11.864831592414308,27822.21,333866.49,0,2346.95,75454.17,370311.38,580,174542.26,11.4,180,0.0844,0.5228,Male,Single,High School,Government,Agricultural Loan,0,1,2,1,1,0
32,0,13.835393908819487,13253.24,159038.85,4,3841.5,106280.08,459705.25,526,405171.69,7.63,60,0.2899,2.5476,Female,Divorced,High School,Self-employed,Home Loan,1,0,0,1,3,4
60,4,25.845236615595358,17109.78,205317.31,2,3195.35,394122.48,646377.49,357,1123354.5,10.26,60,0.1868,5.4713,Male,Married,Post Graduate,Student,Vehicle Loan,1,1,1,3,4,6
37,0,12.43703975187305,115153.71,1381844.53,0,26613.99,2724615.52,8397247.83,776,154928.7,8.82,180,0.2311,0.1121,Male,Single,High School,Self-employed,Gold Loan,0,1,2,1,3,3
35,0,23.164449735749045,55016.52,660198.21,4,5387.85,259252.46,697204.07,675,1158786.06,10.27,180,0.0979,1.7552,Female,Married,PhD,Student,Home Loan,0,0,1,2,4,4
62,1,4.708281795637689,15955.82,191469.86,2,6125.97,221797.8,1101598.17,542,1174128.17,12.44,24,0.3839,6.1322,Female,Single,PhD,Business,Home Loan,1,0,2,2,0,4
35,4,12.29353181235656,74376.66,892519.86,1,11703.62,1030891.91,5007663.42,666,93256.55,8.11,36,0.1574,0.1045,Male,Single,Graduate,Salaried,Business Loan,0,1,2,0,2,1
35,1,4.649323449479015,23808.11,285697.3,3,4079.74,271525.66,409582.4,799,67180.22,7.86,12,0.1714,0.2351,Female,Divorced,PhD,Student,Education Loan,0,0,0,2,4,2
59,4,28.49036594823058,53346.86,640162.3,1,6725.81,1187933.37,5505980.27,551,321194.04,8.89,36,0.1261,0.5017,Female,Single,High School,Government,Agricultural Loan,1,0,2,1,1,0
33,4,5.332719130753625,52870.89,634450.67,4,11483.65,969799.08,1720106.78,621,937019.97,13.67,48,0.2172,1.4769,Female,Married,PhD,Business,Vehicle Loan,0,0,1,2,0,6
37,3,12.572182006513092,98616.55,1183398.65,2,22858.16,1832701.83,4174539.24,675,131165.91,12.23,120,0.2318,0.1108,Female,Married,Post Graduate,Self-employed,Education Loan,0,0,1,3,3,2
52,4,2.46782168879954,26301.0,315611.97,2,6965.38,189369.73,457068.83,708,86626.03,7.14,240,0.2648,0.2745,Male,Divorced,Post Graduate,Salaried,Vehicle Loan,0,1,0,3,2,6
29,1,27.641505659942453,23291.93,279503.2,2,11268.27,255963.32,549627.01,787,465791.54,9.81,60,0.4838,1.6665,Male,Single,PhD,Self-employed,Home Loan,0,1,2,2,3,4
60,1,18.714563023074028,10000.0,120000.0,3,4523.46,122107.45,538857.15,642,733958.27,8.8,12,0.4523,6.1163,Male,Single,Graduate,Self-employed,Agricultural Loan,1,1,2,0,3,0
40,2,28.87368787743142,33756.77,405081.18,2,10285.56,265833.75,616662.42,539,256748.79,11.47,24,0.3047,0.6338,Male,Divorced,Post Graduate,Student,Vehicle Loan,0,1,0,3,4,6
46,0,1.2681490566532838,56117.21,673406.57,0,1091.58,178498.13,761643.26,438,274096.84,10.22,24,0.0195,0.407,Female,Single,PhD,Business,Agricultural Loan,0,0,2,2,0,0
47,3,5.249355268625793,60911.93,730943.14,0,18646.98,237937.96,1184337.93,421,730402.17,13.75,240,0.3061,0.9993,Female,Single,PhD,Salaried,Agricultural Loan,0,0,2,2,2,0
41,0,11.401464799390887,76990.68,923888.14,0,3451.82,396920.51,1731782.5,719,220590.52,8.53,120,0.0448,0.2388,Male,Married,High School,Business,Education Loan,0,1,1,1,0,2
38,1,18.640797047869306,43212.43,518549.15,1,15347.85,245620.6,585699.93,860,234241.25,11.11,24,0.3552,0.4517,Male,Married,Graduate,Business,Agricultural Loan,0,1,1,0,0,0
33,3,9.88553019216054,49161.63,589939.53,4,9588.43,323091.28,1242289.06,603,552290.54,11.9,12,0.195,0.9362,Female,Married,Post Graduate,Student,Home Loan,0,0,1,3,4,4
36,4,21.35622061195172,37830.55,453966.6,1,15845.26,260107.0,815615.91,414,603920.81,12.78,60,0.4188,1.3303,Female,Married,High School,Self-employed,Business Loan,1,0,1,1,3,1
29,1,4.953886406449987,55518.57,666222.88,1,26163.94,637435.17,2642851.54,642,369852.42,9.85,12,0.4713,0.5551,Male,Single,Post Graduate,Business,Vehicle Loan,0,1,2,3,0,6
32,1,18.01909675734628,20732.43,248789.2,3,4323.86,263720.36,425219.95,550,1450744.08,11.81,240,0.2086,5.8312,Female,Single,PhD,Self-employed,Education Loan,1,0,2,2,3,2
64,1,11.938985331238195,15598.36,187180.33,1,3591.95,126412.57,449085.52,306,805983.4,9.12,36,0.2303,4.3059,Female,Married,Post Graduate,Business,Agricultural Loan,1,0,1,3,0,0
58,1,15.247229360955604,22087.28,265047.37,3,6517.38,483000.63,1977726.79,888,334118.06,10.05,24,0.2951,1.2606,Female,Single,Graduate,Salaried,Business Loan,0,0,2,0,2,1
39,3,17.08899183212653,41281.69,495380.23,0,4068.99,566476.11,2291353.56,478,157539.54,13.27,84,0.0986,0.318,Female,Divorced,Graduate,Government,Vehicle Loan,0,0,0,0,1,6
27,0,1.7968764078122013,16643.0,199716.04,0,7716.8,318080.57,1544081.44,444,977875.94,13.65,36,0.4637,4.8963,Male,Divorced,Graduate,Government,Business Loan,1,1,0,0,1,1
55,0,27.720727838305947,24836.1,298033.2,1,5377.01,552788.75,681945.36,715,1005686.28,12.03,60,0.2165,3.3744,Male,Single,High School,Government,Education Loan,0,1,2,1,1,2
38,4,23.582755054537813,25316.8,303801.58,1,2111.68,120308.15,286708.46,420,408717.29,9.62,180,0.0834,1.3453,Male,Single,Post Graduate,Student,Gold Loan,0,1,2,3,4,3
36,1,13.273673662191731,58051.9,696622.81,0,22139.02,629347.22,1829017.91,423,552111.69,12.74,24,0.3814,0.7926,Male,Married,Graduate,Student,Education Loan,1,1,1,0,4,2
59,1,16.42408495282261,53963.18,647558.18,2,5913.05,591643.65,1324722.15,449,775291.86,7.18,60,0.1096,1.1973,Female,Married,High School,Self-employed,Personal Loan,0,0,1,1,3,5
24,0,0.9760680908185526,37884.28,454611.42,0,2718.75,346749.62,776427.21,696,1595157.26,7.72,180,0.0718,3.5088,Female,Divorced,High School,Student,Agricultural Loan,0,0,0,1,4,0
45,4,14.93842000524103,47602.42,571229.07,2,13397.04,57353.06,97759.12,680,899691.85,11.63,12,0.2814,1.575,Female,Single,High School,Government,Vehicle Loan,0,0,2,1,1,6
52,2,12.789478238262289,48169.16,578029.92,0,16172.68,952177.06,4048471.76,300,631601.59,9.04,48,0.3357,1.0927,Male,Single,Post Graduate,Student,Personal Loan,0,1,2,3,4,5
60,3,11.234558007571472,29197.21,350366.46,4,8314.82,104113.27,482281.44,543,930800.05,13.66,60,0.2848,2.6566,Male,Married,Graduate,Government,Gold Loan,1,1,1,0,1,3
33,0,24.460564009129328,26225.84,314710.07,3,8608.77,626694.05,833070.32,697,1111142.1,10.05,36,0.3283,3.5307,Female,Single,Post Graduate,Business,Education Loan,0,0,2,3,0,2
37,3,5.45773123569095,91309.66,1095715.9,3,5274.23,1714616.9,2776986.07,550,549396.43,10.01,24,0.0578,0.5014,Female,Married,High School,Government,Business Loan,1,0,1,1,1,1
57,0,5.289307486020249,10000.0,120000.0,4,2380.09,143402.3,274445.05,875,921744.56,11.75,36,0.238,7.6812,Male,Married,Post Graduate,Government,Home Loan,0,1,1,3,1,4
26,4,15.65033478293371,23276.93,279323.15,2,4155.15,106048.47,321957.84,598,257545.82,12.37,60,0.1785,0.922,Male,Single,Graduate,Salaried,Home Loan,1,1,2,0,2,4
39,1,20.614314865498077,32135.95,385631.35,1,15640.06,413076.68,1720335.54,596,1012783.07,10.33,120,0.4867,2.6263,Male,Married,PhD,Salaried,Business Loan,1,1,1,2,2,1
33,2,0.6732158852599346,50816.22,609794.63,1,1260.85,355993.08,457743.76,799,259263.93,8.5,24,0.0248,0.4252,Female,Divorced,High School,Salaried,Education Loan,0,0,0,1,2,2
46,3,16.37521470734907,71775.89,861310.69,3,10705.17,488321.39,1732199.01,414,197468.64,12.41,120,0.1491,0.2293,Male,Married,Post Graduate,Salaried,Gold Loan,1,1,1,3,2,3
34,2,8.960973861861865,110640.22,1327682.65,1,52103.92,2221564.11,3548597.26,300,399083.46,9.24,84,0.4709,0.3006,Female,Divorced,Graduate,Government,Business Loan,1,0,0,0,1,1
51,1,22.706445540630085,34371.18,412454.11,2,16901.96,335284.7,1638143.45,852,151235.51,8.23,120,0.4917,0.3667,Male,Single,Graduate,Self-employed,Agricultural Loan,0,1,2,0,3,0
24,0,14.066157209298305,35780.51,429366.13,1,14757.7,406704.45,1868845.06,899,274525.31,11.42,120,0.4125,0.6394,Male,Single,Graduate,Salaried,Education Loan,0,1,2,0,2,2
59,4,25.022257951731234,45141.9,541702.74,0,1715.35,920361.49,4416199.44,781,598857.56,7.63,240,0.038,1.1055,Male,Single,Graduate,Student,Business Loan,0,1,2,0,4,1
28,1,11.90927926560889,26405.5,316865.95,4,7411.43,79723.06,113577.9,899,552572.19,13.8,120,0.2807,1.7439,Male,Single,High School,Student,Home Loan,0,1,2,1,4,4
45,2,24.812686463228964,17844.63,214135.5,3,3570.02,261891.48,773141.76,809,737961.44,11.43,84,0.2001,3.4462,Male,Single,High School,Student,Home Loan,0,1,2,1,4,4
33,2,21.49521252642529,34277.68,411332.17,1,13821.66,490135.21,814107.86,634,747136.0,13.9,180,0.4032,1.8164,Female,Married,PhD,Government,Home Loan,0,0,1,2,1,4
52,2,24.847721603715694,56796.12,681553.5,2,1562.58,612258.54,2082549.78,764,596818.43,9.37,120,0.0275,0.8757,Female,Single,Post Graduate,Business,Agricultural Loan,0,0,2,3,0,0
58,0,24.37261389649999,31390.04,376680.48,1,3093.94,630463.21,1217397.0,440,223838.75,13.8,84,0.0986,0.5942,Male,Single,Graduate,Business,Education Loan,1,1,2,0,0,2
58,2,14.590932554499677,46539.71,558476.54,4,11383.5,1055821.83,4310417.89,882,925987.41,8.02,48,0.2446,1.6581,Male,Single,Graduate,Salaried,Gold Loan,0,1,2,0,2,3
48,0,11.042742243564051,11833.73,142004.82,0,932.78,138486.94,495230.74,436,405268.82,7.28,120,0.0788,2.8539,Female,Divorced,High School,Student,Gold Loan,1,0,0,1,4,3
50,2,22.954345226402474,36718.75,440624.99,3,12717.82,421949.18,1386701.53,466,536175.63,7.23,180,0.3464,1.2169,Female,Married,PhD,Salaried,Agricultural Loan,1,0,1,2,2,0
23,3,10.845722303488179,28507.77,342093.27,3,11699.12,357700.3,1538436.3,642,480838.01,10.25,180,0.4104,1.4056,Female,Single,Post Graduate,Government,Gold Loan,0,0,2,3,1,3
48,3,2.6818971115817494,16897.58,202770.97,2,5952.34,297935.66,894132.35,709,1559195.67,7.58,48,0.3523,7.6894,Female,Single,Post Graduate,Student,Agricultural Loan,0,0,2,3,4,0
23,1,25.765339422206402,53869.92,646439.02,0,11859.02,881602.05,1833209.43,364,170092.89,10.59,240,0.2201,0.2631,Male,Married,High School,Salaried,Business Loan,1,1,1,1,2,1
54,1,11.915947105838695,109906.73,1318880.71,1,48270.36,673201.1,2344639.59,880,336213.29,9.29,36,0.4392,0.2549,Female,Divorced,High School,Self-employed,Agricultural Loan,0,0,0,1,3,0
36,4,3.9781185228920624,65773.7,789284.41,1,4528.06,162434.27,784273.36,366,676767.88,9.35,240,0.0688,0.8574,Female,Single,High School,Government,Home Loan,0,0,2,1,1,4
42,2,19.394304380698504,68339.92,820079.08,2,8895.76,1560394.87,5312578.83,732,450235.87,11.45,36,0.1302,0.549,Male,Divorced,PhD,Government,Vehicle Loan,0,1,0,2,1,6
52,2,26.69319743493918,55686.12,668233.45,0,13630.28,390059.25,1372414.82,349,300211.16,8.14,120,0.2448,0.4493,Female,Married,High School,Government,Business Loan,1,0,1,1,1,1
58,0,25.82896563008483,53523.22,642278.65,2,1641.52,839657.5,3979139.18,613,95374.89,12.37,48,0.0307,0.1485,Male,Single,PhD,Self-employed,Education Loan,0,1,2,2,3,2
28,1,16.633404621770147,12336.79,148041.44,4,590.23,247402.83,757324.89,608,351672.53,11.07,60,0.0478,2.3755,Female,Married,High School,Business,Agricultural Loan,0,0,1,1,0,0
28,3,2.6421335105188657,33631.87,403582.45,4,6683.38,265905.85,1325654.98,414,591217.72,13.4,36,0.1987,1.4649,Female,Single,High School,Business,Home Loan,1,0,2,1,0,4
26,0,20.898092455761265,49276.46,591317.58,1,23255.69,769450.45,1260858.57,868,683383.77,9.55,24,0.4719,1.1557,Female,Single,PhD,Self-employed,Gold Loan,0,0,2,2,3,3
34,3,18.26486100460745,49953.25,599439.01,4,22689.11,173922.51,547535.78,641,386752.65,13.88,180,0.4542,0.6452,Female,Single,Post Graduate,Business,Education Loan,0,0,2,3,0,2
52,0,6.304450168177017,77887.73,934652.76,2,18146.86,1815440.18,3361475.15,829,510109.85,11.03,120,0.233,0.5458,Male,Single,High School,Self-employed,Business Loan,0,1,2,1,3,1
55,1,27.016207689646617,19546.69,234560.32,3,1389.36,45693.14,128548.76,794,177231.7,13.81,120,0.0711,0.7556,Female,Married,High School,Salaried,Gold Loan,0,0,1,1,2,3
30,2,2.6000321170720317,52279.68,627356.11,4,4655.71,579155.16,974310.21,568,604116.52,7.19,180,0.0891,0.963,Female,Single,PhD,Self-employed,Personal Loan,1,0,2,2,3,5
23,2,11.19114775664315,19167.58,230010.92,2,3618.32,255826.62,483541.76,379,445766.54,12.1,12,0.1888,1.938,Male,Divorced,Post Graduate,Business,Home Loan,1,1,0,3,0,4
32,1,2.8359915937996982,31983.65,383803.85,3,3359.47,613481.06,1130768.41,755,504926.16,12.72,180,0.105,1.3156,Male,Single,Post Graduate,Self-employed,Agricultural Loan,0,1,2,3,3,0
51,3,27.358345698850577,34990.16,419881.94,3,1451.66,132471.21,302050.96,598,371180.86,7.37,60,0.0415,0.884,Female,Married,PhD,Self-employed,Gold Loan,1,0,1,2,3,3
49,4,1.0615238732841592,60933.75,731205.04,4,20527.9,678715.7,1044149.9,501,524530.26,11.05,180,0.3369,0.7174,Female,Divorced,Graduate,Student,Personal Loan,1,0,0,0,4,5
25,4,12.772943304718803,56781.85,681382.21,0,16507.87,448199.94,1899188.4,802,735046.86,12.61,240,0.2907,1.0788,Male,Single,Graduate,Self-employed,Gold Loan,0,1,2,0,3,3
45,1,25.853360600211836,39034.39,468412.69,4,5685.3,319154.8,600873.5,784,542729.7,10.93,24,0.1456,1.1587,Female,Married,Post Graduate,Business,Home Loan,0,0,1,3,0,4
61,0,7.541470173066742,10000.0,120000.0,4,3894.74,189121.22,504249.37,884,102918.46,7.45,36,0.3895,0.8577,Female,Married,High School,Government,Vehicle Loan,0,0,1,1,1,6
51,2,3.1503681168538558,47424.78,569097.41,0,18399.6,53381.42,56810.03,859,551795.26,11.85,84,0.388,0.9696,Male,Single,Post Graduate,Salaried,Gold Loan,0,1,2,3,2,3
41,3,3.8101299474511063,30927.29,371127.43,4,7592.68,563771.14,800287.89,317,324391.45,7.42,240,0.2455,0.8741,Male,Divorced,High School,Self-employed,Gold Loan,1,1,0,1,3,3
40,4,12.148052826304482,83707.47,1004489.68,2,4040.25,1643944.78,7537630.83,777,251059.3,12.72,180,0.0483,0.2499,Female,Married,High School,Business,Business Loan,0,0,1,1,0,1
59,2,12.85745577879339,72554.71,870656.48,0,33319.64,1576710.38,6856547.13,787,1301904.02,7.3,84,0.4592,1.4953,Female,Married,High School,Business,Personal Loan,0,0,1,1,0,5
42,1,21.54230812078789,20685.46,248225.5,2,6915.77,318934.23,1391730.03,745,209816.35,7.96,60,0.3343,0.8453,Male,Divorced,Post Graduate,Student,Home Loan,0,1,0,3,4,4
24,2,7.1378599219451475,51498.32,617979.89,3,6361.35,446463.31,1181080.13,639,229637.28,8.93,36,0.1235,0.3716,Female,Single,High School,Business,Gold Loan,0,0,2,1,0,3
33,4,21.05519038783433,52111.78,625341.4,0,15905.94,564182.95,883580.0,830,73635.93,11.43,48,0.3052,0.1178,Male,Single,Post Graduate,Government,Business Loan,0,1,2,3,1,1
62,3,29.969279371577098,49886.72,598640.66,3,10102.6,1162556.66,1664290.64,415,1400600.87,13.83,120,0.2025,2.3396,Male,Single,High School,Business,Business Loan,1,1,2,1,0,1
40,0,25.927526187938636,46154.45,553853.39,1,14662.11,981580.38,3359371.4,373,902493.14,7.82,120,0.3177,1.6295,Male,Single,High School,Government,Education Loan,1,1,2,1,1,2
33,0,19.067230220933286,53002.41,636028.98,1,12558.15,618066.24,2665579.41,568,339156.55,8.0,36,0.2369,0.5332,Female,Divorced,Post Graduate,Salaried,Agricultural Loan,0,0,0,3,2,0
37,2,28.197375031592998,89401.39,1072816.66,2,21700.94,2028557.65,9332294.15,415,722331.78,9.58,48,0.2427,0.6733,Male,Married,Post Graduate,Self-employed,Business Loan,0,1,1,3,3,1
56,0,29.733275173714205,26086.46,313037.56,3,9598.28,519850.05,1120238.7,463,74573.27,12.85,36,0.3679,0.2382,Male,Single,PhD,Salaried,Home Loan,1,1,2,2,2,4
53,4,17.108216740833132,21089.16,253069.87,3,6471.48,458163.31,1046493.69,882,647082.2,10.27,24,0.3069,2.5569,Female,Married,High School,Self-employed,Personal Loan,0,0,1,1,3,5
21,3,8.208903771796939,58083.05,696996.54,0,2321.95,970479.19,1362073.98,521,222870.39,9.25,84,0.04,0.3198,Male,Married,PhD,Salaried,Personal Loan,1,1,1,2,2,5
35,0,27.449497787942168,11730.91,140770.95,1,383.45,243135.4,996281.14,425,1687910.61,10.93,120,0.0327,11.9905,Male,Divorced,High School,Government,Agricultural Loan,1,1,0,1,1,0
33,0,25.325843267628542,53766.95,645203.45,2,8199.71,1156560.58,2431970.58,475,593643.3,8.82,48,0.1525,0.9201,Male,Married,PhD,Self-employed,Personal Loan,0,1,1,2,3,5
37,1,2.5383378451165797,48347.19,580166.28,2,10400.59,150668.29,440511.56,674,491297.64,9.81,60,0.2151,0.8468,Male,Single,PhD,Self-employed,Home Loan,0,1,2,2,3,4
44,0,28.091241053467012,10000.0,120000.0,0,1376.11,231999.9,1094016.25,797,229449.01,9.33,180,0.1376,1.9121,Male,Married,Graduate,Salaried,Business Loan,0,1,1,0,2,1
28,0,10.986595116155954,24790.06,297480.71,0,8074.86,215006.69,861932.36,384,230599.92,12.63,240,0.3257,0.7752,Female,Single,Post Graduate,Student,Home Loan,1,0,2,3,4,4
47,4,9.66257726536498,93487.66,1121851.91,2,9120.09,1039366.69,1258622.74,682,710726.4,13.47,120,0.0976,0.6335,Male,Single,Graduate,Student,Gold Loan,0,1,2,0,4,3
43,0,10.298080714924115,15149.06,181788.78,0,5333.54,291070.9,300565.16,762,227736.76,12.32,12,0.3521,1.2528,Male,Single,PhD,Salaried,Personal Loan,0,1,2,2,2,5
28,1,9.600549449157743,41256.13,495073.55,3,15948.6,672170.23,2789258.9,750,220685.55,10.07,36,0.3866,0.4458,Female,Married,Graduate,Business,Business Loan,0,0,1,0,0,1
28,1,15.480755385335826,19871.8,238461.58,2,1235.22,428046.04,1374028.2,817,1363639.61,10.53,60,0.0622,5.7185,Female,Divorced,Graduate,Salaried,Personal Loan,0,0,0,0,2,5
46,1,17.393211653145375,23733.25,284798.98,4,7722.87,242392.32,940806.44,849,556843.8,7.88,36,0.3254,1.9552,Male,Married,Post Graduate,Government,Business Loan,0,1,1,3,1,1
33,0,12.769063122733765,114667.43,1376009.14,1,55122.7,1099159.29,1788619.36,415,184065.87,12.23,12,0.4807,0.1338,Male,Divorced,PhD,Government,Business Loan,1,1,0,2,1,1
59,2,12.377368716015106,39107.39,469288.62,1,3770.42,67610.55,303449.09,307,687898.96,11.18,24,0.0964,1.4658,Male,Divorced,High School,Business,Home Loan,1,1,0,1,0,4
57,2,22.119413838765965,49521.91,594262.88,4,22515.21,576567.9,2360065.32,517,353893.71,13.32,180,0.4547,0.5955,Female,Divorced,High School,Student,Home Loan,1,0,0,1,4,4
48,4,0.09082614833769376,33945.83,407349.94,4,10286.4,599267.02,2734668.54,889,107725.54,8.4,120,0.303,0.2645,Female,Married,PhD,Government,Education Loan,0,0,1,2,1,2
45,2,28.40659384662891,14631.32,175575.89,3,4323.15,115984.12,274231.05,703,296793.89,12.32,36,0.2955,1.6904,Male,Divorced,Post Graduate,Government,Personal Loan,0,1,0,3,1,5
36,4,21.433009684085892,17837.28,214047.39,2,463.08,207674.31,436701.85,866,191211.41,11.79,48,0.026,0.8933,Female,Divorced,Graduate,Self-employed,Business Loan,0,0,0,0,3,1
22,4,21.21757585750253,73648.44,883781.24,0,27555.57,445289.4,715547.0,603,542868.31,8.86,36,0.3742,0.6143,Female,Divorced,Post Graduate,Self-employed,Home Loan,0,0,0,3,3,4
38,1,12.658900986257557,39804.5,477654.02,1,9518.71,747294.47,3527494.46,766,261851.91,11.67,48,0.2391,0.5482,Male,Single,High School,Business,Home Loan,0,1,2,1,0,4
37,3,28.973604649148466,22875.62,274507.44,4,8248.66,54713.13,93412.64,387,475785.21,13.47,180,0.3606,1.7332,Female,Divorced,Post Graduate,Government,Gold Loan,1,0,0,3,1,3
50,4,0.009696950424418205,35838.17,430058.09,2,14499.79,617269.91,911873.66,309,753894.52,13.43,240,0.4046,1.753,Male,Single,Graduate,Salaried,Personal Loan,1,1,2,0,2,5
59,0,2.2944423034808348,54011.85,648142.22,0,14145.61,524758.64,929196.86,607,2924890.92,12.04,120,0.2619,4.5127,Female,Divorced,Post Graduate,Student,Agricultural Loan,0,0,0,3,4,0
33,1,24.121929094256956,47700.32,572403.8,1,6287.96,93335.67,381325.38,733,2156335.77,7.34,240,0.1318,3.7672,Male,Married,High School,Business,Education Loan,0,1,1,1,0,2
52,0,22.161026434041588,22882.47,274589.66,2,1619.76,472060.83,2151708.47,463,528923.74,13.11,240,0.0708,1.9262,Female,Single,High School,Salaried,Home Loan,1,0,2,1,2,4
49,0,8.140664884931068,14112.53,169350.31,1,1132.55,172421.23,731696.03,538,424181.49,11.6,120,0.0803,2.5048,Female,Divorced,PhD,Salaried,Agricultural Loan,1,0,0,2,2,0
50,2,17.842796403860557,28446.26,341355.15,3,12330.53,420559.12,1368059.55,616,274835.12,9.17,120,0.4335,0.8051,Female,Married,PhD,Business,Gold Loan,0,0,1,2,0,3
38,0,15.961585535542852,70645.46,847745.57,1,4365.12,1260082.36,6269586.43,634,118838.61,8.31,180,0.0618,0.1402,Female,Single,PhD,Business,Business Loan,0,0,2,2,0,1
33,4,15.813442324607765,60634.92,727618.99,3,11662.95,974203.73,1242515.28,317,71036.49,7.81,36,0.1923,0.0976,Male,Married,High School,Government,Gold Loan,1,1,1,1,1,3
63,0,17.866839131601267,46455.12,557461.44,3,7764.38,827352.12,3697243.61,370,225446.19,7.35,180,0.1671,0.4044,Male,Divorced,Graduate,Student,Agricultural Loan,1,1,0,0,4,0
41,0,29.81205891038074,32776.65,393319.84,3,14183.37,607432.63,1646662.06,474,1639588.5,12.28,12,0.4327,4.1686,Male,Divorced,High School,Government,Vehicle Loan,1,1,0,1,1,6
50,2,29.62034829593586,26634.21,319610.58,0,6361.5,387540.75,1093054.57,638,1595149.55,8.65,84,0.2388,4.9909,Female,Divorced,High School,Salaried,Business Loan,0,0,0,1,2,1
41,0,29.4504508270489,33143.54,397722.42,0,16512.88,311869.73,471041.67,547,468510.89,7.17,24,0.4982,1.178,Male,Divorced,Post Graduate,Government,Business Loan,1,1,0,3,1,1
37,4,16.460531728411112,58050.17,696602.1,3,21393.08,382682.39,433859.24,492,641890.45,9.78,120,0.3685,0.9215,Female,Single,PhD,Government,Business Loan,1,0,2,2,1,1
60,4,9.54281678707005,66576.99,798923.93,2,28325.97,1449166.42,3284554.97,718,272726.94,10.38,36,0.4255,0.3414,Male,Single,Post Graduate,Student,Personal Loan,0,1,2,3,4,5
39,0,16.803301153074393,31036.77,372441.25,3,1531.23,723413.48,1229379.1,624,431869.89,8.18,60,0.0493,1.1596,Male,Single,Graduate,Self-employed,Gold Loan,0,1,2,0,3,3
35,4,18.68065480040123,166331.62,1995979.44,2,21049.45,1534616.01,4501573.57,605,237770.52,7.31,24,0.1266,0.1191,Female,Divorced,Graduate,Student,Education Loan,0,0,0,0,4,2
29,4,9.343142062083027,38385.78,460629.32,1,2599.6,137541.87,218598.34,503,237429.01,8.32,12,0.0677,0.5154,Male,Divorced,Post Graduate,Government,Personal Loan,0,1,0,3,1,5
30,2,18.983277449062168,29490.6,353887.16,0,6836.24,180434.04,279981.48,422,722180.43,11.75,60,0.2318,2.0407,Male,Married,High School,Self-employed,Education Loan,0,1,1,1,3,2
64,1,18.659828206180944,88027.25,1056326.96,2,31614.43,1445878.24,6517897.56,869,272601.18,7.58,240,0.3591,0.2581,Female,Married,Post Graduate,Salaried,Business Loan,0,0,1,3,2,1
51,1,27.104142369948846,10689.55,128274.62,2,903.61,53206.9,249283.83,746,655879.7,10.89,240,0.0845,5.1131,Male,Single,Post Graduate,Student,Gold Loan,0,1,2,3,4,3
43,3,7.128109135362148,48437.05,581244.55,2,3152.49,917533.87,4456338.0,790,393268.1,8.02,120,0.0651,0.6766,Male,Divorced,High School,Business,Personal Loan,0,1,0,1,0,5
50,1,20.928294773803042,34763.42,417161.04,4,10682.95,772780.24,2876295.61,732,1375458.62,8.37,240,0.3073,3.2972,Female,Divorced,PhD,Salaried,Gold Loan,0,0,0,2,2,3
53,0,13.522841192824027,86587.49,1039049.84,0,9971.1,2005711.24,8191457.1,427,688226.34,9.75,48,0.1152,0.6624,Male,Married,PhD,Self-employed,Gold Loan,1,1,1,2,3,3
29,4,3.8974702406532935,52206.07,626472.82,4,12511.84,63403.57,275370.53,847,537917.8,7.71,36,0.2397,0.8586,Female,Single,PhD,Salaried,Gold Loan,0,0,2,2,2,3
21,1,9.485480199401323,39476.52,473718.22,1,1008.97,909442.1,3306447.94,346,140890.89,8.21,48,0.0256,0.2974,Female,Divorced,Post Graduate,Business,Business Loan,1,0,0,3,0,1
64,2,1.7183110334108709,54045.43,648545.17,2,18392.01,974140.33,2260952.84,804,298818.73,9.44,120,0.3403,0.4608,Male,Married,Post Graduate,Business,Home Loan,0,1,1,3,0,4
55,3,9.579984955569978,19276.67,231319.99,0,5217.39,56541.45,91910.85,414,424969.44,9.31,180,0.2707,1.8371,Male,Single,High School,Student,Business Loan,1,1,2,1,4,1
31,0,2.070409418294492,64866.84,778402.13,0,20998.14,684379.64,1333919.72,715,462151.92,12.24,24,0.3237,0.5937,Female,Single,PhD,Student,Home Loan,0,0,2,2,4,4
54,1,27.763351676933947,16207.81,194493.73,0,2231.87,277170.51,1208922.5,522,752068.75,7.52,60,0.1377,3.8668,Male,Single,High School,Government,Agricultural Loan,1,1,2,1,1,0
36,4,3.0523787003921123,45030.64,540367.68,2,6272.84,1035874.32,3920151.34,802,521683.37,13.02,60,0.1393,0.9654,Male,Married,Graduate,Government,Education Loan,0,1,1,0,1,2
29,2,24.52024081390753,37099.86,445198.38,3,14865.18,177161.21,500158.51,395,193574.47,12.71,240,0.4007,0.4348,Female,Divorced,Graduate,Salaried,Agricultural Loan,1,0,0,0,2,0
52,1,27.183792311085398,12609.01,151308.17,3,4530.18,49652.6,55492.76,406,710476.68,12.36,36,0.3593,4.6956,Male,Married,Post Graduate,Business,Agricultural Loan,1,1,1,3,0,0
35,4,14.030116739844981,37849.2,454190.45,3,10971.13,449042.29,927190.36,331,305891.68,9.17,84,0.2899,0.6735,Female,Divorced,Graduate,Salaried,Agricultural Loan,1,0,0,0,2,0
32,1,1.6177864800465536,43010.18,516122.13,4,13508.28,1000686.6,3918278.4,792,263543.79,12.76,60,0.3141,0.5106,Female,Divorced,High School,Self-employed,Home Loan,0,0,0,1,3,4
53,0,17.87357050277307,24515.83,294189.99,2,1152.79,572241.75,1745079.21,365,183107.66,8.28,24,0.047,0.6224,Female,Divorced,High School,Self-employed,Education Loan,1,0,0,1,3,2
34,3,7.043051512693461,19782.38,237388.53,1,8468.55,123482.37,338604.72,478,334013.71,7.87,24,0.4281,1.407,Female,Single,Graduate,Government,Home Loan,1,0,2,0,1,4
28,4,5.299752110158825,48791.26,585495.1,4,18782.37,407162.29,918035.98,742,283291.58,7.31,48,0.385,0.4838,Female,Divorced,High School,Salaried,Business Loan,0,0,0,1,2,1
28,3,17.00291669552055,45133.9,541606.85,0,13325.59,987743.56,3385715.6,848,1119724.32,13.58,48,0.2952,2.0674,Female,Single,High School,Self-employed,Gold Loan,0,0,2,1,3,3
47,3,10.691471845135405,41609.82,499317.83,3,19111.29,744872.11,3624206.21,500,357178.81,9.16,120,0.4593,0.7153,Male,Married,Post Graduate,Government,Agricultural Loan,1,1,1,3,1,0
32,2,21.91135730539446,36508.67,438104.05,0,3078.37,852962.22,3927459.9,348,677204.96,13.42,12,0.0843,1.5458,Male,Divorced,High School,Salaried,Agricultural Loan,1,1,0,1,2,0
21,4,17.737531659862963,25849.9,310198.86,4,8875.01,556869.3,624802.77,562,104590.64,8.91,84,0.3433,0.3372,Female,Married,Post Graduate,Business,Home Loan,1,0,1,3,0,4
63,2,24.880238211641853,141961.17,1703534.08,3,68353.01,844272.79,2468497.69,432,802546.88,13.35,240,0.4815,0.4711,Male,Married,High School,Self-employed,Vehicle Loan,1,1,1,1,3,6
60,3,1.751575910100559,30363.65,364363.82,2,4706.5,560929.53,1300165.76,643,739039.61,13.33,24,0.155,2.0283,Male,Divorced,Post Graduate,Self-employed,Business Loan,0,1,0,3,3,1
62,0,7.047571341754903,21610.44,259325.32,3,165.24,45749.32,139188.57,475,138056.42,13.47,60,0.0076,0.5324,Female,Divorced,Graduate,Business,Gold Loan,1,0,0,0,0,3
31,0,17.009690520774235,37521.01,450252.14,3,13786.49,743297.02,2545684.32,690,220251.64,10.47,48,0.3674,0.4892,Female,Single,Post Graduate,Government,Vehicle Loan,0,0,2,3,1,6
59,1,26.412846973363955,32579.4,390952.76,3,113.71,483341.6,870069.14,310,260303.78,13.06,48,0.0035,0.6658,Female,Divorced,High School,Self-employed,Gold Loan,1,0,0,1,3,3
63,1,24.402950184396524,29944.24,359330.9,4,13063.68,688427.76,2840640.38,500,376187.86,13.66,180,0.4363,1.0469,Male,Single,PhD,Business,Business Loan,1,1,2,2,0,1
51,4,20.38594016806885,111811.05,1341732.58,3,3147.55,2580682.45,7484681.58,302,251720.03,9.27,84,0.0282,0.1876,Male,Single,PhD,Government,Business Loan,1,1,2,2,1,1
37,0,17.22216106123685,18437.67,221252.08,4,6017.73,39986.66,198654.68,513,363680.4,9.93,120,0.3264,1.6437,Male,Divorced,Post Graduate,Student,Home Loan,1,1,0,3,4,4
53,3,18.9437771100734,37140.46,445685.53,0,7004.4,174262.83,191777.9,606,746276.03,12.03,240,0.1886,1.6744,Female,Divorced,Post Graduate,Government,Personal Loan,0,0,0,3,1,5
52,0,6.408232563475234,19194.83,230337.94,2,1951.54,232963.07,409753.32,843,283074.65,9.1,36,0.1017,1.229,Male,Divorced,Post Graduate,Self-employed,Education Loan,0,1,0,3,3,2
49,4,17.855795625576224,26249.05,314988.62,3,11789.22,557224.08,2094337.41,859,561180.35,12.28,24,0.4491,1.7816,Female,Single,Graduate,Government,Gold Loan,0,0,2,0,1,3
41,1,14.81284767835516,102916.12,1234993.44,4,38400.36,2030765.41,7677753.34,626,509115.8,7.52,36,0.3731,0.4122,Female,Single,High School,Self-employed,Personal Loan,0,0,2,1,3,5
41,1,11.533034431097196,42996.2,515954.41,3,7318.83,996673.88,3317681.08,498,50000.0,10.66,180,0.1702,0.0969,Male,Single,Post Graduate,Government,Personal Loan,1,1,2,3,1,5
